Workbook

Sheet 日別報廢率總表 
A1: 新豐廠半成品管理日別總表 | M1: 分析原因 (細項說明參照當日分頁) | V1: 半成品品項數
A2: 日期 | B2: 營業額 | C2: 報廢額 | D2: 報廢率 KPI 0.25% | E2: 超用額 | F2: 超用率 | G2: 廢棄前10名 | I2: 超用前10名 | K2: 共用類廢棄
G3: 金額總計 | H3: 構成比 | I3: 金額總計 | J3: 構成比 | K3: 金額總計 | L3: 構成比 KPI 15%
A4: 45901 | B4: ='0901分析標準表 '!$C$3:$C$3 -> 6002768.9 | C4: ='0901分析標準表 '!$D$5 -> 14638.26 | D4: =C4/B4 -> 0.0024385846 | E4: ='0901分析標準表 '!$F$5 -> 47054.64 | F4: =E4/B4 -> 0.0078388225 | G4: ='0901分析標準表 '!$H$5 -> 4785.13 | H4: =G4/C4 -> 0.32689199 | I4: ='0901分析標準表 '!$J$5 -> 15850.84 | J4: =I4/E4 -> 0.3368603 | K4: ='0901分析標準表 '!$L$5 -> 6583.92 | L4: =K4/C4 -> 0.44977477 | M4: 1.4i抓樣不穩 2.4i原物料規格 3.2i其他原因 | V4: 165
A5: =A4+1 -> 45902 | B5: ='0902分析標準表 '!$C$3:$C$3 -> 6639488.4 | C5: ='0902分析標準表 '!$D$5 -> 16262.18 | D5: =C5/B5 -> 0.0024493122 | E5: ='0902分析標準表 '!$F$5 -> 51882.13 | F5: =E5/B5 -> 0.0078141759 | G5: ='0902分析標準表 '!$H$5 -> 5042.42 | H5: =G5/C5 -> 0.31007036 | I5: ='0902分析標準表 '!$J$5 -> 18567.52 | J5: =I5/E5 -> 0.35787891 | K5: ='0902分析標準表 '!$L$5 -> 7506.82 | L5: =K5/C5 -> 0.46161216 | M5: 1.4i原物料規格 2.3i抓樣不穩 3.2i其他原因 4.1i研發設定 | V5: 178
A6: =A5+1 -> 45903 | B6: ='0903分析標準表 '!$C$3:$C$3 -> 6228436.4 | C6: ='0903分析標準表 '!$D$5 -> 15219.38 | D6: =C6/B6 -> 0.0024435314 | E6: ='0903分析標準表 '!$F$5 -> 47136.37 | F6: =E6/B6 -> 0.0075679299 | G6: ='0903分析標準表 '!$H$5 -> 5276.32 | H6: =G6/C6 -> 0.34668429 | I6: ='0903分析標準表 '!$J$5 -> 19380.36 | J6: =I6/E6 -> 0.41115512 | K6: ='0903分析標準表 '!$L$5 -> 5632.29 | L6: =K6/C6 -> 0.37007355 | M6: 1.5i抓樣不穩 2.2i其他原因 3.2i原物料規格 4.1i研發設定 | V6: 178
A7: =A6+1 -> 45904 | B7: ='0904分析標準表 '!$C$3:$C$3 -> 5632441.8 | C7: ='0904分析標準表 '!$D$5 -> 13697.77 | D7: =C7/B7 -> 0.0024319417 | E7: ='0904分析標準表 '!$F$5 -> 43770.74 | F7: =E7/B7 -> 0.0077711837 | G7: ='0904分析標準表 '!$H$5 -> 4621.44 | H7: =G7/C7 -> 0.3373863 | I7: ='0904分析標準表 '!$J$5 -> 20127.53 | J7: =I7/E7 -> 0.45983984 | K7: ='0904分析標準表 '!$L$5 -> 6577.66 | L7: =K7/C7 -> 0.48019933 | M7: 1.6i抓樣不穩 2.3i原物料規格 3.1i其他原因 | V7: 174
A8: =A7+1 -> 45905 | B8: ='0905分析標準表 '!$C$3:$C$3 -> 4472239 | C8: ='0905分析標準表 '!$D$5 -> 10742.35 | D8: =C8/B8 -> 0.0024020072 | E8: ='0905分析標準表 '!$F$5 -> 34687.8 | F8: =E8/B8 -> 0.0077562492 | G8: ='0905分析標準表 '!$H$5 -> 3585.64 | H8: =G8/C8 -> 0.33378544 | I8: ='0905分析標準表 '!$J$5 -> 15067.87 | J8: =I8/E8 -> 0.43438529 | K8: ='0905分析標準表 '!$L$5 -> 4360.66 | L8: =K8/C8 -> 0.40593166 | M8: 1.5i抓樣不穩 2.4i原物料規格 3.1i其他原因 | V8: 174
A9: =A8+1 -> 45906 | B9: ='0906分析標準表 '!$C$3:$C$3 -> 4788156 | C9: ='0906分析標準表 '!$D$5 -> 11490.16 | D9: =C9/B9 -> 0.0023997046 | E9: ='0906分析標準表 '!$F$5 -> 37827.68 | F9: =E9/B9 -> 0.0079002605 | G9: ='0906分析標準表 '!$H$5 -> 3417.04 | H9: =G9/C9 -> 0.29738837 | I9: ='0906分析標準表 '!$J$5 -> 14348.1 | J9: =I9/E9 -> 0.37930161 | K9: ='0906分析標準表 '!$L$5 -> 4562.06 | L9: =K9/C9 -> 0.3970406 | M9: 1.5i抓樣不穩 2.4i原物料規格 3.1i其他原因 | V9: 174
A10: =A9+1 -> 45907 | B10: ='0907分析標準表 '!$C$3:$C$3 -> 6259452.2 | C10: ='0907分析標準表 '!$D$5 -> 15270.67 | D10: =C10/B10 -> 0.0024396176 | E10: ='0907分析標準表 '!$F$5 -> 48749.27 | F10: =E10/B10 -> 0.0077881048 | G10: ='0907分析標準表 '!$H$5 -> 4584.76 | H10: =G10/C10 -> 0.30023306 | I10: ='0907分析標準表 '!$J$5 -> 21761.21 | J10: =I10/E10 -> 0.44639048 | K10: ='0907分析標準表 '!$L$5 -> 4706.26 | L10: =K10/C10 -> 0.30818949 | M10: 1.5i抓樣不穩 2.3i原物料規格 3.2i其他原因 | V10: 174
A11: =A10+1 -> 45908 | B11: ='0908分析標準表 '!$C$3:$C$3 -> 6172069 | C11: ='0908分析標準表 '!$D$5 -> 15101.96 | D11: =C11/B11 -> 0.0024468229 | E11: ='0908分析標準表 '!$F$5 -> 48706.27 | F11: =E11/B11 -> 0.0078914008 | G11: ='0908分析標準表 '!$H$5 -> 5091.89 | H11: =G11/C11 -> 0.33716749 | I11: ='0908分析標準表 '!$J$5 -> 22167.92 | J11: =I11/E11 -> 0.45513483 | K11: ='0908分析標準表 '!$L$5 -> 6595.14 | L11: =K11/C11 -> 0.43670755 | M11: 1.4i原物料規格 2.3i其他原因 3.3i抓樣不穩 | V11: 174
A12: =A11+1 -> 45909 | B12: ='0909分析標準表 '!$C$3:$C$3 -> 5945144.5 | C12: ='0909分析標準表 '!$D$5 -> 14548.48 | D12: =C12/B12 -> 0.0024471197 | E12: ='0909分析標準表 '!$F$5 -> 46684.9 | F12: =E12/B12 -> 0.0078526099 | G12: ='0909分析標準表 '!$H$5 -> 4516.72 | H12: =G12/C12 -> 0.31045992 | I12: ='0909分析標準表 '!$J$5 -> 18353.61 | J12: =I12/E12 -> 0.39313804 | K12: ='0909分析標準表 '!$L$5 -> 5807.1 | L12: =K12/C12 -> 0.3991551 | M12: 1.5i抓樣不穩 2.4i原物料規格 3.1i其他原因 | V12: 174
A13: =A12+1 -> 45910 | B13: ='0910分析標準表 '!$C$3:$C$3 -> 5803938.3 | C13: ='0910分析標準表 '!$D$5 -> 14217.51 | D13: =C13/B13 -> 0.0024496315 | E13: ='0910分析標準表 '!$F$5 -> 46279.45 | F13: =E13/B13 -> 0.0079738011 | G13: ='0910分析標準表 '!$H$5 -> 4922.48 | H13: =G13/C13 -> 0.34622659 | I13: ='0910分析標準表 '!$J$5 -> 22167.92 | J13: =I13/E13 -> 0.47900137 | K13: ='0910分析標準表 '!$L$5 -> 6156.2 | L13: =K13/C13 -> 0.43300128 | M13: 1.4i抓樣不穩 2.3i其他原因 3.2i原物料規格 4.1i研發設定 | V13: 174
A14: =A13+1 -> 45911 | B14: ='0911分析標準表 '!$C$3:$C$3 -> 5409403.6 | C14: ='0911分析標準表 '!$D$5 -> 13174.85 | D14: =C14/B14 -> 0.0024355458 | E14: ='0911分析標準表 '!$F$5 -> 43256.48 | F14: =E14/B14 -> 0.007996534 | G14: ='0911分析標準表 '!$H$5 -> 4031.68 | H14: =G14/C14 -> 0.30601335 | I14: ='0911分析標準表 '!$J$5 -> 18960.46 | J14: =I14/E14 -> 0.43832647 | K14: ='0911分析標準表 '!$L$5 -> 5740.05 | L14: =K14/C14 -> 0.43568238 | M14: 1.6i抓樣不穩 2.3i原物料規格 3.1i其他原因 | V14: 174
A15: =A14+1 -> 45912 | B15: ='0912分析標準表 '!$C$3:$C$3 -> 4572249 | C15: ='0912分析標準表 '!$D$5 -> 11169.54 | D15: =C15/B15 -> 0.0024428985 | E15: ='0912分析標準表 '!$F$5 -> 34705.8 | F15: =E15/B15 -> 0.0075905316 | G15: ='0912分析標準表 '!$H$5 -> 3939.91 | H15: =G15/C15 -> 0.352737 | I15: ='0912分析標準表 '!$J$5 -> 11846.59 | J15: =I15/E15 -> 0.34134323 | K15: ='0912分析標準表 '!$L$5 -> 4417.42 | L15: =K15/C15 -> 0.39548809 | M15: 1.5i抓樣不穩 2.3i原物料規格 3.2i其他原因 | V15: 168
A16: =A15+1 -> 45913 | B16: ='0913分析標準表 '!$C$3:$C$3 -> 4851151.9 | C16: ='0913分析標準表 '!$D$5 -> 11694.87 | D16: =C16/B16 -> 0.0024107409 | E16: ='0913分析標準表 '!$F$5 -> 38597.41 | F16: =E16/B16 -> 0.0079563392 | G16: ='0913分析標準表 '!$H$5 -> 5542.9 | H16: =G16/C16 -> 0.47395995 | I16: ='0913分析標準表 '!$J$5 -> 13624.79 | J16: =I16/E16 -> 0.35299752 | K16: ='0913分析標準表 '!$L$5 -> 3831.69 | L16: =K16/C16 -> 0.32763853 | M16: 1.6i抓樣不穩 2.2i其他原因 3.2i原物料規格 | V16: 168
A17: =A16+1 -> 45914 | B17: ='0914分析標準表 '!$C$3:$C$3 -> 6253868.8 | C17: ='0914分析標準表 '!$D$5 -> 15093.1 | D17: =C17/B17 -> 0.0024134021 | E17: ='0914分析標準表 '!$F$5 -> 47716.81 | F17: =E17/B17 -> 0.0076299666 | G17: ='0914分析標準表 '!$H$5 -> 5946.23 | H17: =G17/C17 -> 0.39397009 | I17: ='0914分析標準表 '!$J$5 -> 24315.37 | J17: =I17/E17 -> 0.5095766 | K17: ='0914分析標準表 '!$L$5 -> 5278 | L17: =K17/C17 -> 0.34969622 | M17: 1.7i抓樣不穩 2.2i原物料規格 3.1i其他原因 | V17: 163
A18: =A17+1 -> 45915 | B18: ='0915分析標準表 '!$C$3:$C$3 -> 6231365.4 | C18: ='0915分析標準表 '!$D$5 -> 15102.44 | D18: =C18/B18 -> 0.0024236165 | E18: ='0915分析標準表 '!$F$5 -> 47950.77 | F18: =E18/B18 -> 0.0076950663 | G18: ='0915分析標準表 '!$H$5 -> 5807.32 | H18: =G18/C18 -> 0.38452859 | I18: ='0915分析標準表 '!$J$5 -> 26383.56 | J18: =I18/E18 -> 0.55022182 | K18: ='0915分析標準表 '!$L$5 -> 6462.99 | L18: =K18/C18 -> 0.42794343 | M18: 1.5i抓樣不穩 2.2i其他原因 3.2i原物料規格 4.1i研發設定 | V18: 163
A19: =A18+1 -> 45916 | B19: ='0916分析標準表 '!$C$3:$C$3 -> 6265697.1 | C19: ='0916分析標準表 '!$D$5 -> 15335.71 | D19: =C19/B19 -> 0.0024475665 | E19: ='0916分析標準表 '!$F$5 -> 48098.49 | F19: =E19/B19 -> 0.0076764787 | G19: ='0916分析標準表 '!$H$5 -> 5825 | H19: =G19/C19 -> 0.37983243 | I19: ='0916分析標準表 '!$J$5 -> 20638.82 | J19: =I19/E19 -> 0.42909497 | K19: ='0916分析標準表 '!$L$5 -> 7325.93 | L19: =K19/C19 -> 0.477704 | M19: 1.5i抓樣不穩 2.3i其他原因 3.2i原物料規格 | V19: 168
A20: =A19+1 -> 45917 | B20: ='0917分析標準表 '!$C$3:$C$3 -> 6072276.3 | C20: ='0917分析標準表 '!$D$5 -> 14879.51 | D20: =C20/B20 -> 0.0024504007 | E20: ='0917分析標準表 '!$F$5 -> 45707.8 | F20: =E20/B20 -> 0.0075272926 | G20: ='0917分析標準表 '!$H$5 -> 5611.95 | H20: =G20/C20 -> 0.3771596 | I20: ='0917分析標準表 '!$J$5 -> 16065.1 | J20: =I20/E20 -> 0.35147393 | K20: ='0917分析標準表 '!$L$5 -> 4588.36 | L20: =K20/C20 -> 0.30836768 | M20: 1.6i抓樣不穩 2.2i其他原因 3.2i原物料規格 | V20: 168
A21: =A20+1 -> 45918 | B21: ='0918分析標準表 '!$C$3:$C$3 -> 5709151.7 | C21: ='0918分析標準表 '!$D$5 -> 13988.34 | D21: =C21/B21 -> 0.0024501608 | E21: ='0918分析標準表 '!$F$5 -> 42117.22 | F21: =E21/B21 -> 0.0073771415 | G21: ='0918分析標準表 '!$H$5 -> 5013.64 | H21: =G21/C21 -> 0.35841565 | I21: ='0918分析標準表 '!$J$5 -> 16166.46 | J21: =I21/E21 -> 0.38384442 | K21: ='0918分析標準表 '!$L$5 -> 5812.96 | L21: =K21/C21 -> 0.41555753 | M21: 1.5i抓樣不穩 2.4i原物料規格 3.1i其他原因 | V21: 168
A22: =A21+1 -> 45919 | B22: ='0919分析標準表 '!$C$3:$C$3 -> 4674568.3 | C22: ='0919分析標準表 '!$D$5 -> 11259.97 | D22: =C22/B22 -> 0.0024087722 | E22: ='0919分析標準表 '!$F$5 -> 35142.33 | F22: =E22/B22 -> 0.0075177701 | G22: ='0919分析標準表 '!$H$5 -> 7911.78 | H22: =G22/C22 -> 0.70264663 | I22: ='0919分析標準表 '!$J$5 -> 11626.1 | J22: =I22/E22 -> 0.33082895 | K22: ='0919分析標準表 '!$L$5 -> 8404.29 | L22: =K22/C22 -> 0.74638654 | M22: 1.5i抓樣不穩 2.3i原物料規格 3.2i其他原因 | V22: 168
A23: =A22+1 -> 45920 | B23: ='0920分析標準表 '!$C$3:$C$3 -> 4900519.3 | C23: ='0920分析標準表 '!$D$5 -> 11821.34 | D23: =C23/B23 -> 0.0024122627 | E23: ='0920分析標準表 '!$F$5 -> 35740.4 | F23: =E23/B23 -> 0.0072931863 | G23: ='0920分析標準表 '!$H$5 -> 4332.34 | H23: =G23/C23 -> 0.36648468 | I23: ='0920分析標準表 '!$J$5 -> 19739.99 | J23: =I23/E23 -> 0.55231587 | K23: ='0920分析標準表 '!$L$5 -> 5762.61 | L23: =K23/C23 -> 0.48747519 | M23: 1.5i抓樣不穩 2.3i原物料規格 3.2i其他原因 | V23: 168
A24: =A23+1 -> 45921 | B24: ='0921分析標準表 '!$C$3:$C$3 -> 6327228.9 | C24: ='0921分析標準表 '!$D$5 -> 15236.53 | D24: =C24/B24 -> 0.002408089 | E24: ='0921分析標準表 '!$F$5 -> 47269.14 | F24: =E24/B24 -> 0.0074707492 | G24: ='0921分析標準表 '!$H$5 -> 5852.16 | H24: =G24/C24 -> 0.38408745 | I24: ='0921分析標準表 '!$J$5 -> 29421.1 | J24: =I24/E24 -> 0.62241665 | K24: ='0921分析標準表 '!$L$5 -> 7145.83 | L24: =K24/C24 -> 0.46899327 | M24: 1.6i抓樣不穩 2.2i其他原因 3.2i原物料規格 | V24: 168
A25: =A24+1 -> 45922 | B25: ='0922分析標準表 '!$C$3:$C$3 -> 6192295.3 | C25: ='0922分析標準表 '!$D$5 -> 15139.46 | D25: =C25/B25 -> 0.0024448866 | E25: ='0922分析標準表 '!$F$5 -> 46173.88 | F25: =E25/B25 -> 0.0074566663 | G25: ='0922分析標準表 '!$H$5 -> 6077.39 | H25: =G25/C25 -> 0.40142713 | I25: ='0922分析標準表 '!$J$5 -> 26810.7 | J25: =I25/E25 -> 0.58064646 | K25: ='0922分析標準表 '!$L$5 -> 6900.44 | L25: =K25/C25 -> 0.45579169 | M25: 1.5i抓樣不穩 2.3i原物料規格 3.2i其他原因 | V25: 168
A26: =A25+1 -> 45923 | B26: ='0923分析標準表 '!$C$3:$C$3 -> 6204692.1 | C26: ='0923分析標準表 '!$D$5 -> 15162.66 | D26: =C26/B26 -> 0.0024437409 | E26: ='0923分析標準表 '!$F$5 -> 47064.9 | F26: =E26/B26 -> 0.0075853724 | G26: ='0923分析標準表 '!$H$5 -> 5397.74 | H26: =G26/C26 -> 0.35598899 | I26: ='0923分析標準表 '!$J$5 -> 24833.93 | J26: =I26/E26 -> 0.52765288 | K26: ='0923分析標準表 '!$L$5 -> 6848.97 | L26: =K26/C26 -> 0.45169977 | M26: 1.4i其他原因 2.3i原物料規格 3.3i抓樣不穩 | V26: 170
A27: =A26+1 -> 45924 | B27: ='0924分析標準表 '!$C$3:$C$3 -> 6068582.9 | C27: ='0924分析標準表 '!$D$5 -> 14813.97 | D27: =C27/B27 -> 0.0024410921 | E27: ='0924分析標準表 '!$F$5 -> 44604.22 | F27: =E27/B27 -> 0.0073500224 | G27: ='0924分析標準表 '!$H$5 -> 5286.27 | H27: =G27/C27 -> 0.35684357 | I27: ='0924分析標準表 '!$J$5 -> 22623.27 | J27: =I27/E27 -> 0.50720022 | K27: ='0924分析標準表 '!$L$5 -> 5923.48 | L27: =K27/C27 -> 0.3998577 | M27: 1.4i原物料規格 2.4i抓樣不穩 3.2i其他原因 | V27: 170
A28: =A27+1 -> 45925 | B28: ='0925分析標準表 '!$C$3:$C$3 -> 5545534.9 | C28: ='0925分析標準表 '!$D$5 -> 13469.4 | D28: =C28/B28 -> 0.002428873 | E28: ='0925分析標準表 '!$F$5 -> 41918.04 | F28: =E28/B28 -> 0.0075588813 | G28: ='0925分析標準表 '!$H$5 -> 9556.05 | H28: =G28/C28 -> 0.70946367 | I28: ='0925分析標準表 '!$J$5 -> 18735.58 | J28: =I28/E28 -> 0.44695744 | K28: ='0925分析標準表 '!$L$5 -> 9883.65 | L28: =K28/C28 -> 0.73378547 | M28: 1.5i抓樣不穩 2.3i其他原因 3.2i原物料規格 | V28: 170
A29: =A28+1 -> 45926 | B29: ='0926分析標準表 '!$C$3:$C$3 -> 4389261 | C29: ='0926分析標準表 '!$D$5 -> 10529.22 | D29: =C29/B29 -> 0.0023988594 | E29: ='0926分析標準表 '!$F$5 -> 33245.57 | F29: =E29/B29 -> 0.0075742978 | G29: ='0926分析標準表 '!$H$5 -> 4222.15 | H29: =G29/C29 -> 0.40099362 | I29: ='0926分析標準表 '!$J$5 -> 18059.48 | J29: =I29/E29 -> 0.54321463 | K29: ='0926分析標準表 '!$L$5 -> 3343.82 | L29: =K29/C29 -> 0.31757528 | M29: 1.5i取樣不穩 2.4i其他原因 3.1i原物料規格 | V29: 170
A30: =A29+1 -> 45927 | B30: ='0927分析標準表 '!$C$3:$C$3 -> 4423149.8 | C30: ='0927分析標準表 '!$D$5 -> 10619.51 | D30: =C30/B30 -> 0.0024008932 | E30: ='0927分析標準表 '!$F$5 -> 33137.94 | F30: =E30/B30 -> 0.0074919326 | G30: ='0927分析標準表 '!$H$5 -> 3691.15 | H30: =G30/C30 -> 0.34758195 | I30: ='0927分析標準表 '!$J$5 -> 15895.3 | J30: =I30/E30 -> 0.47967073 | K30: ='0927分析標準表 '!$L$5 -> 4273.36 | L30: =K30/C30 -> 0.40240651 | M30: 1.6i取樣不穩 2.3i原物料規格 3.1i其他原因 | V30: 170
A31: =A30+1 -> 45928 | B31: ='0928分析標準表 '!$C$3:$C$3 -> 4811205.6 | C31: ='0928分析標準表 '!$D$5 -> 11593.48 | D31: =C31/B31 -> 0.0024096829 | E31: ='0928分析標準表 '!$F$5 -> 36480.86 | F31: =E31/B31 -> 0.0075824779 | G31: ='0928分析標準表 '!$H$5 -> 4491.5 | H31: =G31/C31 -> 0.38741603 | I31: ='0928分析標準表 '!$J$5 -> 26313.58 | J31: =I31/E31 -> 0.72129824 | K31: ='0928分析標準表 '!$L$5 -> 4670.33 | L31: =K31/C31 -> 0.40284108 | M31: 1.5i取樣不穩 2.3i其他原因 3.2i原物料規格 | V31: 170
A32: =A31+1 -> 45929 | B32: ='0929分析標準表 '!$C$3:$C$3 -> 6458150 | C32: ='0929分析標準表 '!$D$5 -> 15820.38 | D32: =C32/B32 -> 0.0024496768 | E32: ='0929分析標準表 '!$F$5 -> 49069.36 | F32: =E32/B32 -> 0.0075980521 | G32: ='0929分析標準表 '!$H$5 -> 5971.09 | H32: =G32/C32 -> 0.37743025 | I32: ='0929分析標準表 '!$J$5 -> 36921.98 | J32: =I32/E32 -> 0.7524447 | K32: ='0929分析標準表 '!$L$5 -> 6866.83 | L32: =K32/C32 -> 0.43404962 | M32: 1.5i取樣不穩 2.3i其他原因 3.2i原物料規格 | V32: 170
A33: =A32+1 -> 45930 | B33: ='0930分析標準表 '!$C$3:$C$3 -> 6240376.6 | C33: ='0930分析標準表 '!$D$5 -> 15252.09 | D33: =C33/B33 -> 0.0024440977 | E33: ='0930分析標準表 '!$F$5 -> 47299.72 | F33: =E33/B33 -> 0.0075796259 | G33: ='0930分析標準表 '!$H$5 -> 6038.19 | H33: =G33/C33 -> 0.39589263 | I33: ='0930分析標準表 '!$J$5 -> 30851.15 | J33: =I33/E33 -> 0.65224805 | K33: ='0930分析標準表 '!$L$5 -> 6747.82 | L33: =K33/C33 -> 0.44241937 | M33: 1.6i取樣不穩 2.3i原物料規格 3.1i其他原因 | V33: 170
A34: ※淺黃色為工廠自填項目
A35: ※日期紅色為新品日

Sheet 0930分析標準表 
A1: 新豐廠半成品管理分析
A2: 日期 | C2: 營業額 | D2: 報廢展開 | F2: 超用展開 | H2: 報廢展開 | J2: 超用展開 | L2: 報廢展開
A3: 45930 | C3: 6240376.6 | D3: 總報廢 | F3: 總超用 | H3: 報廢-前10名 | J3: 超用-前10名 | L3: 共用類-總報廢
D4: 金額 | E4: 占比(營業額) | F4: 金額 | G4: 占比(營業額) | H4: 金額 | I4: 占比(總報廢) | J4: 金額 | K4: 占比(總超用) | L4: 金額 | M4: 占比(總報廢)
A5: 年度KPI目標0.25% | D5: 15252.09 | E5: =D5/C3 -> 0.0024440977 | F5: 47299.72 | G5: =F5/C3 -> 0.0075796259 | H5: =SUM(C12:C21) -> 6038.19 | I5: =H5/D5 -> 0.39589263 | J5: =SUM(C28:C37) -> 30851.15 | K5: =J5/F5 -> 0.65224805 | L5: 6747.82 | M5: =L5/D5 -> 0.44241937
A7: 報廢金額前十名半成品
A8: 明細展開 | D8: 生產資訊 | O8: 類別 | P8: 分析原因 (請填寫8大原因) | Q8: 其他原因說明 | R8: 備註-商品名稱
A9: 排序 | B9: 半成品 | D9: 生產端 | J9: 組合端
B10: 名稱 | C10: 報廢金額 排序 | D10: 產出量 | J10: 報廢 | L10: 超用
D11: 訂單需求 (kg) | E11: 實際產出 (kg) | F11: 補單 (kg) | G11: 單價 (元) | H11: 實際生產 (對比訂單需求) | I11: 差異 (元) | J11: kg | K11: 占比 | L11: kg | M11: 占比 | N11: 金額 (元)
A12: 1 | B12: 墨西哥餅皮-原味(8英吋)新 | C12: 2803.08 | D12: 7764 | E12: 7764 | F12: 426 | G12: 6.58 | H12: =(E12+F12)/D12 -> 1.0548686 | I12: 2803.08 | J12: 426 | K12: =J12/D12 -> 0.054868624 | L12: =((E12+F12)-D12)-J12 -> 0 | M12: =L12/D12 -> 0 | N12: =L12*G12 -> 0 | O12: 原物料 | P12: 原物料規格 | Q12: 菜梗太硬導致捲的時候破損 | R12: 共用類
A13: 2 | B13: 義美業務用馬芬堡 | C13: 986.06 | D13: 15900 | E13: 15900 | F13: 170.01 | G13: 5.8 | H13: =(E13+F13)/D13 -> 1.0106925 | I13: 986.06 | J13: 170.01 | K13: =J13/D13 -> 0.010692453 | L13: =((E13+F13)-D13)-J13 -> 2.2737368e-13 | M13: =L13/D13 -> 1.4300231e-17 | N13: =L13*G13 -> 1.3187673e-12 | O13: 組合端 | P13: 其他原因 | Q13: 1.包材過於貼體2.堡體無完全切斷分離，人員抓破損壞 | R13: 共用類
A14: 3 | B14: 拌經典總匯雞蛋沙拉CL | C14: 512.22 | D14: 95.06 | E14: 95.06 | F14: 9 | G14: 119.12 | H14: =(E14+F14)/D14 -> 1.094677 | I14: 1072.08 | J14: 4.3 | K14: =J14/D14 -> 0.045234589 | L14: =((E14+F14)-D14)-J14 -> 4.7 | M14: =L14/D14 -> 0.049442457 | N14: =L14*G14 -> 559.864 | O14: 組合端 | P14: 取樣不穩 | Q14: 人員冰杓定量手法不穩 | R14: 經典總匯三明治
A15: 4 | B15: 墨西哥餅皮-菠菜(8英吋)新 | C15: 374.85 | D15: 8712 | E15: 8712 | F15: 53.55 | G15: 7 | H15: =(E15+F15)/D15 -> 1.0061467 | I15: 374.85 | J15: 53.55 | K15: =J15/D15 -> 0.0061466942 | L15: =((E15+F15)-D15)-J15 -> -7.2475359e-13 | M15: =L15/D15 -> -8.3190265e-17 | N15: =L15*G15 -> -5.0732751e-12 | O15: 原物料 | P15: 原物料規格 | Q15: 菜梗太硬導致捲的時候破損 | R15: 共用類
A16: 5 | B16: 電解消毒混合蔥鹽蔬菜絲 | C16: 277.25 | D16: 50.48 | E16: 50.48 | F16: 4.94 | G16: 118.99 | H16: =(E16+F16)/D16 -> 1.0978605 | I16: 587.81 | J16: 2.33 | K16: =J16/D16 -> 0.046156894 | L16: =((E16+F16)-D16)-J16 -> 2.61 | M16: =L16/D16 -> 0.051703645 | N16: =L16*G16 -> 310.5639 | O16: 組合端 | P16: 取樣不穩 | Q16: 人員抓樣手感不穩 | R16: 蔥鹽雞肉麵沙拉(114年)
A17: 6 | B17: 煮螺旋麵(沙拉用) | C17: 277.04 | D17: 168.25 | E17: 168.25 | F17: 14.3 | G17: 39.02 | H17: =(E17+F17)/D17 -> 1.0849926 | I17: 557.99 | J17: 7.1 | K17: =J17/D17 -> 0.042199108 | L17: =((E17+F17)-D17)-J17 -> 7.2 | M17: =L17/D17 -> 0.042793462 | N17: =L17*G17 -> 280.944 | O17: 組合端 | P17: 取樣不穩 | Q17: 秤重物料，秤重精準度須持續校正 | R17: 蔥鹽雞肉麵沙拉(114年)
A18: 7 | B18: 超HOT沙拉醬 | C18: 227.44 | D18: 41.28 | E18: 41.28 | F18: 4.01 | G18: 113.72 | H18: =(E18+F18)/D18 -> 1.0971415 | I18: 456.02 | J18: 2 | K18: =J18/D18 -> 0.048449612 | L18: =((E18+F18)-D18)-J18 -> 2.01 | M18: =L18/D18 -> 0.04869186 | N18: =L18*G18 -> 228.5772 | O18: 組合端 | P18: 取樣不穩 | Q18: 人員冰杓定量手法不穩 | R18: 超HOT雞腿堡(114年)
A19: 8 | B19: 煮咖哩紅蘿蔔丁(112年) | C19: 204.87 | D19: 58.28 | E19: 58.28 | F19: 5.76 | G19: 74.23 | H19: =(E19+F19)/D19 -> 1.0988332 | I19: 427.56 | J19: 2.76 | K19: =J19/D19 -> 0.047357584 | L19: =((E19+F19)-D19)-J19 -> 3 | M19: =L19/D19 -> 0.051475635 | N19: =L19*G19 -> 222.69 | O19: 原物料 | P19: 原物料規格 | Q19: 原物料廠商無過篩，大小差異大 | R19: 二配金咖哩果香甘口咖哩飯
A20: 9 | B20: 烤鹹蛋黃碎 | C20: 188.12 | D20: 9.16 | E20: 9.16 | F20: 0.28 | G20: 1567.63 | H20: =(E20+F20)/D20 -> 1.0305677 | I20: 438.94 | J20: 0.12 | K20: =J20/D20 -> 0.013100437 | L20: =((E20+F20)-D20)-J20 -> 0.16 | M20: =L20/D20 -> 0.017467249 | N20: =L20*G20 -> 250.8208 | O20: 組合端 | P20: 取樣不穩 | Q20: 人員抓樣手感不穩 | R20: 二配美味蟹煲
A21: 10 | B21: 川燙醃嫩化淨零碳排牛肉片 | C21: 187.26 | D21: 38.42 | E21: 38.42 | F21: 2.3 | G21: 814.16 | H21: =(E21+F21)/D21 -> 1.0598647 | I21: 1872.57 | J21: 0.23 | K21: =J21/D21 -> 0.0059864654 | L21: =((E21+F21)-D21)-J21 -> 2.07 | M21: =L21/D21 -> 0.053878188 | N21: =L21*G21 -> 1685.3112 | O21: 組合端 | P21: 取樣不穩 | Q21: 秤重物料，秤重精準度須持續校正 | R21: 二配港式香滑嫩蛋牛肉燴飯
A23: 超用金額前十名半成品
A24: 明細展開 | D24: 生產資訊 | O24: 類別 | P24: 分析原因 (請填寫8大原因) | Q24: 其他原因說明 | R24: 備註-商品名稱
A25: 排序 | B25: 半成品 | D25: 生產端 | J25: 組合端
B26: 名稱 | C26: 超用金額 排序 | D26: 產出量 | J26: 報廢 | M26: 超用
D27: 訂單需求 (kg) | E27: 實際產出 (kg) | F27: 補單 (kg) | G27: 單價 (元) | H27: 實際生產 (對比訂單需求) | I27: 差異 (元) | J27: kg | K27: 占比 | L27: 金額 (元) | M27: kg | N27: 占比
A28: 1 | B28: 電解消毒牛蕃茄切片(中) | C28: 14726.36 | D28: 115.68 | E28: 167.91 | F28: 0.6 | G28: 278.75 | H28: =(E28+F28)/D28 -> 1.4566909 | I28: 14726.36 | J28: 0 | K28: =J28/D28 -> 0 | L28: =J28*G28 -> 0 | M28: =((E28+F28)-D28)-J28 -> 52.83 | N28: =M28/D28 -> 0.45669087 | R28: 共用類
A29: 2 | B29: 烤卜蜂紐奧良腿排(減鈉版) | C29: 3550 | D29: 10712 | E29: 10712 | F29: 200 | G29: 17.75 | H29: =(E29+F29)/D29 -> 1.0186706 | I29: 3550 | J29: 0 | K29: =J29/D29 -> 0 | L29: =J29*G29 -> 0 | M29: =((E29+F29)-D29)-J29 -> 200 | N29: =M29/D29 -> 0.01867065 | R29: 紐奧良風味烤雞鮮蔬三明治
A30: 3 | B30: 電解消毒對切整葉廣東A | C30: 2007.04 | D30: 116.46 | E30: 116.46 | F30: 6.99 | G30: 313.6 | H30: =(E30+F30)/D30 -> 1.0600206 | I30: 2192.06 | J30: 0.59 | K30: =J30/D30 -> 0.0050661171 | L30: =J30*G30 -> 185.024 | M30: =((E30+F30)-D30)-J30 -> 6.4 | N30: =M30/D30 -> 0.054954491 | R30: 共用類
A31: 4 | B31: 炒壽喜燒牛培根 | C31: 1874.93 | D31: 82.24 | E31: 82.24 | F31: 4.93 | G31: 417.58 | H31: =(E31+F31)/D31 -> 1.0599465 | I31: 2058.67 | J31: 0.44 | K31: =J31/D31 -> 0.0053501946 | L31: =J31*G31 -> 183.7352 | M31: =((E31+F31)-D31)-J31 -> 4.49 | N31: =M31/D31 -> 0.054596304 | R31: 白味噌壽喜燒飯
A32: 5 | B32: 鮪魚沙拉(113.05) | C32: 1769.64 | D32: 239.73 | E32: 239.73 | F32: 10.07 | G32: 194.04 | H32: =(E32+F32)/D32 -> 1.0420056 | I32: 1953.98 | J32: 0.95 | K32: =J32/D32 -> 0.0039627915 | L32: =J32*G32 -> 184.338 | M32: =((E32+F32)-D32)-J32 -> 9.12 | N32: =M32/D32 -> 0.038042798 | R32: 鮪魚起司溏心蛋三明治
A33: 6 | B33: 川燙醃嫩化淨零碳排牛肉片 | C33: 1685.31 | D33: 38.42 | E33: 38.42 | F33: 2.3 | G33: 814.16 | H33: =(E33+F33)/D33 -> 1.0598647 | I33: 1872.57 | J33: 0.23 | K33: =J33/D33 -> 0.0059864654 | L33: =J33*G33 -> 187.2568 | M33: =((E33+F33)-D33)-J33 -> 2.07 | N33: =M33/D33 -> 0.053878188 | R33: 二配港式香滑嫩蛋牛肉燴飯
A34: 7 | B34: 打發QQ泰奶 | C34: 1342.7 | D34: 162.55 | E34: 162.55 | F34: 7.8 | G34: 195.73 | H34: =(E34+F34)/D34 -> 1.0479852 | I34: 1526.69 | J34: 0.94 | K34: =J34/D34 -> 0.0057828361 | L34: =J34*G34 -> 183.9862 | M34: =((E34+F34)-D34)-J34 -> 6.86 | N34: =M34/D34 -> 0.042202399 | R34: 泰奶奶蓋QQ三明治
A35: 8 | B35: 蒸基礎風味雞肉絲 | C35: 1333.02 | D35: 102.84 | E35: 102.84 | F35: 3.7 | G35: 410.16 | H35: =(E35+F35)/D35 -> 1.0359782 | I35: 1517.59 | J35: 0.45 | K35: =J35/D35 -> 0.0043757293 | L35: =J35*G35 -> 184.572 | M35: =((E35+F35)-D35)-J35 -> 3.25 | N35: =M35/D35 -> 0.031602489 | R35: 共用類
A36: 9 | B36: 電解消毒美生菜(三明治用) | C36: 1320.71 | D36: 123.43 | E36: 123.43 | F36: 7.4 | G36: 203.5 | H36: =(E36+F36)/D36 -> 1.059953 | I36: 1505.9 | J36: 0.91 | K36: =J36/D36 -> 0.0073725999 | L36: =J36*G36 -> 185.185 | M36: =((E36+F36)-D36)-J36 -> 6.49 | N36: =M36/D36 -> 0.05258041 | R36: 共用類
A37: 10 | B37: 油亮蒜味香腸片 | C37: 1241.44 | D37: 93.24 | E37: 93.24 | F37: 4.48 | G37: 318.32 | H37: =(E37+F37)/D37 -> 1.048048 | I37: 1426.07 | J37: 0.58 | K37: =J37/D37 -> 0.0062205062 | L37: =J37*G37 -> 184.6256 | M37: =((E37+F37)-D37)-J37 -> 3.9 | N37: =M37/D37 -> 0.041827542 | R37: 二配香辣醬蒜味香腸蛋炒飯
A39: 共用類報廢金額前十名半成品
A40: 明細展開
A41: 排序 | B41: 半成品
B42: 名稱 | C42: 報廢金額 排序 | D42: 共用類總金額 占比
A44: 1 | B44: 墨西哥餅皮-原味(8英吋)新 | C44: 2803.08 | D44: =C44/$L$5 -> 0.41540527
A45: 2 | B45: 義美業務用馬芬堡 | C45: 986.06 | D45: =C45/$L$5 -> 0.14613016
A46: 3 | B46: 墨西哥餅皮-菠菜(8英吋)新 | C46: 374.85 | D46: =C46/$L$5 -> 0.055551274
A47: 4 | B47: 切新重煙燻火腿0.9mm | C47: 185.21 | D47: =C47/$L$5 -> 0.027447383
A48: 5 | B48: 電解消毒美生菜(三明治用) | C48: 185.19 | D48: =C48/$L$5 -> 0.027444419
A49: 6 | B49: 電解消毒對切整葉廣東A | C49: 185.02 | D49: =C49/$L$5 -> 0.027419226
A50: 7 | B50: 韓式泡菜豆腐蘿蔔絲 | C50: 184.97 | D50: =C50/$L$5 -> 0.027411816
A51: 8 | B51: 義美4吋無芝麻漢堡 | C51: 184.64 | D51: =C51/$L$5 -> 0.027362911
A52: 9 | B52: 義美4吋芝麻漢堡 | C52: 184.62 | D52: =C52/$L$5 -> 0.027359947
A53: 10 | B53: (V)電解消毒小黃瓜絲 | C53: 184.58 | D53: =C53/$L$5 -> 0.02735402
A54: ※炊飯類不納入半成品廢棄計算
A56: ※淺黃色為工廠自填項目

Sheet 0929分析標準表 
A1: 新豐廠半成品管理分析
A2: 日期 | C2: 營業額 | D2: 報廢展開 | F2: 超用展開 | H2: 報廢展開 | J2: 超用展開 | L2: 報廢展開
A3: 45929 | C3: 6458150 | D3: 總報廢 | F3: 總超用 | H3: 報廢-前10名 | J3: 超用-前10名 | L3: 共用類-總報廢
D4: 金額 | E4: 占比(營業額) | F4: 金額 | G4: 占比(營業額) | H4: 金額 | I4: 占比(總報廢) | J4: 金額 | K4: 占比(總超用) | L4: 金額 | M4: 占比(總報廢)
A5: 年度KPI目標0.25% | D5: 15820.38 | E5: =D5/C3 -> 0.0024496768 | F5: 49069.36 | G5: =F5/C3 -> 0.0075980521 | H5: =SUM(C12:C21) -> 5971.09 | I5: =H5/D5 -> 0.37743025 | J5: =SUM(C28:C37) -> 36921.98 | K5: =J5/F5 -> 0.7524447 | L5: 6866.83 | M5: =L5/D5 -> 0.43404962
A7: 報廢金額前十名半成品
A8: 明細展開 | D8: 生產資訊 | O8: 類別 | P8: 分析原因 (請填寫8大原因) | Q8: 其他原因說明 | R8: 備註-商品名稱
A9: 排序 | B9: 半成品 | D9: 生產端 | J9: 組合端
B10: 名稱 | C10: 報廢金額 排序 | D10: 產出量 | J10: 報廢 | L10: 超用
D11: 訂單需求 (kg) | E11: 實際產出 (kg) | F11: 補單 (kg) | G11: 單價 (元) | H11: 實際生產 (對比訂單需求) | I11: 差異 (元) | J11: kg | K11: 占比 | L11: kg | M11: 占比 | N11: 金額 (元)
A12: 1 | B12: 墨西哥餅皮-原味(8英吋)新 | C12: 1882.54 | D12: 7891 | E12: 7891 | F12: 286.1 | G12: 6.58 | H12: =(E12+F12)/D12 -> 1.0362565 | I12: 1882.54 | J12: 286.1 | K12: =J12/D12 -> 0.036256495 | L12: =((E12+F12)-D12)-J12 -> 0 | M12: =L12/D12 -> 0 | N12: =L12*G12 -> 0 | O12: 原物料 | P12: 原物料規格 | Q12: 菜梗太硬導致捲的時候破損 | R12: 共用類
A13: 2 | B13: 義美業務用馬芬堡 | C13: 1516.7 | D13: 16819 | E13: 16819 | F13: 261.5 | G13: 5.8 | H13: =(E13+F13)/D13 -> 1.0155479 | I13: 1516.7 | J13: 261.5 | K13: =J13/D13 -> 0.015547892 | L13: =((E13+F13)-D13)-J13 -> 0 | M13: =L13/D13 -> 0 | N13: =L13*G13 -> 0 | O13: 組合端 | P13: 其他原因 | Q13: 1.包材過於貼體2.堡體無完全切斷分離，人員抓破損壞 | R13: 共用類
A14: 3 | B14: (V)電解消毒小黃瓜絲 | C14: 797.69 | D14: 100.7 | E14: 100.7 | F14: 10.02 | G14: 160.5 | H14: =(E14+F14)/D14 -> 1.0995035 | I14: 1608.21 | J14: 4.97 | K14: =J14/D14 -> 0.049354518 | L14: =((E14+F14)-D14)-J14 -> 5.05 | M14: =L14/D14 -> 0.050148957 | N14: =L14*G14 -> 810.525 | O14: 組合端 | P14: 取樣不穩 | Q14: 人員抓樣手感不穩 | R14: 共用類
A15: 4 | B15: 拌經典總匯雞蛋沙拉CL | C15: 385.95 | D15: 90.75 | E15: 90.75 | F15: 6.5 | G15: 119.12 | H15: =(E15+F15)/D15 -> 1.0716253 | I15: 774.28 | J15: 3.24 | K15: =J15/D15 -> 0.035702479 | L15: =((E15+F15)-D15)-J15 -> 3.26 | M15: =L15/D15 -> 0.035922865 | N15: =L15*G15 -> 388.3312 | O15: 組合端 | P15: 取樣不穩 | Q15: 人員冰杓定量手法不穩 | R15: 經典總匯三明治
A16: 5 | B16: 炒辛口紅蘿蔔丁(112年) | C16: 297.33 | D16: 73.27 | E16: 73.27 | F16: 7.21 | G16: 90.1 | H16: =(E16+F16)/D16 -> 1.0984032 | I16: 649.62 | J16: 3.3 | K16: =J16/D16 -> 0.045038897 | L16: =((E16+F16)-D16)-J16 -> 3.91 | M16: =L16/D16 -> 0.053364269 | N16: =L16*G16 -> 352.291 | O16: 原物料 | P16: 原物料規格 | Q16: 原物料廠商無過篩，大小差異大 | R16: 二配金咖哩濃厚辛辣咖哩飯
A17: 6 | B17: 電解消毒混合蔥鹽蔬菜絲 | C17: 282.01 | D17: 51.21 | E17: 51.21 | F17: 4.9 | G17: 118.99 | H17: =(E17+F17)/D17 -> 1.0956844 | I17: 583.05 | J17: 2.37 | K17: =J17/D17 -> 0.046280023 | L17: =((E17+F17)-D17)-J17 -> 2.53 | M17: =L17/D17 -> 0.049404413 | N17: =L17*G17 -> 301.0447 | O17: 組合端 | P17: 取樣不穩 | Q17: 人員抓樣手感不穩 | R17: 蔥鹽雞肉麵沙拉(114年)
A18: 7 | B18: 義美4吋芝麻漢堡 | C18: 256.65 | D18: 6112 | E18: 6112 | F18: 58.33 | G18: 4.4 | H18: =(E18+F18)/D18 -> 1.0095435 | I18: 256.65 | J18: 58.33 | K18: =J18/D18 -> 0.0095435209 | L18: =((E18+F18)-D18)-J18 -> -7.1054274e-14 | M18: =L18/D18 -> -1.1625372e-17 | N18: =L18*G18 -> -3.126388e-13 | O18: 組合端 | P18: 其他原因 | Q18: 包材過於貼體 | R18: 共用類
A19: 8 | B19: 電解消毒紫洋蔥(去皮)切絲 | C19: 191.27 | D19: 35.67 | E19: 35.67 | F19: 3.43 | G19: 113.18 | H19: =(E19+F19)/D19 -> 1.0961592 | I19: 388.21 | J19: 1.69 | K19: =J19/D19 -> 0.04737875 | L19: =((E19+F19)-D19)-J19 -> 1.74 | M19: =L19/D19 -> 0.048780488 | N19: =L19*G19 -> 196.9332 | O19: 組合端 | P19: 取樣不穩 | Q19: 人員抓樣手感不穩 | R19: 莎莎烤雞麵沙拉
A20: 9 | B20: 炒紅K洋蔥片 | C20: 181.51 | D20: 33.45 | E20: 33.45 | F20: 3.21 | G20: 112.74 | H20: =(E20+F20)/D20 -> 1.0959641 | I20: 361.9 | J20: 1.61 | K20: =J20/D20 -> 0.04813154 | L20: =((E20+F20)-D20)-J20 -> 1.6 | M20: =L20/D20 -> 0.047832586 | N20: =L20*G20 -> 180.384 | O20: 組合端 | P20: 取樣不穩 | Q20: 人員抓樣手感不穩 | R20: 白味噌壽喜燒飯
A21: 10 | B21: 四吋芝麻漢堡 | C21: 179.44 | D21: 5288 | E21: 5288 | F21: 41.25 | G21: 4.35 | H21: =(E21+F21)/D21 -> 1.0078007 | I21: 179.44 | J21: 41.25 | K21: =J21/D21 -> 0.0078006808 | L21: =((E21+F21)-D21)-J21 -> 0 | M21: =L21/D21 -> 0 | N21: =L21*G21 -> 0 | O21: 組合端 | P21: 其他原因 | Q21: 包材過於貼體 | R21: 經典雙牛起司堡(113年)
A23: 超用金額前十名半成品
A24: 明細展開 | D24: 生產資訊 | O24: 類別 | P24: 分析原因 (請填寫8大原因) | Q24: 其他原因說明 | R24: 備註-商品名稱
A25: 排序 | B25: 半成品 | D25: 生產端 | J25: 組合端
B26: 名稱 | C26: 超用金額 排序 | D26: 產出量 | J26: 報廢 | M26: 超用
D27: 訂單需求 (kg) | E27: 實際產出 (kg) | F27: 補單 (kg) | G27: 單價 (元) | H27: 實際生產 (對比訂單需求) | I27: 差異 (元) | J27: kg | K27: 占比 | L27: 金額 (元) | M27: kg | N27: 占比
A28: 1 | B28: 電解消毒牛蕃茄切片(中) | C28: 23741.14 | D28: 121.57 | E28: 206.26 | F28: 0.48 | G28: 278.75 | H28: =(E28+F28)/D28 -> 1.700584 | I28: 23741.14 | J28: 0 | K28: =J28/D28 -> 0 | L28: =J28*G28 -> 0 | M28: =((E28+F28)-D28)-J28 -> 85.17 | N28: =M28/D28 -> 0.70058403 | O28: 原物料 | P28: 原物料規格 | Q28: 物料規格過大(商品1顆開10片)，造成重量投入過多 | R28: 共用類
A29: 2 | B29: 烤卜蜂紐奧良腿排(減鈉版) | C29: 5325 | D29: 10726 | E29: 10726 | F29: 300 | G29: 17.75 | H29: =(E29+F29)/D29 -> 1.0279694 | I29: 5325 | J29: 0 | K29: =J29/D29 -> 0 | L29: =J29*G29 -> 0 | M29: =((E29+F29)-D29)-J29 -> 300 | N29: =M29/D29 -> 0.02796942 | O29: 原物料 | P29: 原物料規格 | Q29: 塊肉過畸形，MD強制尾端補肉 | R29: 紐奧良風味烤雞鮮蔬三明治
A30: 3 | B30: 電解消毒十字切美生菜 | C30: 1421.54 | D30: 342.34 | E30: 342.34 | F30: 10.17 | G30: 156.73 | H30: =(E30+F30)/D30 -> 1.0297073 | I30: 1593.94 | J30: 1.1 | K30: =J30/D30 -> 0.0032131799 | L30: =J30*G30 -> 172.403 | M30: =((E30+F30)-D30)-J30 -> 9.07 | N30: =M30/D30 -> 0.026494129 | O30: 組合室 | P30: 取樣不穩 | Q30: 原物料特性，梗葉比例重量差異，抓樣不穩 | R30: 共用類
A31: 4 | B31: 炒壽喜燒牛培根 | C31: 1056.48 | D31: 89.2 | E31: 89.2 | F31: 2.94 | G31: 417.58 | H31: =(E31+F31)/D31 -> 1.0329596 | I31: 1227.69 | J31: 0.41 | K31: =J31/D31 -> 0.0045964126 | L31: =J31*G31 -> 171.2078 | M31: =((E31+F31)-D31)-J31 -> 2.53 | N31: =M31/D31 -> 0.028363229 | O31: 組合室 | P31: 取樣不穩 | Q31: 秤重物料，秤重精準度須持續校正 | R31: 白味噌壽喜燒飯
A32: 5 | B32: 電解消毒對切整葉廣東A | C32: 1053.7 | D32: 118.37 | E32: 118.37 | F32: 3.91 | G32: 313.6 | H32: =(E32+F32)/D32 -> 1.033032 | I32: 1226.18 | J32: 0.55 | K32: =J32/D32 -> 0.0046464476 | L32: =J32*G32 -> 172.48 | M32: =((E32+F32)-D32)-J32 -> 3.36 | N32: =M32/D32 -> 0.028385571 | O32: 組合室 | P32: 取樣不穩 | Q32: 原物料特性，梗葉比例重量差異，抓樣不穩 | R32: 共用類
A33: 6 | B33: 川燙醃嫩化淨零碳排牛肉片 | C33: 928.15 | D33: 40.79 | E33: 40.79 | F33: 1.35 | G33: 814.16 | H33: =(E33+F33)/D33 -> 1.0330963 | I33: 1099.12 | J33: 0.21 | K33: =J33/D33 -> 0.0051483207 | L33: =J33*G33 -> 170.9736 | M33: =((E33+F33)-D33)-J33 -> 1.14 | N33: =M33/D33 -> 0.027948026 | O33: 組合室 | P33: 研發設定 | Q33: 秤重物料，秤重精準度須持續校正(過多難剝除) | R33: 二配港式香滑嫩蛋牛肉燴飯
A34: 7 | B34: 電解消毒切段美生菜2-3cm | C34: 898.12 | D34: 229.91 | E34: 229.91 | F34: 6.83 | G34: 156.74 | H34: =(E34+F34)/D34 -> 1.0297073 | I34: 1070.53 | J34: 1.1 | K34: =J34/D34 -> 0.0047844809 | L34: =J34*G34 -> 172.414 | M34: =((E34+F34)-D34)-J34 -> 5.73 | N34: =M34/D34 -> 0.024922796 | O34: 組合室 | P34: 取樣不穩 | Q34: 原物料特性，梗葉比例重量差異，抓樣不穩 | R34: 共用類
A35: 8 | B35: 鮪魚沙拉(113.05) | C35: 882.88 | D35: 235.59 | E35: 235.59 | F35: 5.44 | G35: 194.04 | H35: =(E35+F35)/D35 -> 1.023091 | I35: 1055.58 | J35: 0.89 | K35: =J35/D35 -> 0.0037777495 | L35: =J35*G35 -> 172.6956 | M35: =((E35+F35)-D35)-J35 -> 4.55 | N35: =M35/D35 -> 0.019313214 | O35: 組合室 | P35: 取樣不穩 | Q35: 冰杓定量挖取(使用量上會較起伏)，持續上抽測確認人員使用準確度 | R35: 鮪魚起司溏心蛋三明治
A36: 9 | B36: (V)電解消毒小黃瓜絲 | C36: 810.52 | D36: 100.7 | E36: 100.7 | F36: 10.02 | G36: 160.5 | H36: =(E36+F36)/D36 -> 1.0995035 | I36: 1608.21 | J36: 4.97 | K36: =J36/D36 -> 0.049354518 | L36: =J36*G36 -> 797.685 | M36: =((E36+F36)-D36)-J36 -> 5.05 | N36: =M36/D36 -> 0.050148957 | O36: 組合端 | P36: 取樣不穩 | Q36: 人員抓樣手感不穩 | R36: 共用類
A37: 10 | B37: 打發QQ泰奶 | C37: 804.45 | D37: 188.95 | E37: 188.95 | F37: 4.99 | G37: 195.73 | H37: =(E37+F37)/D37 -> 1.0264091 | I37: 976.69 | J37: 0.88 | K37: =J37/D37 -> 0.0046573168 | L37: =J37*G37 -> 172.2424 | M37: =((E37+F37)-D37)-J37 -> 4.11 | N37: =M37/D37 -> 0.021751786 | O37: 組合室 | P37: 取樣不穩 | Q37: 冰杓定量挖取(使用量上會較起伏)，持續上抽測確認人員使用準確度 | R37: 泰奶奶蓋QQ三明治
A39: 共用類報廢金額前十名半成品
A40: 明細展開
A41: 排序 | B41: 半成品
B42: 名稱 | C42: 報廢金額 排序 | D42: 共用類總金額 占比
A44: 1 | B44: 墨西哥餅皮-原味(8英吋)新 | C44: 1882.54 | D44: =C44/$L$5 -> 0.27414979
A45: 2 | B45: 義美業務用馬芬堡 | C45: 1516.7 | D45: =C45/$L$5 -> 0.22087339
A46: 3 | B46: (V)電解消毒小黃瓜絲 | C46: 797.69 | D46: =C46/$L$5 -> 0.11616568
A47: 4 | B47: 義美4吋芝麻漢堡 | C47: 256.65 | D47: =C47/$L$5 -> 0.037375325
A48: 5 | B48: 電解消毒美生菜(三明治用) | C48: 172.98 | D48: =C48/$L$5 -> 0.025190663
A49: 6 | B49: 電解消毒切段廣東A | C49: 172.87 | D49: =C49/$L$5 -> 0.025174644
A50: 7 | B50: 拌總匯雞蛋沙拉CL(112年) | C50: 172.57 | D50: =C50/$L$5 -> 0.025130956
A51: 8 | B51: 電解消毒對切整葉廣東A | C51: 172.48 | D51: =C51/$L$5 -> 0.025117849
A52: 9 | B52: 電解消毒雙色高麗菜絲(7:3) | C52: 172.47 | D52: =C52/$L$5 -> 0.025116393
A53: 10 | B53: 切新重煙燻火腿0.9mm | C53: 172.44 | D53: =C53/$L$5 -> 0.025112024
A54: ※炊飯類不納入半成品廢棄計算
A56: ※淺黃色為工廠自填項目

Sheet 0928分析標準表 
A1: 新豐廠半成品管理分析
A2: 日期 | C2: 營業額 | D2: 報廢展開 | F2: 超用展開 | H2: 報廢展開 | J2: 超用展開 | L2: 報廢展開
A3: 45928 | C3: 4811205.6 | D3: 總報廢 | F3: 總超用 | H3: 報廢-前10名 | J3: 超用-前10名 | L3: 共用類-總報廢
D4: 金額 | E4: 占比(營業額) | F4: 金額 | G4: 占比(營業額) | H4: 金額 | I4: 占比(總報廢) | J4: 金額 | K4: 占比(總超用) | L4: 金額 | M4: 占比(總報廢)
A5: 年度KPI目標0.25% | D5: 11593.48 | E5: =D5/C3 -> 0.0024096829 | F5: 36480.86 | G5: =F5/C3 -> 0.0075824779 | H5: =SUM(C12:C21) -> 4491.5 | I5: =H5/D5 -> 0.38741603 | J5: =SUM(C28:C37) -> 26313.58 | K5: =J5/F5 -> 0.72129824 | L5: 4670.33 | M5: =L5/D5 -> 0.40284108
A7: 報廢金額前十名半成品
A8: 明細展開 | D8: 生產資訊 | O8: 類別 | P8: 分析原因 (請填寫8大原因) | Q8: 其他原因說明 | R8: 備註-商品名稱
A9: 排序 | B9: 半成品 | D9: 生產端 | J9: 組合端
B10: 名稱 | C10: 報廢金額 排序 | D10: 產出量 | J10: 報廢 | L10: 超用
D11: 訂單需求 (kg) | E11: 實際產出 (kg) | F11: 補單 (kg) | G11: 單價 (元) | H11: 實際生產 (對比訂單需求) | I11: 差異 (元) | J11: kg | K11: 占比 | L11: kg | M11: 占比 | N11: 金額 (元)
A12: 1 | B12: 墨西哥餅皮-原味(8英吋)新 | C12: 1367.32 | D12: 5316 | E12: 5316 | F12: 207.8 | G12: 6.58 | H12: =(E12+F12)/D12 -> 1.0390895 | I12: 1367.32 | J12: 207.8 | K12: =J12/D12 -> 0.039089541 | L12: =((E12+F12)-D12)-J12 -> 0 | M12: =L12/D12 -> 0 | N12: =L12*G12 -> 0 | O12: 原物料 | P12: 原物料規格 | Q12: 菜梗太硬導致捲的時候破損 | R12: 共用類
A13: 2 | B13: 義美業務用馬芬堡 | C13: 704.06 | D13: 12896 | E13: 12896 | F13: 121.39 | G13: 5.8 | H13: =(E13+F13)/D13 -> 1.009413 | I13: 704.06 | J13: 121.39 | K13: =J13/D13 -> 0.0094129963 | L13: =((E13+F13)-D13)-J13 -> -5.8264504e-13 | M13: =L13/D13 -> -4.5180292e-17 | N13: =L13*G13 -> -3.3793413e-12 | O13: 組合端 | P13: 其他原因 | Q13: 1.包材過於貼體2.堡體無完全切斷分離，人員抓破損壞 | R13: 共用類
A14: 3 | B14: 全熟香雞堡CL(全) | C14: 606.31 | D14: 2662 | E14: 2662 | F14: 84.21 | G14: 7.2 | H14: =(E14+F14)/D14 -> 1.0316341 | I14: 606.31 | J14: 84.21 | K14: =J14/D14 -> 0.03163411 | L14: =((E14+F14)-D14)-J14 -> 0 | M14: =L14/D14 -> 0 | N14: =L14*G14 -> 0 | O14: 組合端 | P14: 其他原因 | Q14: 包材過於貼體 | R14: 香雞蛋堡(112年)
A15: 4 | B15: 拌水果莎莎醬1.2細麵 | C15: 491.23 | D15: 259.7 | E15: 259.7 | F15: 16 | G15: 61.25 | H15: =(E15+F15)/D15 -> 1.0616095 | I15: 980 | J15: 8.02 | K15: =J15/D15 -> 0.030881787 | L15: =((E15+F15)-D15)-J15 -> 7.98 | M15: =L15/D15 -> 0.030727763 | N15: =L15*G15 -> 488.775 | O15: 組合端 | P15: 取樣不穩 | Q15: 秤重物料，秤重精準度須持續校正 | R15: 莎莎烤雞麵沙拉
A16: 5 | B16: 墨西哥餅皮-菠菜(8英吋)新 | C16: 322.14 | D16: 6468 | E16: 6468 | F16: 46.02 | G16: 7 | H16: =(E16+F16)/D16 -> 1.007115 | I16: 322.14 | J16: 46.02 | K16: =J16/D16 -> 0.0071150278 | L16: =((E16+F16)-D16)-J16 -> 4.3343107e-13 | M16: =L16/D16 -> 6.7011606e-17 | N16: =L16*G16 -> 3.0340175e-12 | O16: 原物料 | P16: 原物料規格 | Q16: 菜梗太硬導致捲的時候破損 | R16: 共用類
A17: 6 | B17: 切新重煙燻火腿0.9mm | C17: 223.53 | D17: 101.08 | E17: 101.08 | F17: 2.1 | G17: 212.89 | H17: =(E17+F17)/D17 -> 1.0207756 | I17: 447.07 | J17: 1.05 | K17: =J17/D17 -> 0.010387812 | L17: =((E17+F17)-D17)-J17 -> 1.05 | M17: =L17/D17 -> 0.010387812 | N17: =L17*G17 -> 223.5345 | O17: 組合端 | P17: 取樣不穩 | Q17: 人員抓樣手感不穩 | R17: 共用類
A18: 7 | B18: 電解消毒混合紅K高麗絲 | C18: 207.58 | D18: 75.48 | E18: 75.48 | F18: 4.07 | G18: 104.84 | H18: =(E18+F18)/D18 -> 1.0539216 | I18: 426.7 | J18: 1.98 | K18: =J18/D18 -> 0.026232114 | L18: =((E18+F18)-D18)-J18 -> 2.09 | M18: =L18/D18 -> 0.027689454 | N18: =L18*G18 -> 219.1156 | O18: 組合端 | P18: 取樣不穩 | Q18: 人員抓樣手感不穩 | R18: 共用類
A19: 8 | B19: 義美4吋芝麻漢堡 | C19: 191.84 | D19: 5507 | E19: 5507 | F19: 43.6 | G19: 4.4 | H19: =(E19+F19)/D19 -> 1.0079172 | I19: 191.84 | J19: 43.6 | K19: =J19/D19 -> 0.0079171963 | L19: =((E19+F19)-D19)-J19 -> 3.623768e-13 | M19: =L19/D19 -> 6.5802941e-17 | N19: =L19*G19 -> 1.5944579e-12 | O19: 組合端 | P19: 其他原因 | Q19: 包材過於貼體 | R19: 共用類
A20: 9 | B20: 韓式泡菜豆腐蘿蔔絲 | C20: 189.37 | D20: 67.35 | E20: 67.35 | F20: 3.63 | G20: 110.1 | H20: =(E20+F20)/D20 -> 1.0538976 | I20: 399.66 | J20: 1.72 | K20: =J20/D20 -> 0.025538233 | L20: =((E20+F20)-D20)-J20 -> 1.91 | M20: =L20/D20 -> 0.028359317 | N20: =L20*G20 -> 210.291 | O20: 組合端 | P20: 取樣不穩 | Q20: 秤重物料，秤重精準度須持續校正 | R20: 共用類
A21: 10 | B21: 烤鹹蛋黃碎 | C21: 188.12 | D21: 9.17 | E21: 9.17 | F21: 0.24 | G21: 1567.63 | H21: =(E21+F21)/D21 -> 1.0261723 | I21: 376.23 | J21: 0.12 | K21: =J21/D21 -> 0.01308615 | L21: =((E21+F21)-D21)-J21 -> 0.12 | M21: =L21/D21 -> 0.01308615 | N21: =L21*G21 -> 188.1156 | O21: 組合端 | P21: 取樣不穩 | Q21: 人員抓樣手感不穩 | R21: 二配美味蟹煲
A23: 超用金額前十名半成品
A24: 明細展開 | D24: 生產資訊 | O24: 類別 | P24: 分析原因 (請填寫8大原因) | Q24: 其他原因說明 | R24: 備註-商品名稱
A25: 排序 | B25: 半成品 | D25: 生產端 | J25: 組合端
B26: 名稱 | C26: 超用金額 排序 | D26: 產出量 | J26: 報廢 | M26: 超用
D27: 訂單需求 (kg) | E27: 實際產出 (kg) | F27: 補單 (kg) | G27: 單價 (元) | H27: 實際生產 (對比訂單需求) | I27: 差異 (元) | J27: kg | K27: 占比 | L27: 金額 (元) | M27: kg | N27: 占比
A28: 1 | B28: 電解消毒牛蕃茄切片(中) | C28: 8933.94 | D28: 76.19 | E28: 108.24 | F28: 0 | G28: 278.75 | H28: =(E28+F28)/D28 -> 1.4206589 | I28: 8933.94 | J28: 0 | K28: =J28/D28 -> 0 | L28: =J28*G28 -> 0 | M28: =((E28+F28)-D28)-J28 -> 32.05 | N28: =M28/D28 -> 0.42065888 | O28: 原物料 | P28: 原物料規格 | Q28: 物料規格過大(商品1顆開10片)，造成重量投入過多 | R28: 共用類
A29: 2 | B29: 烤卜蜂紐奧良腿排(減鈉版) | C29: 5325 | D29: 7064 | E29: 7064 | F29: 300 | G29: 17.75 | H29: =(E29+F29)/D29 -> 1.0424689 | I29: 5325 | J29: 0 | K29: =J29/D29 -> 0 | L29: =J29*G29 -> 0 | M29: =((E29+F29)-D29)-J29 -> 300 | N29: =M29/D29 -> 0.042468856 | O29: 原物料 | P29: 原物料規格 | Q29: 塊肉過畸形，MD強制尾端補肉 | R29: 紐奧良風味烤雞鮮蔬三明治
A30: 3 | B30: 川燙醃嫩化淨零碳排牛肉片 | C30: 2108.67 | D30: 36.46 | E30: 36.46 | F30: 2.81 | G30: 814.16 | H30: =(E30+F30)/D30 -> 1.0770708 | I30: 2287.79 | J30: 0.22 | K30: =J30/D30 -> 0.0060340099 | L30: =J30*G30 -> 179.1152 | M30: =((E30+F30)-D30)-J30 -> 2.59 | N30: =M30/D30 -> 0.071036753 | O30: 組合室 | P30: 研發設定 | Q30: 秤重物料，秤重精準度須持續校正(過多難剝除) | R30: 二配港式香滑嫩蛋牛肉燴飯
A31: 4 | B31: 炒壽喜燒牛培根 | C31: 1879.11 | D31: 64.16 | E31: 64.16 | F31: 4.94 | G31: 417.58 | H31: =(E31+F31)/D31 -> 1.076995 | I31: 2062.85 | J31: 0.44 | K31: =J31/D31 -> 0.0068578554 | L31: =J31*G31 -> 183.7352 | M31: =((E31+F31)-D31)-J31 -> 4.5 | N31: =M31/D31 -> 0.070137157 | O31: 組合室 | P31: 取樣不穩 | Q31: 秤重物料，秤重精準度須持續校正 | R31: 白味噌壽喜燒飯
A32: 5 | B32: 電解消毒對切整葉廣東A | C32: 1743.61 | D32: 79.75 | E32: 79.75 | F32: 6.14 | G32: 313.6 | H32: =(E32+F32)/D32 -> 1.0769906 | I32: 1925.5 | J32: 0.58 | K32: =J32/D32 -> 0.0072727273 | L32: =J32*G32 -> 181.888 | M32: =((E32+F32)-D32)-J32 -> 5.56 | N32: =M32/D32 -> 0.069717868 | O32: 組合室 | P32: 取樣不穩 | Q32: 原物料特性，梗葉比例重量差異，抓樣不穩 | R32: 共用類
A33: 6 | B33: 油亮蒜味香腸片 | C33: 1486.56 | D33: 85.06 | E33: 85.06 | F33: 5.24 | G33: 318.32 | H33: =(E33+F33)/D33 -> 1.0616036 | I33: 1668 | J33: 0.57 | K33: =J33/D33 -> 0.0067011521 | L33: =J33*G33 -> 181.4424 | M33: =((E33+F33)-D33)-J33 -> 4.67 | N33: =M33/D33 -> 0.054902422 | O33: 組合室 | P33: 研發設定 | Q33: 秤重物料，秤重精準度須持續校正(過多難剝除) | R33: 二配香辣醬蒜味香腸蛋炒飯
A34: 7 | B34: 辛口咖哩豬肉(112年) | C34: 1298.87 | D34: 72.12 | E34: 72.12 | F34: 4.44 | G34: 333.9 | H34: =(E34+F34)/D34 -> 1.0615641 | I34: 1482.52 | J34: 0.55 | K34: =J34/D34 -> 0.0076261786 | L34: =J34*G34 -> 183.645 | M34: =((E34+F34)-D34)-J34 -> 3.89 | N34: =M34/D34 -> 0.053937881 | O34: 組合室 | P34: 研發設定 | Q34: 秤重物料，秤重精準度須持續校正(過多難剝除) | R34: 二配金咖哩濃厚辛辣咖哩飯
A35: 8 | B35: 蒸鼎泰豐香辣醬 | C35: 1265.29 | D35: 25.29 | E35: 25.29 | F35: 1.56 | G35: 930.36 | H35: =(E35+F35)/D35 -> 1.0616845 | I35: 1451.36 | J35: 0.2 | K35: =J35/D35 -> 0.0079082641 | L35: =J35*G35 -> 186.072 | M35: =((E35+F35)-D35)-J35 -> 1.36 | N35: =M35/D35 -> 0.053776196 | O35: 組合室 | P35: 取樣不穩 | Q35: 冰杓定量挖取(使用量上會較起伏)，持續上抽測確認人員使用準確度 | R35: 二配香辣醬蒜味香腸蛋炒飯
A36: 9 | B36: 蒸基礎風味雞肉絲 | C36: 1246.89 | D36: 75.48 | E36: 75.48 | F36: 3.49 | G36: 410.16 | H36: =(E36+F36)/D36 -> 1.0462374 | I36: 1431.46 | J36: 0.45 | K36: =J36/D36 -> 0.0059618442 | L36: =J36*G36 -> 184.572 | M36: =((E36+F36)-D36)-J36 -> 3.04 | N36: =M36/D36 -> 0.04027557 | O36: 組合室 | P36: 取樣不穩 | Q36: 秤重物料，秤重精準度須持續校正 | R36: 共用類
A37: 10 | B37: 電解消毒美生菜(三明治用) | C37: 1025.64 | D37: 77.09 | E37: 77.09 | F37: 5.94 | G37: 203.5 | H37: =(E37+F37)/D37 -> 1.0770528 | I37: 1208.79 | J37: 0.9 | K37: =J37/D37 -> 0.011674666 | L37: =J37*G37 -> 183.15 | M37: =((E37+F37)-D37)-J37 -> 5.04 | N37: =M37/D37 -> 0.065378129 | O37: 組合室 | P37: 取樣不穩 | Q37: 原物料特性，梗葉比例重量差異，抓樣不穩 | R37: 共用類
A39: 共用類報廢金額前十名半成品
A40: 明細展開
A41: 排序 | B41: 半成品
B42: 名稱 | C42: 報廢金額 排序 | D42: 共用類總金額 占比
A44: 1 | B44: 墨西哥餅皮-原味(8英吋)新 | C44: 1367.32 | D44: =C44/$L$5 -> 0.29276732
A45: 2 | B45: 義美業務用馬芬堡 | C45: 704.06 | D45: =C45/$L$5 -> 0.15075166
A46: 3 | B46: 墨西哥餅皮-菠菜(8英吋)新 | C46: 322.14 | D46: =C46/$L$5 -> 0.068975854
A47: 4 | B47: 切新重煙燻火腿0.9mm | C47: 223.53 | D47: =C47/$L$5 -> 0.047861714
A48: 5 | B48: 電解消毒混合紅K高麗絲 | C48: 207.58 | D48: =C48/$L$5 -> 0.044446538
A49: 6 | B49: 義美4吋芝麻漢堡 | C49: 191.84 | D49: =C49/$L$5 -> 0.041076327
A50: 7 | B50: 韓式泡菜豆腐蘿蔔絲 | C50: 189.37 | D50: =C50/$L$5 -> 0.040547456
A51: 8 | B51: 蒸基礎風味雞肉絲 | C51: 184.57 | D51: =C51/$L$5 -> 0.039519691
A52: 9 | B52: 電解消毒切段廣東A | C52: 184.02 | D52: =C52/$L$5 -> 0.039401927
A53: 10 | B53: 電解消毒蔥花 | C53: 183.71 | D53: =C53/$L$5 -> 0.03933555
A54: ※炊飯類不納入半成品廢棄計算
A56: ※淺黃色為工廠自填項目

Sheet 0927分析標準表 
A1: 新豐廠半成品管理分析
A2: 日期 | C2: 營業額 | D2: 報廢展開 | F2: 超用展開 | H2: 報廢展開 | J2: 超用展開 | L2: 報廢展開
A3: 45927 | C3: 4423149.8 | D3: 總報廢 | F3: 總超用 | H3: 報廢-前10名 | J3: 超用-前10名 | L3: 共用類-總報廢
D4: 金額 | E4: 占比(營業額) | F4: 金額 | G4: 占比(營業額) | H4: 金額 | I4: 占比(總報廢) | J4: 金額 | K4: 占比(總超用) | L4: 金額 | M4: 占比(總報廢)
A5: 年度KPI目標0.25% | D5: 10619.51 | E5: =D5/C3 -> 0.0024008932 | F5: 33137.94 | G5: =F5/C3 -> 0.0074919326 | H5: =SUM(C12:C21) -> 3691.15 | I5: =H5/D5 -> 0.34758195 | J5: =SUM(C28:C37) -> 15895.3 | K5: =J5/F5 -> 0.47967073 | L5: 4273.36 | M5: =L5/D5 -> 0.40240651
A7: 報廢金額前十名半成品
A8: 明細展開 | D8: 生產資訊 | O8: 類別 | P8: 分析原因 (請填寫8大原因) | Q8: 其他原因說明 | R8: 備註-商品名稱
A9: 排序 | B9: 半成品 | D9: 生產端 | J9: 組合端
B10: 名稱 | C10: 報廢金額 排序 | D10: 產出量 | J10: 報廢 | L10: 超用
D11: 訂單需求 (kg) | E11: 實際產出 (kg) | F11: 補單 (kg) | G11: 單價 (元) | H11: 實際生產 (對比訂單需求) | I11: 差異 (元) | J11: kg | K11: 占比 | L11: kg | M11: 占比 | N11: 金額 (元)
A12: 1 | B12: 墨西哥餅皮-原味(8英吋)新 | C12: 1380.75 | D12: 4830 | E12: 4830 | F12: 209.84 | G12: 6.58 | H12: =(E12+F12)/D12 -> 1.0434451 | I12: 1380.75 | J12: 209.84 | K12: =J12/D12 -> 0.043445135 | L12: =((E12+F12)-D12)-J12 -> 0 | M12: =L12/D12 -> 0 | N12: =L12*G12 -> 0 | O12: 原物料 | P12: 原物料規格 | Q12: 菜梗太硬導致捲的時候破損 | R12: 共用類
A13: 2 | B13: 義美業務用馬芬堡 | C13: 765.66 | D13: 11603 | E13: 11603 | F13: 132.01 | G13: 5.8 | H13: =(E13+F13)/D13 -> 1.0113772 | I13: 765.66 | J13: 132.01 | K13: =J13/D13 -> 0.01137723 | L13: =((E13+F13)-D13)-J13 -> 2.2737368e-13 | M13: =L13/D13 -> 1.9596111e-17 | N13: =L13*G13 -> 1.3187673e-12 | O13: 組合端 | P13: 其他原因 | Q13: 1.包材過於貼體2.堡體無完全切斷分離，人員抓破損壞 | R13: 共用類
A14: 3 | B14: 墨西哥餅皮-菠菜(8英吋)新 | C14: 381.57 | D14: 6254 | E14: 6254 | F14: 54.51 | G14: 7 | H14: =(E14+F14)/D14 -> 1.008716 | I14: 381.57 | J14: 54.51 | K14: =J14/D14 -> 0.0087160217 | L14: =((E14+F14)-D14)-J14 -> 2.2026825e-13 | M14: =L14/D14 -> 3.5220379e-17 | N14: =L14*G14 -> 1.5418777e-12 | O14: 原物料 | P14: 原物料規格 | Q14: 菜梗太硬導致捲的時候破損 | R14: 共用類
A15: 4 | B15: 拌總匯雞蛋沙拉CL(112年) | C15: 297.46 | D15: 183.52 | E15: 183.52 | F15: 10 | G15: 95.34 | H15: =(E15+F15)/D15 -> 1.05449 | I15: 953.4 | J15: 3.12 | K15: =J15/D15 -> 0.017000872 | L15: =((E15+F15)-D15)-J15 -> 6.88 | M15: =L15/D15 -> 0.037489102 | N15: =L15*G15 -> 655.9392 | O15: 組合端 | P15: 取樣不穩 | Q15: 人員冰杓定量手法不穩 | R15: 共用類
A16: 5 | B16: 炒辛口紅蘿蔔丁(112年) | C16: 268.5 | D16: 60.79 | E16: 60.79 | F16: 6.07 | G16: 90.1 | H16: =(E16+F16)/D16 -> 1.0998519 | I16: 546.91 | J16: 2.98 | K16: =J16/D16 -> 0.049021221 | L16: =((E16+F16)-D16)-J16 -> 3.09 | M16: =L16/D16 -> 0.050830729 | N16: =L16*G16 -> 278.409 | O16: 原物料 | P16: 原物料規格 | Q16: 原物料廠商無過篩，大小差異大 | R16: 二配金咖哩濃厚辛辣咖哩飯
A17: 6 | B17: 電解消毒混合蔥鹽蔬菜絲 | C17: 204.66 | D17: 35.07 | E17: 35.07 | F17: 3.5 | G17: 118.99 | H17: =(E17+F17)/D17 -> 1.0998004 | I17: 416.47 | J17: 1.72 | K17: =J17/D17 -> 0.049044768 | L17: =((E17+F17)-D17)-J17 -> 1.78 | M17: =L17/D17 -> 0.050755632 | N17: =L17*G17 -> 211.8022 | O17: 組合端 | P17: 取樣不穩 | Q17: 人員抓樣手感不穩 | R17: 蔥鹽雞肉麵沙拉(114年)
A18: 7 | B18: 電解消毒雙色高麗菜絲(7:3) | C18: 115.97 | D18: 169.05 | E18: 169.05 | F18: 3.67 | G18: 99.12 | H18: =(E18+F18)/D18 -> 1.0217096 | I18: 363.77 | J18: 1.17 | K18: =J18/D18 -> 0.0069210293 | L18: =((E18+F18)-D18)-J18 -> 2.5 | M18: =L18/D18 -> 0.014788524 | N18: =L18*G18 -> 247.8 | O18: 組合端 | P18: 取樣不穩 | Q18: 人員抓樣手感不穩 | R18: 共用類
A19: 8 | B19: 炒紅K洋蔥片 | C19: 113.87 | D19: 24.2 | E19: 24.2 | F19: 2.42 | G19: 112.74 | H19: =(E19+F19)/D19 -> 1.1 | I19: 272.83 | J19: 1.01 | K19: =J19/D19 -> 0.041735537 | L19: =((E19+F19)-D19)-J19 -> 1.41 | M19: =L19/D19 -> 0.058264463 | N19: =L19*G19 -> 158.9634 | O19: 組合端 | P19: 取樣不穩 | Q19: 人員抓樣手感不穩 | R19: 白味噌壽喜燒飯
A20: 9 | B20: 電解消毒紫洋蔥(去皮)切絲 | C20: 88.28 | D20: 26.04 | E20: 26.04 | F20: 1.81 | G20: 113.18 | H20: =(E20+F20)/D20 -> 1.0695084 | I20: 204.86 | J20: 0.78 | K20: =J20/D20 -> 0.029953917 | L20: =((E20+F20)-D20)-J20 -> 1.03 | M20: =L20/D20 -> 0.039554531 | N20: =L20*G20 -> 116.5754 | O20: 組合端 | P20: 取樣不穩 | Q20: 人員抓樣手感不穩 | R20: 莎莎烤雞麵沙拉
A21: 10 | B21: 蒸鼎泰豐香辣醬 | C21: 74.43 | D21: 21.97 | E21: 21.97 | F21: 0.55 | G21: 930.36 | H21: =(E21+F21)/D21 -> 1.0250341 | I21: 511.7 | J21: 0.08 | K21: =J21/D21 -> 0.0036413291 | L21: =((E21+F21)-D21)-J21 -> 0.47 | M21: =L21/D21 -> 0.021392808 | N21: =L21*G21 -> 437.2692 | O21: 組合端 | P21: 取樣不穩 | Q21: 人員冰杓定量手法不穩 | R21: 二配香辣醬蒜味香腸蛋炒飯
A23: 超用金額前十名半成品
A24: 明細展開 | D24: 生產資訊 | O24: 類別 | P24: 分析原因 (請填寫8大原因) | Q24: 其他原因說明 | R24: 備註-商品名稱
A25: 排序 | B25: 半成品 | D25: 生產端 | J25: 組合端
B26: 名稱 | C26: 超用金額 排序 | D26: 產出量 | J26: 報廢 | M26: 超用
D27: 訂單需求 (kg) | E27: 實際產出 (kg) | F27: 補單 (kg) | G27: 單價 (元) | H27: 實際生產 (對比訂單需求) | I27: 差異 (元) | J27: kg | K27: 占比 | L27: 金額 (元) | M27: kg | N27: 占比
A28: 1 | B28: 電解消毒牛蕃茄切片(中) | C28: 7637.75 | D28: 67.51 | E28: 94.91 | F28: 0 | G28: 278.75 | H28: =(E28+F28)/D28 -> 1.4058658 | I28: 7637.75 | J28: 0 | K28: =J28/D28 -> 0 | L28: =J28*G28 -> 0 | M28: =((E28+F28)-D28)-J28 -> 27.4 | N28: =M28/D28 -> 0.4058658 | O28: 原物料 | P28: 原物料規格 | Q28: 物料規格過大(商品1顆開10片)，造成重量投入過多 | R28: 共用類
A29: 2 | B29: 烤卜蜂紐奧良腿排(減鈉版) | C29: 1775 | D29: 5607 | E29: 5607 | F29: 100 | G29: 17.75 | H29: =(E29+F29)/D29 -> 1.0178348 | I29: 1775 | J29: 0 | K29: =J29/D29 -> 0 | L29: =J29*G29 -> 0 | M29: =((E29+F29)-D29)-J29 -> 100 | N29: =M29/D29 -> 0.017834849 | O29: 原物料 | P29: 原物料規格 | Q29: 塊肉過畸形，MD強制尾端補肉 | R29: 紐奧良風味烤雞鮮蔬三明治
A30: 3 | B30: 果香甘口咖哩醬 | C30: 826.29 | D30: 513.73 | E30: 513.73 | F30: 11.38 | G30: 78.77 | H30: =(E30+F30)/D30 -> 1.0221517 | I30: 896.4 | J30: 0.89 | K30: =J30/D30 -> 0.0017324275 | L30: =J30*G30 -> 70.1053 | M30: =((E30+F30)-D30)-J30 -> 10.49 | N30: =M30/D30 -> 0.020419286 | O30: 組合室 | P30: 取樣不穩 | Q30: 注餡機使用(機器出料就有落差)，人員持續於線上不定時抽測重量 | R30: 二配金咖哩果香甘口咖哩飯
A31: 4 | B31: 鼎泰豐-煮麻婆豆腐(113年) | C31: 812.65 | D31: 283.3 | E31: 283.3 | F31: 6.59 | G31: 133.88 | H31: =(E31+F31)/D31 -> 1.0232616 | I31: 882.27 | J31: 0.52 | K31: =J31/D31 -> 0.0018355101 | L31: =J31*G31 -> 69.6176 | M31: =((E31+F31)-D31)-J31 -> 6.07 | N31: =M31/D31 -> 0.02142605 | O31: 組合室 | P31: 取樣不穩 | Q31: 秤重物料，秤重精準度須持續校正 | R31: 二配川味麻婆燒豆腐燴飯
A32: 5 | B32: 蟹粉燴汁(114年) | C32: 809.28 | D32: 419.68 | E32: 419.68 | F32: 11.51 | G32: 76.42 | H32: =(E32+F32)/D32 -> 1.0274257 | I32: 879.59 | J32: 0.92 | K32: =J32/D32 -> 0.0021921464 | L32: =J32*G32 -> 70.3064 | M32: =((E32+F32)-D32)-J32 -> 10.59 | N32: =M32/D32 -> 0.025233511 | O32: 組合室 | P32: 取樣不穩 | Q32: 冰杓定量挖取(使用量上會較起伏)，持續上抽測確認人員使用準確度 | R32: 二配美味蟹煲
A33: 6 | B33: 打發QQ泰奶 | C33: 808.37 | D33: 195.24 | E33: 195.24 | F33: 4.49 | G33: 195.73 | H33: =(E33+F33)/D33 -> 1.0229973 | I33: 878.83 | J33: 0.36 | K33: =J33/D33 -> 0.0018438844 | L33: =J33*G33 -> 70.4628 | M33: =((E33+F33)-D33)-J33 -> 4.13 | N33: =M33/D33 -> 0.021153452 | O33: 組合室 | P33: 取樣不穩 | Q33: 冰杓定量挖取(使用量上會較起伏)，持續上抽測確認人員使用準確度 | R33: 泰奶奶蓋QQ三明治
A34: 7 | B34: 濃辛辣咖哩醬 | C34: 808.11 | D34: 455.94 | E34: 455.94 | F34: 11.05 | G34: 79.46 | H34: =(E34+F34)/D34 -> 1.0242356 | I34: 878.03 | J34: 0.88 | K34: =J34/D34 -> 0.0019300785 | L34: =J34*G34 -> 69.9248 | M34: =((E34+F34)-D34)-J34 -> 10.17 | N34: =M34/D34 -> 0.022305567 | O34: 組合室 | P34: 取樣不穩 | Q34: 注餡機使用(機器出料就有落差)，人員持續於線上不定時抽測重量 | R34: 二配金咖哩濃厚辛辣咖哩飯
A35: 8 | B35: 鼎泰豐-黃金蛋炒飯(112年) | C35: 807.46 | D35: 559.16 | E35: 559.16 | F35: 14.4 | G35: 60.94 | H35: =(E35+F35)/D35 -> 1.0257529 | I35: 877.54 | J35: 1.15 | K35: =J35/D35 -> 0.0020566564 | L35: =J35*G35 -> 70.081 | M35: =((E35+F35)-D35)-J35 -> 13.25 | N35: =M35/D35 -> 0.023696259 | O35: 組合室 | P35: 取樣不穩 | Q35: 秤重物料，秤重精準度須持續校正 | R35: 二配香辣醬蒜味香腸蛋炒飯
A36: 9 | B36: 川燙醃嫩化淨零碳排牛肉片 | C36: 806.02 | D36: 34.87 | E36: 34.87 | F36: 1.08 | G36: 814.16 | H36: =(E36+F36)/D36 -> 1.0309722 | I36: 879.29 | J36: 0.09 | K36: =J36/D36 -> 0.0025810152 | L36: =J36*G36 -> 73.2744 | M36: =((E36+F36)-D36)-J36 -> 0.99 | N36: =M36/D36 -> 0.028391167 | O36: 組合室 | P36: 研發設定 | Q36: 秤重物料，秤重精準度須持續校正(過多難剝除) | R36: 二配港式香滑嫩蛋牛肉燴飯
A37: 10 | B37: 海鮮醬炒飯 | C37: 804.37 | D37: 403.38 | E37: 403.38 | F37: 10.23 | G37: 85.48 | H37: =(E37+F37)/D37 -> 1.0253607 | I37: 874.46 | J37: 0.82 | K37: =J37/D37 -> 0.0020328226 | L37: =J37*G37 -> 70.0936 | M37: =((E37+F37)-D37)-J37 -> 9.41 | N37: =M37/D37 -> 0.023327879 | O37: 組合室 | P37: 取樣不穩 | Q37: 秤重物料，秤重精準度須持續校正 | R37: 二配香拌海鮮醬肉絲蛋炒飯
A39: 共用類報廢金額前十名半成品
A40: 明細展開
A41: 排序 | B41: 半成品
B42: 名稱 | C42: 報廢金額 排序 | D42: 共用類總金額 占比
A44: 1 | B44: 墨西哥餅皮-原味(8英吋)新 | C44: 1380.75 | D44: =C44/$L$5 -> 0.32310641
A45: 2 | B45: 義美業務用馬芬堡 | C45: 765.66 | D45: =C45/$L$5 -> 0.17917049
A46: 3 | B46: 墨西哥餅皮-菠菜(8英吋)新 | C46: 381.57 | D46: =C46/$L$5 -> 0.089290394
A47: 4 | B47: 拌總匯雞蛋沙拉CL(112年) | C47: 297.46 | D47: =C47/$L$5 -> 0.06960799
A48: 5 | B48: 電解消毒雙色高麗菜絲(7:3) | C48: 115.97 | D48: =C48/$L$5 -> 0.027137896
A49: 6 | B49: 韓式泡菜豆腐蘿蔔絲 | C49: 71.57 | D49: =C49/$L$5 -> 0.016747945
A50: 7 | B50: (V)電解消毒小黃瓜絲 | C50: 70.62 | D50: =C50/$L$5 -> 0.016525638
A51: 8 | B51: 電解消毒十字切美生菜 | C51: 70.53 | D51: =C51/$L$5 -> 0.016504577
A52: 9 | B52: 電解消毒切段美生菜2-3cm | C52: 70.53 | D52: =C52/$L$5 -> 0.016504577
A53: 10 | B53: 煮韓式辣醬(114.07) | C53: 70.29 | D53: =C53/$L$5 -> 0.016448415
A54: ※炊飯類不納入半成品廢棄計算
A56: ※淺黃色為工廠自填項目

Sheet 0926分析標準表 
A1: 新豐廠半成品管理分析
A2: 日期 | C2: 營業額 | D2: 報廢展開 | F2: 超用展開 | H2: 報廢展開 | J2: 超用展開 | L2: 報廢展開
A3: 45926 | C3: 4389261 | D3: 總報廢 | F3: 總超用 | H3: 報廢-前10名 | J3: 超用-前10名 | L3: 共用類-總報廢
D4: 金額 | E4: 占比(營業額) | F4: 金額 | G4: 占比(營業額) | H4: 金額 | I4: 占比(總報廢) | J4: 金額 | K4: 占比(總超用) | L4: 金額 | M4: 占比(總報廢)
A5: 年度KPI目標0.25% | D5: 10529.22 | E5: =D5/C3 -> 0.0023988594 | F5: 33245.57 | G5: =F5/C3 -> 0.0075742978 | H5: =SUM(C12:C21) -> 4222.15 | I5: =H5/D5 -> 0.40099362 | J5: =SUM(C28:C37) -> 18059.48 | K5: =J5/F5 -> 0.54321463 | L5: 3343.82 | M5: =L5/D5 -> 0.31757528
A7: 報廢金額前十名半成品
A8: 明細展開 | D8: 生產資訊 | O8: 類別 | P8: 分析原因 (請填寫8大原因) | Q8: 其他原因說明 | R8: 備註-商品名稱
A9: 排序 | B9: 半成品 | D9: 生產端 | J9: 組合端
B10: 名稱 | C10: 報廢金額 排序 | D10: 產出量 | J10: 報廢 | L10: 超用
D11: 訂單需求 (kg) | E11: 實際產出 (kg) | F11: 補單 (kg) | G11: 單價 (元) | H11: 實際生產 (對比訂單需求) | I11: 差異 (元) | J11: kg | K11: 占比 | L11: kg | M11: 占比 | N11: 金額 (元)
A12: 1 | B12: 義美業務用馬芬堡 | C12: 1532.71 | D12: 11714 | E12: 11714 | F12: 264.26 | G12: 5.8 | H12: =(E12+F12)/D12 -> 1.0225593 | I12: 1532.71 | J12: 264.26 | K12: =J12/D12 -> 0.022559331 | L12: =((E12+F12)-D12)-J12 -> 0 | M12: =L12/D12 -> 0 | N12: =L12*G12 -> 0 | O12: 組合端 | P12: 其他原因 | Q12: 1.包材過於貼體2.堡體無完全切斷分離，人員抓破損壞 | R12: 共用類
A13: 2 | B13: 打發QQ植鮮 | C13: 951.81 | D13: 151.09 | E13: 151.09 | F13: 12.26 | G13: 155.27 | H13: =(E13+F13)/D13 -> 1.0811437 | I13: 1903.61 | J13: 6.13 | K13: =J13/D13 -> 0.040571845 | L13: =((E13+F13)-D13)-J13 -> 6.13 | M13: =L13/D13 -> 0.040571845 | N13: =L13*G13 -> 951.8051 | O13: 組合端 | P13: 取樣不穩 | Q13: 人員冰杓定量手法不穩 | R13: 泰奶奶蓋QQ三明治
A14: 3 | B14: 打發QQ泰奶 | C14: 825.98 | D14: 172.68 | E14: 172.68 | F14: 9.19 | G14: 195.73 | H14: =(E14+F14)/D14 -> 1.0532198 | I14: 1798.76 | J14: 4.22 | K14: =J14/D14 -> 0.024438267 | L14: =((E14+F14)-D14)-J14 -> 4.97 | M14: =L14/D14 -> 0.028781561 | N14: =L14*G14 -> 972.7781 | O14: 組合端 | P14: 取樣不穩 | Q14: 人員冰杓定量手法不穩 | R14: 泰奶奶蓋QQ三明治
A15: 4 | B15: 墨西哥餅皮-菠菜(8英吋)新 | C15: 335.58 | D15: 6043 | E15: 6043 | F15: 47.94 | G15: 7 | H15: =(E15+F15)/D15 -> 1.0079331 | I15: 335.58 | J15: 47.94 | K15: =J15/D15 -> 0.0079331458 | L15: =((E15+F15)-D15)-J15 -> -3.9790393e-13 | M15: =L15/D15 -> -6.584543e-17 | N15: =L15*G15 -> -2.7853275e-12 | O15: 原物料 | P15: 原物料規格 | Q15: 菜梗太硬導致捲的時候破損 | R15: 共用類
A16: 5 | B16: 義美4吋芝麻漢堡 | C16: 220.53 | D16: 4993 | E16: 4993 | F16: 50.12 | G16: 4.4 | H16: =(E16+F16)/D16 -> 1.0100381 | I16: 220.53 | J16: 50.12 | K16: =J16/D16 -> 0.010038053 | L16: =((E16+F16)-D16)-J16 -> -1.0658141e-13 | M16: =L16/D16 -> -2.1346167e-17 | N16: =L16*G16 -> -4.6895821e-13 | O16: 組合端 | P16: 其他原因 | Q16: 包材過於貼體 | R16: 共用類
A17: 6 | B17: 四吋芝麻漢堡 | C17: 89.78 | D17: 3983 | E17: 3983 | F17: 20.64 | G17: 4.35 | H17: =(E17+F17)/D17 -> 1.005182 | I17: 89.78 | J17: 20.64 | K17: =J17/D17 -> 0.0051820236 | L17: =((E17+F17)-D17)-J17 -> -1.2789769e-13 | M17: =L17/D17 -> -3.2110894e-17 | N17: =L17*G17 -> -5.5635496e-13 | O17: 組合端 | P17: 其他原因 | Q17: 包材過於貼體 | R17: 經典雙牛起司堡(113年)
A18: 7 | B18: 自製花生奶油霜 | C18: 82.37 | D18: 34.51 | E18: 34.51 | F18: 0.72 | G18: 316.8 | H18: =(E18+F18)/D18 -> 1.0208635 | I18: 228.1 | J18: 0.26 | K18: =J18/D18 -> 0.0075340481 | L18: =((E18+F18)-D18)-J18 -> 0.46 | M18: =L18/D18 -> 0.01332947 | N18: =L18*G18 -> 145.728 | O18: 組合端 | P18: 取樣不穩 | Q18: 人員冰杓定量手法不穩 | R18: 花生芝麻麻糬三明治
A19: 8 | B19: 烤鹹蛋黃碎 | C19: 62.71 | D19: 7.42 | E19: 7.42 | F19: 0.1 | G19: 1567.63 | H19: =(E19+F19)/D19 -> 1.0134771 | I19: 156.76 | J19: 0.04 | K19: =J19/D19 -> 0.0053908356 | L19: =((E19+F19)-D19)-J19 -> 0.06 | M19: =L19/D19 -> 0.0080862534 | N19: =L19*G19 -> 94.0578 | O19: 組合端 | P19: 取樣不穩 | Q19: 人員抓樣手感不穩 | R19: 二配美味蟹煲
A20: 9 | B20: 韓式泡菜豆腐蘿蔔絲 | C20: 60.56 | D20: 62.3 | E20: 62.3 | F20: 1.13 | G20: 110.1 | H20: =(E20+F20)/D20 -> 1.018138 | I20: 124.41 | J20: 0.55 | K20: =J20/D20 -> 0.0088282504 | L20: =((E20+F20)-D20)-J20 -> 0.58 | M20: =L20/D20 -> 0.0093097913 | N20: =L20*G20 -> 63.858 | O20: 組合端 | P20: 取樣不穩 | Q20: 秤重物料，秤重精準度須持續校正 | R20: 共用類
A21: 10 | B21: 全熟香雞堡CL(全) | C21: 60.12 | D21: 2378 | E21: 2378 | F21: 8.35 | G21: 7.2 | H21: =(E21+F21)/D21 -> 1.0035114 | I21: 60.12 | J21: 8.35 | K21: =J21/D21 -> 0.0035113541 | L21: =((E21+F21)-D21)-J21 -> -9.0594199e-14 | M21: =L21/D21 -> -3.8096804e-17 | N21: =L21*G21 -> -6.5227823e-13 | O21: 組合端 | P21: 其他原因 | Q21: 包材過於貼體 | R21: 香雞蛋堡(112年)
A23: 超用金額前十名半成品
A24: 明細展開 | D24: 生產資訊 | O24: 類別 | P24: 分析原因 (請填寫8大原因) | Q24: 其他原因說明 | R24: 備註-商品名稱
A25: 排序 | B25: 半成品 | D25: 生產端 | J25: 組合端
B26: 名稱 | C26: 超用金額 排序 | D26: 產出量 | J26: 報廢 | M26: 超用
D27: 訂單需求 (kg) | E27: 實際產出 (kg) | F27: 補單 (kg) | G27: 單價 (元) | H27: 實際生產 (對比訂單需求) | I27: 差異 (元) | J27: kg | K27: 占比 | L27: 金額 (元) | M27: kg | N27: 占比
A28: 1 | B28: 電解消毒牛蕃茄切片(中) | C28: 8259.36 | D28: 69.97 | E28: 99.6 | F28: 0 | G28: 278.75 | H28: =(E28+F28)/D28 -> 1.4234672 | I28: 8259.36 | J28: 0 | K28: =J28/D28 -> 0 | L28: =J28*G28 -> 0 | M28: =((E28+F28)-D28)-J28 -> 29.63 | N28: =M28/D28 -> 0.4234672 | O28: 原物料 | P28: 原物料規格 | Q28: 物料規格過大(商品1顆開10片)，造成重量投入過多 | R28: 共用類
A29: 2 | B29: 烤卜蜂紐奧良腿排(減鈉版) | C29: 3550 | D29: 6513 | E29: 6513 | F29: 200 | G29: 17.75 | H29: =(E29+F29)/D29 -> 1.0307078 | I29: 3550 | J29: 0 | K29: =J29/D29 -> 0 | L29: =J29*G29 -> 0 | M29: =((E29+F29)-D29)-J29 -> 200 | N29: =M29/D29 -> 0.030707815 | O29: 原物料 | P29: 原物料規格 | Q29: 塊肉過畸形，MD強制尾端補肉 | R29: 紐奧良風味烤雞鮮蔬三明治
A30: 3 | B30: 打發QQ泰奶 | C30: 972.78 | D30: 172.68 | E30: 172.68 | F30: 9.19 | G30: 195.73 | H30: =(E30+F30)/D30 -> 1.0532198 | I30: 1798.76 | J30: 4.22 | K30: =J30/D30 -> 0.024438267 | L30: =J30*G30 -> 825.9806 | M30: =((E30+F30)-D30)-J30 -> 4.97 | N30: =M30/D30 -> 0.028781561 | O30: 組合室 | P30: 取樣不穩 | Q30: 冰杓定量挖取(使用量上會較起伏)，持續上抽測確認人員使用準確度 | R30: 泰奶奶蓋QQ三明治
A31: 4 | B31: 打發QQ植鮮 | C31: 951.8 | D31: 151.09 | E31: 151.09 | F31: 12.26 | G31: 155.27 | H31: =(E31+F31)/D31 -> 1.0811437 | I31: 1903.61 | J31: 6.13 | K31: =J31/D31 -> 0.040571845 | L31: =J31*G31 -> 951.8051 | M31: =((E31+F31)-D31)-J31 -> 6.13 | N31: =M31/D31 -> 0.040571845 | O31: 組合室 | P31: 取樣不穩 | Q31: 冰杓定量挖取(使用量上會較起伏)，持續上抽測確認人員使用準確度 | R31: 泰奶奶蓋QQ三明治
A32: 5 | B32: 果香甘口咖哩醬 | C32: 779.82 | D32: 511.87 | E32: 511.87 | F32: 10.65 | G32: 78.77 | H32: =(E32+F32)/D32 -> 1.0208061 | I32: 838.9 | J32: 0.75 | K32: =J32/D32 -> 0.0014652158 | L32: =J32*G32 -> 59.0775 | M32: =((E32+F32)-D32)-J32 -> 9.9 | N32: =M32/D32 -> 0.019340848 | O32: 組合室 | P32: 取樣不穩 | Q32: 注餡機使用(機器出料就有落差)，人員持續於線上不定時抽測重量 | R32: 二配金咖哩果香甘口咖哩飯
A33: 6 | B33: 鼎泰豐-黃金蛋炒飯(112年) | C33: 773.33 | D33: 525.28 | E33: 525.28 | F33: 13.66 | G33: 60.94 | H33: =(E33+F33)/D33 -> 1.0260052 | I33: 832.44 | J33: 0.97 | K33: =J33/D33 -> 0.0018466342 | L33: =J33*G33 -> 59.1118 | M33: =((E33+F33)-D33)-J33 -> 12.69 | N33: =M33/D33 -> 0.024158544 | O33: 組合室 | P33: 取樣不穩 | Q33: 秤重物料，秤重精準度須持續校正 | R33: 二配香辣醬蒜味香腸蛋炒飯
A34: 7 | B34: 鼎泰豐-煮麻婆豆腐(113年) | C34: 740.35 | D34: 255.37 | E34: 255.37 | F34: 5.97 | G34: 133.88 | H34: =(E34+F34)/D34 -> 1.0233778 | I34: 799.26 | J34: 0.44 | K34: =J34/D34 -> 0.0017229902 | L34: =J34*G34 -> 58.9072 | M34: =((E34+F34)-D34)-J34 -> 5.53 | N34: =M34/D34 -> 0.021654854 | O34: 組合室 | P34: 取樣不穩 | Q34: 秤重物料，秤重精準度須持續校正 | R34: 二配川味麻婆燒豆腐燴飯
A35: 8 | B35: 炒壽喜燒牛培根 | C35: 689.01 | D35: 68.88 | E35: 68.88 | F35: 1.79 | G35: 417.58 | H35: =(E35+F35)/D35 -> 1.0259872 | I35: 747.47 | J35: 0.14 | K35: =J35/D35 -> 0.0020325203 | L35: =J35*G35 -> 58.4612 | M35: =((E35+F35)-D35)-J35 -> 1.65 | N35: =M35/D35 -> 0.023954704 | O35: 組合室 | P35: 取樣不穩 | Q35: 秤重物料，秤重精準度須持續校正 | R35: 白味噌壽喜燒飯
A36: 9 | B36: 濃辛辣咖哩醬 | C36: 672.23 | D36: 442.44 | E36: 442.44 | F36: 9.2 | G36: 79.46 | H36: =(E36+F36)/D36 -> 1.0207938 | I36: 731.03 | J36: 0.74 | K36: =J36/D36 -> 0.0016725432 | L36: =J36*G36 -> 58.8004 | M36: =((E36+F36)-D36)-J36 -> 8.46 | N36: =M36/D36 -> 0.019121237 | O36: 組合室 | P36: 取樣不穩 | Q36: 注餡機使用(機器出料就有落差)，人員持續於線上不定時抽測重量 | R36: 二配金咖哩濃厚辛辣咖哩飯
A37: 10 | B37: 電解消毒十字切美生菜 | C37: 670.8 | D37: 199.15 | E37: 199.15 | F37: 4.66 | G37: 156.73 | H37: =(E37+F37)/D37 -> 1.0233994 | I37: 730.36 | J37: 0.38 | K37: =J37/D37 -> 0.0019081095 | L37: =J37*G37 -> 59.5574 | M37: =((E37+F37)-D37)-J37 -> 4.28 | N37: =M37/D37 -> 0.021491338 | O37: 組合室 | P37: 取樣不穩 | Q37: 原物料特性，梗葉比例重量差異，抓樣不穩 | R37: 共用類
A39: 共用類報廢金額前十名半成品
A40: 明細展開
A41: 排序 | B41: 半成品
B42: 名稱 | C42: 報廢金額 排序 | D42: 共用類總金額 占比
A44: 1 | B44: 義美業務用馬芬堡 | C44: 1532.71 | D44: =C44/$L$5 -> 0.45837096
A45: 2 | B45: 墨西哥餅皮-菠菜(8英吋)新 | C45: 335.58 | D45: =C45/$L$5 -> 0.10035827
A46: 3 | B46: 義美4吋芝麻漢堡 | C46: 220.53 | D46: =C46/$L$5 -> 0.065951517
A47: 4 | B47: 韓式泡菜豆腐蘿蔔絲 | C47: 60.56 | D47: =C47/$L$5 -> 0.018111023
A48: 5 | B48: 切新重煙燻火腿0.9mm | C48: 59.61 | D48: =C48/$L$5 -> 0.017826917
A49: 6 | B49: 電解消毒對切整葉廣東A | C49: 59.58 | D49: =C49/$L$5 -> 0.017817945
A50: 7 | B50: 電解消毒切段美生菜2-3cm | C50: 59.56 | D50: =C50/$L$5 -> 0.017811964
A51: 8 | B51: 電解消毒十字切美生菜 | C51: 59.56 | D51: =C51/$L$5 -> 0.017811964
A52: 9 | B52: (V)電解消毒小黃瓜絲 | C52: 59.39 | D52: =C52/$L$5 -> 0.017761124
A53: 10 | B53: 拌總匯雞蛋沙拉CL(112年) | C53: 59.11 | D53: =C53/$L$5 -> 0.017677387
A54: ※炊飯類不納入半成品廢棄計算
A56: ※淺黃色為工廠自填項目

Sheet 0925分析標準表 
A1: 新豐廠半成品管理分析
A2: 日期 | C2: 營業額 | D2: 報廢展開 | F2: 超用展開 | H2: 報廢展開 | J2: 超用展開 | L2: 報廢展開
A3: 45925 | C3: 5545534.9 | D3: 總報廢 | F3: 總超用 | H3: 報廢-前10名 | J3: 超用-前10名 | L3: 共用類-總報廢
D4: 金額 | E4: 占比(營業額) | F4: 金額 | G4: 占比(營業額) | H4: 金額 | I4: 占比(總報廢) | J4: 金額 | K4: 占比(總超用) | L4: 金額 | M4: 占比(總報廢)
A5: 年度KPI目標0.25% | D5: 13469.4 | E5: =D5/C3 -> 0.002428873 | F5: 41918.04 | G5: =F5/C3 -> 0.0075588813 | H5: =SUM(C12:C21) -> 9556.05 | I5: =H5/D5 -> 0.70946367 | J5: =SUM(C28:C37) -> 18735.58 | K5: =J5/F5 -> 0.44695744 | L5: 9883.65 | M5: =L5/D5 -> 0.73378547
A7: 報廢金額前十名半成品
A8: 明細展開 | D8: 生產資訊 | O8: 類別 | P8: 分析原因 (請填寫8大原因) | Q8: 其他原因說明 | R8: 備註-商品名稱
A9: 排序 | B9: 半成品 | D9: 生產端 | J9: 組合端
B10: 名稱 | C10: 報廢金額 排序 | D10: 產出量 | J10: 報廢 | L10: 超用
D11: 訂單需求 (kg) | E11: 實際產出 (kg) | F11: 補單 (kg) | G11: 單價 (元) | H11: 實際生產 (對比訂單需求) | I11: 差異 (元) | J11: kg | K11: 占比 | L11: kg | M11: 占比 | N11: 金額 (元)
A12: 1 | B12: 義美業務用馬芬堡 | C12: 7269.14 | D12: 14358 | E12: 14358 | F12: 1253.3 | G12: 5.8 | H12: =(E12+F12)/D12 -> 1.0872893 | I12: 7269.14 | J12: 1253.3 | K12: =J12/D12 -> 0.087289316 | L12: =((E12+F12)-D12)-J12 -> 0 | M12: =L12/D12 -> 0 | N12: =L12*G12 -> 0 | O12: 組合端 | P12: 其他原因 | Q12: 1.包材過於貼體2.堡體無完全切斷分離，人員抓破損壞 | R12: 共用類
A13: 2 | B13: 墨西哥餅皮-菠菜(8英吋)新 | C13: 952.49 | D13: 7973 | E13: 7973 | F13: 136.07 | G13: 7 | H13: =(E13+F13)/D13 -> 1.0170663 | I13: 952.49 | J13: 136.07 | K13: =J13/D13 -> 0.017066349 | L13: =((E13+F13)-D13)-J13 -> -2.8421709e-13 | M13: =L13/D13 -> -3.5647447e-17 | N13: =L13*G13 -> -1.9895197e-12 | O13: 原物料 | P13: 原物料規格 | Q13: 菜梗太硬導致捲的時候破損 | R13: 共用類
A14: 3 | B14: 電解消毒美生菜(三明治用) | C14: 427.35 | D14: 99.14 | E14: 99.14 | F14: 4.72 | G14: 203.5 | H14: =(E14+F14)/D14 -> 1.0476094 | I14: 960.52 | J14: 2.1 | K14: =J14/D14 -> 0.021182167 | L14: =((E14+F14)-D14)-J14 -> 2.62 | M14: =L14/D14 -> 0.026427275 | N14: =L14*G14 -> 533.17 | O14: 原物料 | P14: 原物料規格 | Q14: 原物料特性，梗葉比例重量差異大 | R14: 共用類
A15: 4 | B15: 義美4吋芝麻漢堡 | C15: 406.56 | D15: 5439 | E15: 5439 | F15: 92.4 | G15: 4.4 | H15: =(E15+F15)/D15 -> 1.0169884 | I15: 406.56 | J15: 92.4 | K15: =J15/D15 -> 0.016988417 | L15: =((E15+F15)-D15)-J15 -> -3.6948222e-13 | M15: =L15/D15 -> -6.7932014e-17 | N15: =L15*G15 -> -1.6257218e-12 | O15: 組合端 | P15: 其他原因 | Q15: 包材過於貼體 | R15: 共用類
A16: 5 | B16: 煮螺旋麵(沙拉用) | C16: 175.59 | D16: 148.85 | E16: 148.85 | F16: 9.04 | G16: 39.02 | H16: =(E16+F16)/D16 -> 1.0607323 | I16: 352.74 | J16: 4.5 | K16: =J16/D16 -> 0.030231777 | L16: =((E16+F16)-D16)-J16 -> 4.54 | M16: =L16/D16 -> 0.030500504 | N16: =L16*G16 -> 177.1508 | O16: 組合端 | P16: 抓樣不穩 | Q16: 秤重物料，秤重精準度須持續校正 | R16: 蔥鹽雞肉麵沙拉(114年)
A17: 6 | B17: 電解消毒雙色高麗菜絲(7:3) | C17: 107.05 | D17: 223.83 | E17: 223.83 | F17: 2.09 | G17: 99.12 | H17: =(E17+F17)/D17 -> 1.0093374 | I17: 207.16 | J17: 1.08 | K17: =J17/D17 -> 0.0048250905 | L17: =((E17+F17)-D17)-J17 -> 1.01 | M17: =L17/D17 -> 0.0045123531 | N17: =L17*G17 -> 100.1112 | O17: 組合端 | P17: 抓樣不穩 | Q17: 人員抓樣手感不穩 | R17: 共用類
A18: 7 | B18: 四吋芝麻漢堡 | C18: 79.04 | D18: 4539 | E18: 4539 | F18: 18.17 | G18: 4.35 | H18: =(E18+F18)/D18 -> 1.0040031 | I18: 79.04 | J18: 18.17 | K18: =J18/D18 -> 0.0040030844 | L18: =((E18+F18)-D18)-J18 -> 7.1054274e-14 | M18: =L18/D18 -> 1.5654169e-17 | N18: =L18*G18 -> 3.0908609e-13 | O18: 組合端 | P18: 其他原因 | Q18: 包材過於貼體 | R18: 經典雙牛起司堡(113年)
A19: 8 | B19: 韓式泡菜豆腐蘿蔔絲 | C19: 53.95 | D19: 85.8 | E19: 85.8 | F19: 0.99 | G19: 110.1 | H19: =(E19+F19)/D19 -> 1.0115385 | I19: 109 | J19: 0.49 | K19: =J19/D19 -> 0.0057109557 | L19: =((E19+F19)-D19)-J19 -> 0.5 | M19: =L19/D19 -> 0.0058275058 | N19: =L19*G19 -> 55.05 | O19: 組合端 | P19: 抓樣不穩 | Q19: 秤重物料，秤重精準度須持續校正 | R19: 共用類
A20: 9 | B20: 電解消毒混合紅K高麗絲 | C20: 47.18 | D20: 90.82 | E20: 90.82 | F20: 1.03 | G20: 104.84 | H20: =(E20+F20)/D20 -> 1.0113411 | I20: 107.99 | J20: 0.45 | K20: =J20/D20 -> 0.0049548558 | L20: =((E20+F20)-D20)-J20 -> 0.58 | M20: =L20/D20 -> 0.0063862585 | N20: =L20*G20 -> 60.8072 | O20: 組合端 | P20: 抓樣不穩 | Q20: 人員抓樣手感不穩 | R20: 共用類
A21: 10 | B21: 油亮後腿肉絲 | C21: 37.7 | D21: 41.41 | E21: 41.41 | F21: 1.09 | G21: 342.75 | H21: =(E21+F21)/D21 -> 1.0263221 | I21: 373.6 | J21: 0.11 | K21: =J21/D21 -> 0.0026563632 | L21: =((E21+F21)-D21)-J21 -> 0.98 | M21: =L21/D21 -> 0.023665781 | N21: =L21*G21 -> 335.895 | O21: 組合端 | P21: 抓樣不穩 | Q21: 秤重物料，秤重精準度須持續校正 | R21: 二配香拌海鮮醬肉絲蛋炒飯
A23: 超用金額前十名半成品
A24: 明細展開 | D24: 生產資訊 | O24: 類別 | P24: 分析原因 (請填寫8大原因) | Q24: 其他原因說明 | R24: 備註-商品名稱
A25: 排序 | B25: 半成品 | D25: 生產端 | J25: 組合端
B26: 名稱 | C26: 超用金額 排序 | D26: 產出量 | J26: 報廢 | M26: 超用
D27: 訂單需求 (kg) | E27: 實際產出 (kg) | F27: 補單 (kg) | G27: 單價 (元) | H27: 實際生產 (對比訂單需求) | I27: 差異 (元) | J27: kg | K27: 占比 | L27: 金額 (元) | M27: kg | N27: 占比
A28: 1 | B28: 電解消毒牛蕃茄切片(中) | C28: 8939.51 | D28: 104.33 | E28: 136.4 | F28: 0 | G28: 278.75 | H28: =(E28+F28)/D28 -> 1.30739 | I28: 8939.51 | J28: 0 | K28: =J28/D28 -> 0 | L28: =J28*G28 -> 0 | M28: =((E28+F28)-D28)-J28 -> 32.07 | N28: =M28/D28 -> 0.30739001 | O28: 原物料 | P28: 原物料規格 | Q28: 物料規格過大(商品1顆開10片)，造成重量投入過多 | R28: 共用類
A29: 2 | B29: 電解消毒十字切美生菜 | C29: 1352.58 | D29: 298.32 | E29: 298.32 | F29: 8.86 | G29: 156.73 | H29: =(E29+F29)/D29 -> 1.0296997 | I29: 1388.63 | J29: 0.23 | K29: =J29/D29 -> 0.00077098418 | L29: =J29*G29 -> 36.0479 | M29: =((E29+F29)-D29)-J29 -> 8.63 | N29: =M29/D29 -> 0.028928667 | O29: 組合室 | P29: 取樣不穩 | Q29: 原物料特性，梗葉比例重量差異，抓樣不穩 | R29: 共用類
A30: 3 | B30: 炒壽喜燒牛培根 | C30: 1223.51 | D30: 91.64 | E30: 91.64 | F30: 3.02 | G30: 417.58 | H30: =(E30+F30)/D30 -> 1.032955 | I30: 1261.09 | J30: 0.09 | K30: =J30/D30 -> 0.00098210388 | L30: =J30*G30 -> 37.5822 | M30: =((E30+F30)-D30)-J30 -> 2.93 | N30: =M30/D30 -> 0.031972938 | O30: 組合室 | P30: 取樣不穩 | Q30: 秤重物料，秤重精準度須持續校正 | R30: 白味噌壽喜燒飯
A31: 4 | B31: 果香甘口咖哩醬 | C31: 1155.56 | D31: 573.25 | E31: 573.25 | F31: 15.13 | G31: 78.77 | H31: =(E31+F31)/D31 -> 1.0263934 | I31: 1191.79 | J31: 0.46 | K31: =J31/D31 -> 0.00080244222 | L31: =J31*G31 -> 36.2342 | M31: =((E31+F31)-D31)-J31 -> 14.67 | N31: =M31/D31 -> 0.025590929 | O31: 組合室 | P31: 取樣不穩 | Q31: 注餡機使用(機器出料就有落差)，人員持續於線上不定時抽測重量 | R31: 二配金咖哩果香甘口咖哩飯
A32: 5 | B32: 鼎泰豐-煮麻婆豆腐(113年) | C32: 1137.98 | D32: 295.46 | E32: 295.46 | F32: 8.77 | G32: 133.88 | H32: =(E32+F32)/D32 -> 1.0296825 | I32: 1174.13 | J32: 0.27 | K32: =J32/D32 -> 0.00091382928 | L32: =J32*G32 -> 36.1476 | M32: =((E32+F32)-D32)-J32 -> 8.5 | N32: =M32/D32 -> 0.0287687 | O32: 組合室 | P32: 取樣不穩 | Q32: 秤重物料，秤重精準度須持續校正 | R32: 二配川味麻婆燒豆腐燴飯
A33: 6 | B33: 鼎泰豐-黃金蛋炒飯(112年) | C33: 1107.28 | D33: 568.4 | E33: 568.4 | F33: 18.76 | G33: 60.94 | H33: =(E33+F33)/D33 -> 1.0330049 | I33: 1143.23 | J33: 0.59 | K33: =J33/D33 -> 0.0010380014 | L33: =J33*G33 -> 35.9546 | M33: =((E33+F33)-D33)-J33 -> 18.17 | N33: =M33/D33 -> 0.031966925 | O33: 組合室 | P33: 取樣不穩 | Q33: 秤重物料，秤重精準度須持續校正 | R33: 二配香辣醬蒜味香腸蛋炒飯
A34: 7 | B34: 濃辛辣咖哩醬 | C34: 1003.58 | D34: 495.72 | E34: 495.72 | F34: 13.09 | G34: 79.46 | H34: =(E34+F34)/D34 -> 1.026406 | I34: 1040.13 | J34: 0.46 | K34: =J34/D34 -> 0.00092794319 | L34: =J34*G34 -> 36.5516 | M34: =((E34+F34)-D34)-J34 -> 12.63 | N34: =M34/D34 -> 0.025478092 | O34: 組合室 | P34: 取樣不穩 | Q34: 注餡機使用(機器出料就有落差)，人員持續於線上不定時抽測重量 | R34: 二配金咖哩濃厚辛辣咖哩飯
A35: 8 | B35: 電解消毒對切整葉廣東A | C35: 953.35 | D35: 95.93 | E35: 95.93 | F35: 3.16 | G35: 313.6 | H35: =(E35+F35)/D35 -> 1.0329407 | I35: 990.98 | J35: 0.12 | K35: =J35/D35 -> 0.0012509121 | L35: =J35*G35 -> 37.632 | M35: =((E35+F35)-D35)-J35 -> 3.04 | N35: =M35/D35 -> 0.031689774 | O35: 組合室 | P35: 取樣不穩 | Q35: 原物料特性，梗葉比例重量差異，抓樣不穩 | R35: 共用類
A36: 9 | B36: 海鮮醬炒飯 | C36: 950.54 | D36: 388.42 | E36: 388.42 | F36: 11.54 | G36: 85.48 | H36: =(E36+F36)/D36 -> 1.0297101 | I36: 986.44 | J36: 0.42 | K36: =J36/D36 -> 0.0010813037 | L36: =J36*G36 -> 35.9016 | M36: =((E36+F36)-D36)-J36 -> 11.12 | N36: =M36/D36 -> 0.028628804 | O36: 組合室 | P36: 取樣不穩 | Q36: 秤重物料，秤重精準度須持續校正 | R36: 二配香拌海鮮醬肉絲蛋炒飯
A37: 10 | B37: 蟹粉燴汁(114年) | C37: 911.69 | D37: 417.44 | E37: 417.44 | F37: 12.4 | G37: 76.42 | H37: =(E37+F37)/D37 -> 1.0297049 | I37: 947.61 | J37: 0.47 | K37: =J37/D37 -> 0.0011259103 | L37: =J37*G37 -> 35.9174 | M37: =((E37+F37)-D37)-J37 -> 11.93 | N37: =M37/D37 -> 0.028578957 | O37: 組合室 | P37: 取樣不穩 | Q37: 冰杓定量挖取(使用量上會較起伏)，持續上抽測確認人員使用準確度 | R37: 二配美味蟹煲
A39: 共用類報廢金額前十名半成品
A40: 明細展開
A41: 排序 | B41: 半成品
B42: 名稱 | C42: 報廢金額 排序 | D42: 共用類總金額 占比
A44: 1 | B44: 義美業務用馬芬堡 | C44: 6305.18 | D44: =C44/$L$5 -> 0.63794044
A45: 2 | B45: 電解消毒美生菜(三明治用) | C45: 960.52 | D45: =C45/$L$5 -> 0.097182721
A46: 3 | B46: 墨西哥餅皮-菠菜(8英吋)新 | C46: 952.49 | D46: =C46/$L$5 -> 0.096370268
A47: 4 | B47: 義美4吋芝麻漢堡 | C47: 406.56 | D47: =C47/$L$5 -> 0.041134601
A48: 5 | B48: 電解消毒雙色高麗菜絲(7:3) | C48: 207.16 | D48: =C48/$L$5 -> 0.020959868
A49: 6 | B49: 韓式泡菜豆腐蘿蔔絲 | C49: 109 | D49: =C49/$L$5 -> 0.011028314
A50: 7 | B50: 電解消毒混合紅K高麗絲 | C50: 107.99 | D50: =C50/$L$5 -> 0.010926125
A51: 8 | B51: 電解消毒對切整葉廣東A | C51: 37.63 | D51: =C51/$L$5 -> 0.0038072979
A52: 9 | B52: 電解消毒蔥花 | C52: 37.21 | D52: =C52/$L$5 -> 0.0037648035
A53: 10 | B53: 煮韓式辣醬(114.07) | C53: 37.21 | D53: =C53/$L$5 -> 0.0037648035
A54: ※炊飯類不納入半成品廢棄計算
A56: ※淺黃色為工廠自填項目

Sheet 0924分析標準表 
A1: 新豐廠半成品管理分析
A2: 日期 | C2: 營業額 | D2: 報廢展開 | F2: 超用展開 | H2: 報廢展開 | J2: 超用展開 | L2: 報廢展開
A3: 45924 | C3: 6068582.9 | D3: 總報廢 | F3: 總超用 | H3: 報廢-前10名 | J3: 超用-前10名 | L3: 共用類-總報廢
D4: 金額 | E4: 占比(營業額) | F4: 金額 | G4: 占比(營業額) | H4: 金額 | I4: 占比(總報廢) | J4: 金額 | K4: 占比(總超用) | L4: 金額 | M4: 占比(總報廢)
A5: 年度KPI目標0.25% | D5: 14813.97 | E5: =D5/C3 -> 0.0024410921 | F5: 44604.22 | G5: =F5/C3 -> 0.0073500224 | H5: =SUM(C12:C21) -> 5286.27 | I5: =H5/D5 -> 0.35684357 | J5: =SUM(C28:C37) -> 22623.27 | K5: =J5/F5 -> 0.50720022 | L5: 5923.48 | M5: =L5/D5 -> 0.3998577
A7: 報廢金額前十名半成品
A8: 明細展開 | D8: 生產資訊 | O8: 類別 | P8: 分析原因 (請填寫8大原因) | Q8: 其他原因說明 | R8: 備註-商品名稱
A9: 排序 | B9: 半成品 | D9: 生產端 | J9: 組合端
B10: 名稱 | C10: 報廢金額 排序 | D10: 產出量 | J10: 報廢 | L10: 超用
D11: 訂單需求 (kg) | E11: 實際產出 (kg) | F11: 補單 (kg) | G11: 單價 (元) | H11: 實際生產 (對比訂單需求) | I11: 差異 (元) | J11: kg | K11: 占比 | L11: kg | M11: 占比 | N11: 金額 (元)
A12: 1 | B12: 墨西哥餅皮-原味(8英吋)新 | C12: 1485.7 | D12: 7466 | E12: 7466 | F12: 225.79 | G12: 6.58 | H12: =(E12+F12)/D12 -> 1.0302424 | I12: 1485.7 | J12: 225.79 | K12: =J12/D12 -> 0.030242432 | L12: =((E12+F12)-D12)-J12 -> 0 | M12: =L12/D12 -> 0 | N12: =L12*G12 -> 0 | O12: 原物料 | P12: 原物料規格 | Q12: 菜梗太硬導致捲的時候破損 | R12: 共用類
A13: 2 | B13: 義美業務用馬芬堡 | C13: 1038.14 | D13: 15462 | E13: 15462 | F13: 178.99 | G13: 5.8 | H13: =(E13+F13)/D13 -> 1.0115761 | I13: 1038.14 | J13: 178.99 | K13: =J13/D13 -> 0.011576122 | L13: =((E13+F13)-D13)-J13 -> -2.2737368e-13 | M13: =L13/D13 -> -1.4705321e-17 | N13: =L13*G13 -> -1.3187673e-12 | O13: 組合端 | P13: 其他原因 | Q13: 1.包材過於貼體2.堡體無完全切斷分離，人員抓破損壞 | R13: 共用類
A14: 3 | B14: 電解消毒切段美生菜2-3cm | C14: 542.32 | D14: 225.35 | E14: 225.35 | F14: 6.9 | G14: 156.74 | H14: =(E14+F14)/D14 -> 1.030619 | I14: 1081.51 | J14: 3.46 | K14: =J14/D14 -> 0.015353894 | L14: =((E14+F14)-D14)-J14 -> 3.44 | M14: =L14/D14 -> 0.015265143 | N14: =L14*G14 -> 539.1856 | O14: 原物料 | P14: 原物料規格 | Q14: 原物料特性，梗葉比例重量差異大 | R14: 共用類
A15: 4 | B15: 打發QQ泰奶 | C15: 489.33 | D15: 191.3 | E15: 191.3 | F15: 5.2 | G15: 195.73 | H15: =(E15+F15)/D15 -> 1.0271824 | I15: 1017.8 | J15: 2.5 | K15: =J15/D15 -> 0.013068479 | L15: =((E15+F15)-D15)-J15 -> 2.7 | M15: =L15/D15 -> 0.014113957 | N15: =L15*G15 -> 528.471 | O15: 組合端 | P15: 抓樣不穩 | Q15: 人員冰杓定量手法不穩 | R15: 泰奶奶蓋QQ三明治
A16: 5 | B16: 墨西哥餅皮-菠菜(8英吋)新 | C16: 378.63 | D16: 8869 | E16: 8869 | F16: 54.09 | G16: 7 | H16: =(E16+F16)/D16 -> 1.0060988 | I16: 378.63 | J16: 54.09 | K16: =J16/D16 -> 0.006098771 | L16: =((E16+F16)-D16)-J16 -> 1.4210855e-13 | M16: =L16/D16 -> 1.6023063e-17 | N16: =L16*G16 -> 9.9475983e-13 | O16: 原物料 | P16: 原物料規格 | Q16: 菜梗太硬導致捲的時候破損 | R16: 共用類
A17: 6 | B17: 義美4吋芝麻漢堡 | C17: 344.87 | D17: 5464 | E17: 5464 | F17: 78.38 | G17: 4.4 | H17: =(E17+F17)/D17 -> 1.0143448 | I17: 344.87 | J17: 78.38 | K17: =J17/D17 -> 0.014344802 | L17: =((E17+F17)-D17)-J17 -> 1.1368684e-13 | M17: =L17/D17 -> 2.0806522e-17 | N17: =L17*G17 -> 5.0022209e-13 | O17: 組合端 | P17: 其他原因 | Q17: 包材過於貼體 | R17: 共用類
A18: 7 | B18: 蒸鼎泰豐香辣醬 | C18: 316.32 | D18: 24.99 | E18: 24.99 | F18: 0.68 | G18: 930.36 | H18: =(E18+F18)/D18 -> 1.0272109 | I18: 632.64 | J18: 0.34 | K18: =J18/D18 -> 0.013605442 | L18: =((E18+F18)-D18)-J18 -> 0.34 | M18: =L18/D18 -> 0.013605442 | N18: =L18*G18 -> 316.3224 | O18: 組合端 | P18: 抓樣不穩 | Q18: 人員冰杓定量手法不穩 | R18: 二配香辣醬蒜味香腸蛋炒飯
A19: 8 | B19: 電解消毒雙色高麗菜絲(7:3) | C19: 309.25 | D19: 261.31 | E19: 261.31 | F19: 6.22 | G19: 99.12 | H19: =(E19+F19)/D19 -> 1.0238031 | I19: 616.53 | J19: 3.12 | K19: =J19/D19 -> 0.011939842 | L19: =((E19+F19)-D19)-J19 -> 3.1 | M19: =L19/D19 -> 0.011863304 | N19: =L19*G19 -> 307.272 | O19: 組合端 | P19: 抓樣不穩 | Q19: 人員抓樣手感不穩 | R19: 共用類
A20: 9 | B20: 煮螺旋麵(沙拉用) | C20: 261.82 | D20: 168.9 | E20: 168.9 | F20: 13.37 | G20: 39.02 | H20: =(E20+F20)/D20 -> 1.0791593 | I20: 521.7 | J20: 6.71 | K20: =J20/D20 -> 0.039727649 | L20: =((E20+F20)-D20)-J20 -> 6.66 | M20: =L20/D20 -> 0.039431616 | N20: =L20*G20 -> 259.8732 | O20: 組合端 | P20: 抓樣不穩 | Q20: 秤重物料，秤重精準度須持續校正 | R20: 蔥鹽雞肉麵沙拉(114年)
A21: 10 | B21: 電解消毒切段廣東A | C21: 119.89 | D21: 29.57 | E21: 29.57 | F21: 1.01 | G21: 278.82 | H21: =(E21+F21)/D21 -> 1.0341562 | I21: 281.61 | J21: 0.43 | K21: =J21/D21 -> 0.014541765 | L21: =((E21+F21)-D21)-J21 -> 0.58 | M21: =L21/D21 -> 0.019614474 | N21: =L21*G21 -> 161.7156 | O21: 原物料 | P21: 原物料規格 | Q21: 原物料特性，梗葉比例重量差異大 | R21: 共用類
A23: 超用金額前十名半成品
A24: 明細展開 | D24: 生產資訊 | O24: 類別 | P24: 分析原因 (請填寫8大原因) | Q24: 其他原因說明 | R24: 備註-商品名稱
A25: 排序 | B25: 半成品 | D25: 生產端 | J25: 組合端
B26: 名稱 | C26: 超用金額 排序 | D26: 產出量 | J26: 報廢 | M26: 超用
D27: 訂單需求 (kg) | E27: 實際產出 (kg) | F27: 補單 (kg) | G27: 單價 (元) | H27: 實際生產 (對比訂單需求) | I27: 差異 (元) | J27: kg | K27: 占比 | L27: 金額 (元) | M27: kg | N27: 占比
A28: 1 | B28: 電解消毒牛蕃茄切片(中) | C28: 12161.86 | D28: 115.76 | E28: 159.39 | F28: 0 | G28: 278.75 | H28: =(E28+F28)/D28 -> 1.3769005 | I28: 12161.86 | J28: 0 | K28: =J28/D28 -> 0 | L28: =J28*G28 -> 0 | M28: =((E28+F28)-D28)-J28 -> 43.63 | N28: =M28/D28 -> 0.37690048 | O28: 原物料 | P28: 原物料規格 | Q28: 物料規格過大(商品1顆開10片)，造成重量投入過多 | R28: 共用類
A29: 2 | B29: 電解消毒十字切美生菜 | C29: 1459.16 | D29: 324.97 | E29: 324.97 | F29: 9.94 | G29: 156.73 | H29: =(E29+F29)/D29 -> 1.0305874 | I29: 1557.9 | J29: 0.63 | K29: =J29/D29 -> 0.0019386405 | L29: =J29*G29 -> 98.7399 | M29: =((E29+F29)-D29)-J29 -> 9.31 | N29: =M29/D29 -> 0.028648798 | O29: 組合室 | P29: 取樣不穩 | Q29: 原物料特性，梗葉比例重量差異，抓樣不穩 | R29: 共用類
A30: 3 | B30: 鼎泰豐-煮麻婆豆腐(113年) | C30: 1346.83 | D30: 352.87 | E30: 352.87 | F30: 10.8 | G30: 133.88 | H30: =(E30+F30)/D30 -> 1.0306062 | I30: 1445.9 | J30: 0.74 | K30: =J30/D30 -> 0.0020970896 | L30: =J30*G30 -> 99.0712 | M30: =((E30+F30)-D30)-J30 -> 10.06 | N30: =M30/D30 -> 0.028509083 | O30: 組合室 | P30: 取樣不穩 | Q30: 秤重物料，秤重精準度須持續校正 | R30: 二配川味麻婆燒豆腐燴飯
A31: 4 | B31: 炒壽喜燒牛培根 | C31: 1277.79 | D31: 97.08 | E31: 97.08 | F31: 3.3 | G31: 417.58 | H31: =(E31+F31)/D31 -> 1.0339926 | I31: 1378.01 | J31: 0.24 | K31: =J31/D31 -> 0.0024721879 | L31: =J31*G31 -> 100.2192 | M31: =((E31+F31)-D31)-J31 -> 3.06 | N31: =M31/D31 -> 0.031520396 | O31: 組合室 | P31: 取樣不穩 | Q31: 秤重物料，秤重精準度須持續校正 | R31: 白味噌壽喜燒飯
A32: 5 | B32: 果香甘口咖哩醬 | C32: 1194.94 | D32: 603.94 | E32: 603.94 | F32: 16.43 | G32: 78.77 | H32: =(E32+F32)/D32 -> 1.0272047 | I32: 1294.19 | J32: 1.26 | K32: =J32/D32 -> 0.0020863 | L32: =J32*G32 -> 99.2502 | M32: =((E32+F32)-D32)-J32 -> 15.17 | N32: =M32/D32 -> 0.025118389 | O32: 組合室 | P32: 取樣不穩 | Q32: 注餡機使用(機器出料就有落差)，人員持續於線上不定時抽測重量 | R32: 二配金咖哩果香甘口咖哩飯
A33: 6 | B33: 海鮮醬炒飯 | C33: 1113.8 | D33: 463.76 | E33: 463.76 | F33: 14.19 | G33: 85.48 | H33: =(E33+F33)/D33 -> 1.0305977 | I33: 1212.96 | J33: 1.16 | K33: =J33/D33 -> 0.0025012938 | L33: =J33*G33 -> 99.1568 | M33: =((E33+F33)-D33)-J33 -> 13.03 | N33: =M33/D33 -> 0.028096429 | O33: 組合室 | P33: 取樣不穩 | Q33: 秤重物料，秤重精準度須持續校正 | R33: 二配香拌海鮮醬肉絲蛋炒飯
A34: 7 | B34: 電解消毒對切整葉廣東A | C34: 1094.47 | D34: 111.99 | E34: 111.99 | F34: 3.81 | G34: 313.6 | H34: =(E34+F34)/D34 -> 1.0340209 | I34: 1194.82 | J34: 0.32 | K34: =J34/D34 -> 0.002857398 | L34: =J34*G34 -> 100.352 | M34: =((E34+F34)-D34)-J34 -> 3.49 | N34: =M34/D34 -> 0.031163497 | O34: 組合室 | P34: 取樣不穩 | Q34: 原物料特性，梗葉比例重量差異，抓樣不穩 | R34: 共用類
A35: 8 | B35: 濃辛辣咖哩醬 | C35: 1065.55 | D35: 539.1 | E35: 539.1 | F35: 14.66 | G35: 79.46 | H35: =(E35+F35)/D35 -> 1.0271935 | I35: 1164.88 | J35: 1.25 | K35: =J35/D35 -> 0.0023186793 | L35: =J35*G35 -> 99.325 | M35: =((E35+F35)-D35)-J35 -> 13.41 | N35: =M35/D35 -> 0.024874791 | O35: 組合室 | P35: 取樣不穩 | Q35: 注餡機使用(機器出料就有落差)，人員持續於線上不定時抽測重量 | R35: 二配金咖哩濃厚辛辣咖哩飯
A36: 9 | B36: 蟹粉燴汁(114年) | C36: 988.87 | D36: 465.44 | E36: 465.44 | F36: 14.24 | G36: 76.42 | H36: =(E36+F36)/D36 -> 1.0305947 | I36: 1088.22 | J36: 1.3 | K36: =J36/D36 -> 0.002793056 | L36: =J36*G36 -> 99.346 | M36: =((E36+F36)-D36)-J36 -> 12.94 | N36: =M36/D36 -> 0.02780165 | O36: 組合室 | P36: 取樣不穩 | Q36: 冰杓定量挖取(使用量上會較起伏)，持續上抽測確認人員使用準確度 | R36: 二配美味蟹煲
A37: 10 | B37: 川燙醃嫩化淨零碳排牛肉片 | C37: 920 | D37: 36.75 | E37: 36.75 | F37: 1.25 | G37: 814.16 | H37: =(E37+F37)/D37 -> 1.0340136 | I37: 1017.7 | J37: 0.12 | K37: =J37/D37 -> 0.0032653061 | L37: =J37*G37 -> 97.6992 | M37: =((E37+F37)-D37)-J37 -> 1.13 | N37: =M37/D37 -> 0.030748299 | O37: 組合室 | P37: 研發設定 | Q37: 秤重物料，秤重精準度須持續校正(過多難剝除) | R37: 二配港式香滑嫩蛋牛肉燴飯
A39: 共用類報廢金額前十名半成品
A40: 明細展開
A41: 排序 | B41: 半成品
B42: 名稱 | C42: 報廢金額 排序 | D42: 共用類總金額 占比
A44: 1 | B44: 墨西哥餅皮-原味(8英吋)新 | C44: 1485.7 | D44: =C44/$L$5 -> 0.2508154
A45: 2 | B45: 義美業務用馬芬堡 | C45: 1038.14 | D45: =C45/$L$5 -> 0.17525846
A46: 3 | B46: 電解消毒切段美生菜2-3cm | C46: 542.32 | D46: =C46/$L$5 -> 0.091554289
A47: 4 | B47: 墨西哥餅皮-菠菜(8英吋)新 | C47: 378.63 | D47: =C47/$L$5 -> 0.063920196
A48: 5 | B48: 義美4吋芝麻漢堡 | C48: 344.87 | D48: =C48/$L$5 -> 0.058220843
A49: 6 | B49: 電解消毒雙色高麗菜絲(7:3) | C49: 309.25 | D49: =C49/$L$5 -> 0.052207486
A50: 7 | B50: 電解消毒切段廣東A | C50: 119.89 | D50: =C50/$L$5 -> 0.020239791
A51: 8 | B51: 義美4吋無芝麻漢堡 | C51: 115.37 | D51: =C51/$L$5 -> 0.019476727
A52: 9 | B52: 電解消毒混合紅K高麗絲 | C52: 100.65 | D52: =C52/$L$5 -> 0.016991701
A53: 10 | B53: 電解消毒對切整葉廣東A | C53: 100.35 | D53: =C53/$L$5 -> 0.016941055
A54: ※炊飯類不納入半成品廢棄計算
A56: ※淺黃色為工廠自填項目

Sheet 0923分析標準表 
A1: 新豐廠半成品管理分析
A2: 日期 | C2: 營業額 | D2: 報廢展開 | F2: 超用展開 | H2: 報廢展開 | J2: 超用展開 | L2: 報廢展開
A3: 45923 | C3: 6204692.1 | D3: 總報廢 | F3: 總超用 | H3: 報廢-前10名 | J3: 超用-前10名 | L3: 共用類-總報廢
D4: 金額 | E4: 占比(營業額) | F4: 金額 | G4: 占比(營業額) | H4: 金額 | I4: 占比(總報廢) | J4: 金額 | K4: 占比(總超用) | L4: 金額 | M4: 占比(總報廢)
A5: 年度KPI目標0.25% | D5: 15162.66 | E5: =D5/C3 -> 0.0024437409 | F5: 47064.9 | G5: =F5/C3 -> 0.0075853724 | H5: =SUM(C12:C21) -> 5397.74 | I5: =H5/D5 -> 0.35598899 | J5: =SUM(C28:C37) -> 24833.93 | K5: =J5/F5 -> 0.52765288 | L5: 6848.97 | M5: =L5/D5 -> 0.45169977
A7: 報廢金額前十名半成品
A8: 明細展開 | D8: 生產資訊 | O8: 類別 | P8: 分析原因 (請填寫8大原因) | Q8: 其他原因說明 | R8: 備註-商品名稱
A9: 排序 | B9: 半成品 | D9: 生產端 | J9: 組合端
B10: 名稱 | C10: 報廢金額 排序 | D10: 產出量 | J10: 報廢 | L10: 超用
D11: 訂單需求 (kg) | E11: 實際產出 (kg) | F11: 補單 (kg) | G11: 單價 (元) | H11: 實際生產 (對比訂單需求) | I11: 差異 (元) | J11: kg | K11: 占比 | L11: kg | M11: 占比 | N11: 金額 (元)
A12: 1 | B12: 墨西哥餅皮-原味(8英吋)新 | C12: 2092.57 | D12: 7623 | E12: 7623 | F12: 318.02 | G12: 6.58 | H12: =(E12+F12)/D12 -> 1.0417185 | I12: 2092.57 | J12: 318.02 | K12: =J12/D12 -> 0.041718484 | L12: =((E12+F12)-D12)-J12 -> 4.5474735e-13 | M12: =L12/D12 -> 5.9654644e-17 | N12: =L12*G12 -> 2.9922376e-12 | O12: 原物料 | P12: 原物料規格 | Q12: 菜梗太硬導致捲的時候破損 | R12: 共用類
A13: 2 | B13: 義美業務用馬芬堡 | C13: 1473.03 | D13: 15482 | E13: 15482 | F13: 253.97 | G13: 5.8 | H13: =(E13+F13)/D13 -> 1.0164042 | I13: 1473.03 | J13: 253.97 | K13: =J13/D13 -> 0.016404211 | L13: =((E13+F13)-D13)-J13 -> -6.5369932e-13 | M13: =L13/D13 -> -4.2223183e-17 | N13: =L13*G13 -> -3.791456e-12 | O13: 組合端 | P13: 其他原因 | Q13: 1.包材過於貼體2.堡體無完全切斷分離，人員抓破損壞 | R13: 共用類
A14: 3 | B14: 電解消毒對切整葉廣東A | C14: 511.17 | D14: 114.35 | E14: 114.35 | F14: 3.32 | G14: 313.6 | H14: =(E14+F14)/D14 -> 1.0290337 | I14: 1041.15 | J14: 1.63 | K14: =J14/D14 -> 0.014254482 | L14: =((E14+F14)-D14)-J14 -> 1.69 | M14: =L14/D14 -> 0.014779187 | N14: =L14*G14 -> 529.984 | O14: 原物料 | P14: 原物料規格 | Q14: 原物料特性，梗葉比例重量差異大 | R14: 共用類
A15: 4 | B15: 墨西哥餅皮-菠菜(8英吋)新 | C15: 486.36 | D15: 8999 | E15: 8999 | F15: 69.48 | G15: 7 | H15: =(E15+F15)/D15 -> 1.0077209 | I15: 486.36 | J15: 69.48 | K15: =J15/D15 -> 0.0077208579 | L15: =((E15+F15)-D15)-J15 -> -4.405365e-13 | M15: =L15/D15 -> -4.8953939e-17 | N15: =L15*G15 -> -3.0837555e-12 | O15: 原物料 | P15: 原物料規格 | Q15: 菜梗太硬導致捲的時候破損 | R15: 共用類
A16: 5 | B16: 義美4吋芝麻漢堡 | C16: 218.28 | D16: 5611 | E16: 5611 | F16: 49.61 | G16: 4.4 | H16: =(E16+F16)/D16 -> 1.0088416 | I16: 218.28 | J16: 49.61 | K16: =J16/D16 -> 0.0088415612 | L16: =((E16+F16)-D16)-J16 -> -3.2684966e-13 | M16: =L16/D16 -> -5.8251588e-17 | N16: =L16*G16 -> -1.4381385e-12 | O16: 組合端 | P16: 其他原因 | Q16: 包材過於貼體 | R16: 共用類
A17: 6 | B17: 電解消毒雙色高麗菜絲(7:3) | C17: 188.33 | D17: 266.81 | E17: 266.81 | F17: 3.87 | G17: 99.12 | H17: =(E17+F17)/D17 -> 1.0145047 | I17: 383.59 | J17: 1.9 | K17: =J17/D17 -> 0.0071211724 | L17: =((E17+F17)-D17)-J17 -> 1.97 | M17: =L17/D17 -> 0.0073835314 | N17: =L17*G17 -> 195.2664 | O17: 組合端 | P17: 抓樣不穩 | Q17: 人員抓樣手感不穩 | R17: 共用類
A18: 7 | B18: 義美4吋無芝麻漢堡 | C18: 125.17 | D18: 3975 | E18: 3975 | F18: 29.11 | G18: 4.3 | H18: =(E18+F18)/D18 -> 1.0073233 | I18: 125.17 | J18: 29.11 | K18: =J18/D18 -> 0.0073232704 | L18: =((E18+F18)-D18)-J18 -> 1.2789769e-13 | M18: =L18/D18 -> 3.217552e-17 | N18: =L18*G18 -> 5.4996008e-13 | O18: 組合端 | P18: 其他原因 | Q18: 包材過於貼體 | R18: 共用類
A19: 8 | B19: 韓式泡菜豆腐蘿蔔絲 | C19: 111.2 | D19: 97.98 | E19: 97.98 | F19: 1.99 | G19: 110.1 | H19: =(E19+F19)/D19 -> 1.0203103 | I19: 219.1 | J19: 1.01 | K19: =J19/D19 -> 0.010308226 | L19: =((E19+F19)-D19)-J19 -> 0.98 | M19: =L19/D19 -> 0.010002041 | N19: =L19*G19 -> 107.898 | O19: 組合端 | P19: 抓樣不穩 | Q19: 秤重物料，秤重精準度須持續校正 | R19: 共用類
A20: 9 | B20: 四吋芝麻漢堡 | C20: 97.57 | D20: 5018 | E20: 5018 | F20: 22.43 | G20: 4.35 | H20: =(E20+F20)/D20 -> 1.0044699 | I20: 97.57 | J20: 22.43 | K20: =J20/D20 -> 0.0044699083 | L20: =((E20+F20)-D20)-J20 -> 2.9132252e-13 | M20: =L20/D20 -> 5.8055505e-17 | N20: =L20*G20 -> 1.267253e-12 | O20: 組合端 | P20: 其他原因 | Q20: 包材過於貼體 | R20: 經典雙牛起司堡(113年)
A21: 10 | B21: 烤鹹蛋黃碎 | C21: 94.06 | D21: 9.23 | E21: 9.23 | F21: 0.13 | G21: 1567.63 | H21: =(E21+F21)/D21 -> 1.0140845 | I21: 203.79 | J21: 0.06 | K21: =J21/D21 -> 0.0065005417 | L21: =((E21+F21)-D21)-J21 -> 0.07 | M21: =L21/D21 -> 0.0075839653 | N21: =L21*G21 -> 109.7341 | O21: 組合端 | P21: 抓樣不穩 | Q21: 人員抓樣手感不穩 | R21: 二配美味蟹煲
A23: 超用金額前十名半成品
A24: 明細展開 | D24: 生產資訊 | O24: 類別 | P24: 分析原因 (請填寫8大原因) | Q24: 其他原因說明 | R24: 備註-商品名稱
A25: 排序 | B25: 半成品 | D25: 生產端 | J25: 組合端
B26: 名稱 | C26: 超用金額 排序 | D26: 產出量 | J26: 報廢 | M26: 超用
D27: 訂單需求 (kg) | E27: 實際產出 (kg) | F27: 補單 (kg) | G27: 單價 (元) | H27: 實際生產 (對比訂單需求) | I27: 差異 (元) | J27: kg | K27: 占比 | L27: 金額 (元) | M27: kg | N27: 占比
A28: 1 | B28: 電解消毒牛蕃茄切片(中) | C28: 14829.5 | D28: 118.8 | E28: 172 | F28: 0 | G28: 278.75 | H28: =(E28+F28)/D28 -> 1.4478114 | I28: 14829.5 | J28: 0 | K28: =J28/D28 -> 0 | L28: =J28*G28 -> 0 | M28: =((E28+F28)-D28)-J28 -> 53.2 | N28: =M28/D28 -> 0.44781145 | O28: 原物料 | P28: 原物料規格 | Q28: 物料規格過大(商品1顆開10片)，造成重量投入過多 | R28: 共用類
A29: 2 | B29: 烤卜蜂紐奧良腿排(減鈉版) | C29: 1775 | D29: 10412 | E29: 10412 | F29: 100 | G29: 17.75 | H29: =(E29+F29)/D29 -> 1.0096043 | I29: 1775 | J29: 0 | K29: =J29/D29 -> 0 | L29: =J29*G29 -> 0 | M29: =((E29+F29)-D29)-J29 -> 100 | N29: =M29/D29 -> 0.0096043027 | O29: 原物料 | P29: 原物料規格 | Q29: 塊肉過畸形，MD強制尾端補肉 | R29: 紐奧良風味烤雞鮮蔬三明治
A30: 3 | B30: 電解消毒十字切美生菜 | C30: 1266.38 | D30: 331.63 | E30: 331.63 | F30: 8.66 | G30: 156.73 | H30: =(E30+F30)/D30 -> 1.0261134 | I30: 1357.28 | J30: 0.58 | K30: =J30/D30 -> 0.0017489371 | L30: =J30*G30 -> 90.9034 | M30: =((E30+F30)-D30)-J30 -> 8.08 | N30: =M30/D30 -> 0.024364503 | O30: 組合室 | P30: 抓樣不穩 | Q30: 原物料特性，梗葉比例重量差異，抓樣不穩 | R30: 共用類
A31: 4 | B31: 鼎泰豐-煮麻婆豆腐(113年) | C31: 1152.71 | D31: 356.15 | E31: 356.15 | F31: 9.29 | G31: 133.88 | H31: =(E31+F31)/D31 -> 1.0260845 | I31: 1243.75 | J31: 0.68 | K31: =J31/D31 -> 0.0019093079 | L31: =J31*G31 -> 91.0384 | M31: =((E31+F31)-D31)-J31 -> 8.61 | N31: =M31/D31 -> 0.024175207 | O31: 組合室 | P31: 抓樣不穩 | Q31: 秤重物料，秤重精準度須持續校正 | R31: 二配川味麻婆燒豆腐燴飯
A32: 5 | B32: 鼎泰豐-黃金蛋炒飯(112年) | C32: 1102.4 | D32: 675.36 | E32: 675.36 | F32: 19.59 | G32: 60.94 | H32: =(E32+F32)/D32 -> 1.0290068 | I32: 1193.81 | J32: 1.5 | K32: =J32/D32 -> 0.0022210377 | L32: =J32*G32 -> 91.41 | M32: =((E32+F32)-D32)-J32 -> 18.09 | N32: =M32/D32 -> 0.026785714 | O32: 組合室 | P32: 抓樣不穩 | Q32: 秤重物料，秤重精準度須持續校正 | R32: 二配香辣醬蒜味香腸蛋炒飯
A33: 6 | B33: 海鮮醬炒飯 | C33: 1024.91 | D33: 500.21 | E33: 500.21 | F33: 13.06 | G33: 85.48 | H33: =(E33+F33)/D33 -> 1.026109 | I33: 1116.37 | J33: 1.07 | K33: =J33/D33 -> 0.0021391016 | L33: =J33*G33 -> 91.4636 | M33: =((E33+F33)-D33)-J33 -> 11.99 | N33: =M33/D33 -> 0.023969933 | O33: 組合室 | P33: 抓樣不穩 | Q33: 秤重物料，秤重精準度須持續校正 | R33: 二配香拌海鮮醬肉絲蛋炒飯
A34: 7 | B34: 果香甘口咖哩醬 | C34: 993.29 | D34: 593.34 | E34: 593.34 | F34: 13.77 | G34: 78.77 | H34: =(E34+F34)/D34 -> 1.0232076 | I34: 1084.66 | J34: 1.16 | K34: =J34/D34 -> 0.0019550342 | L34: =J34*G34 -> 91.3732 | M34: =((E34+F34)-D34)-J34 -> 12.61 | N34: =M34/D34 -> 0.02125257 | O34: 組合室 | P34: 抓樣不穩 | Q34: 注餡機使用(機器出料就有落差)，人員持續於線上不定時抽測重量 | R34: 二配金咖哩果香甘口咖哩飯
A35: 8 | B35: 濃辛辣咖哩醬 | C35: 922.53 | D35: 550.08 | E35: 550.08 | F35: 12.76 | G35: 79.46 | H35: =(E35+F35)/D35 -> 1.0231966 | I35: 1013.91 | J35: 1.15 | K35: =J35/D35 -> 0.002090605 | L35: =J35*G35 -> 91.379 | M35: =((E35+F35)-D35)-J35 -> 11.61 | N35: =M35/D35 -> 0.021106021 | O35: 組合室 | P35: 抓樣不穩 | Q35: 注餡機使用(機器出料就有落差)，人員持續於線上不定時抽測重量 | R35: 二配金咖哩濃厚辛辣咖哩飯
A36: 9 | B36: 蟹粉燴汁(114年) | C36: 890.29 | D36: 492.16 | E36: 492.16 | F36: 12.84 | G36: 76.42 | H36: =(E36+F36)/D36 -> 1.0260891 | I36: 981.23 | J36: 1.19 | K36: =J36/D36 -> 0.0024179129 | L36: =J36*G36 -> 90.9398 | M36: =((E36+F36)-D36)-J36 -> 11.65 | N36: =M36/D36 -> 0.023671164 | O36: 組合室 | P36: 抓樣不穩 | Q36: 冰杓定量挖取(使用量上會較起伏)，持續上抽測確認人員使用準確度 | R36: 二配美味蟹煲
A37: 10 | B37: 炒壽喜燒牛培根 | C37: 876.92 | D37: 80.08 | E37: 80.08 | F37: 2.32 | G37: 417.58 | H37: =(E37+F37)/D37 -> 1.028971 | I37: 968.79 | J37: 0.22 | K37: =J37/D37 -> 0.0027472527 | L37: =J37*G37 -> 91.8676 | M37: =((E37+F37)-D37)-J37 -> 2.1 | N37: =M37/D37 -> 0.026223776 | O37: 組合室 | P37: 抓樣不穩 | Q37: 秤重物料，秤重精準度須持續校正 | R37: 白味噌壽喜燒飯
A39: 共用類報廢金額前十名半成品
A40: 明細展開
A41: 排序 | B41: 半成品
B42: 名稱 | C42: 報廢金額 排序 | D42: 共用類總金額 占比
A44: 1 | B44: 墨西哥餅皮-原味(8英吋)新 | C44: 2092.57 | D44: =C44/$L$5 -> 0.30553061
A45: 2 | B45: 義美業務用馬芬堡 | C45: 1473.03 | D45: =C45/$L$5 -> 0.21507322
A46: 3 | B46: 電解消毒對切整葉廣東A | C46: 511.17 | D46: =C46/$L$5 -> 0.07463458
A47: 4 | B47: 墨西哥餅皮-菠菜(8英吋)新 | C47: 486.36 | D47: =C47/$L$5 -> 0.071012138
A48: 5 | B48: 義美4吋芝麻漢堡 | C48: 218.28 | D48: =C48/$L$5 -> 0.031870486
A49: 6 | B49: 電解消毒雙色高麗菜絲(7:3) | C49: 188.33 | D49: =C49/$L$5 -> 0.027497565
A50: 7 | B50: 義美4吋無芝麻漢堡 | C50: 125.17 | D50: =C50/$L$5 -> 0.018275741
A51: 8 | B51: 韓式泡菜豆腐蘿蔔絲 | C51: 111.2 | D51: =C51/$L$5 -> 0.016236018
A52: 9 | B52: 電解消毒混合紅K高麗絲 | C52: 93.31 | D52: =C52/$L$5 -> 0.013623946
A53: 10 | B53: 電解消毒切段廣東A | C53: 92.01 | D53: =C53/$L$5 -> 0.013434137
A54: ※炊飯類不納入半成品廢棄計算
A56: ※淺黃色為工廠自填項目

Sheet 0922分析標準表 
A1: 新豐廠半成品管理分析
A2: 日期 | C2: 營業額 | D2: 報廢展開 | F2: 超用展開 | H2: 報廢展開 | J2: 超用展開 | L2: 報廢展開
A3: 45922 | C3: 6192295.3 | D3: 總報廢 | F3: 總超用 | H3: 報廢-前10名 | J3: 超用-前10名 | L3: 共用類-總報廢
D4: 金額 | E4: 占比(營業額) | F4: 金額 | G4: 占比(營業額) | H4: 金額 | I4: 占比(總報廢) | J4: 金額 | K4: 占比(總超用) | L4: 金額 | M4: 占比(總報廢)
A5: 年度KPI目標0.25% | D5: 15139.46 | E5: =D5/C3 -> 0.0024448866 | F5: 46173.88 | G5: =F5/C3 -> 0.0074566663 | H5: =SUM(C12:C21) -> 6077.39 | I5: =H5/D5 -> 0.40142713 | J5: =SUM(C28:C37) -> 26810.7 | K5: =J5/F5 -> 0.58064646 | L5: 6900.44 | M5: =L5/D5 -> 0.45579169
A7: 報廢金額前十名半成品
A8: 明細展開 | D8: 生產資訊 | O8: 類別 | P8: 分析原因 (請填寫8大原因) | Q8: 其他原因說明 | R8: 備註-商品名稱
A9: 排序 | B9: 半成品 | D9: 生產端 | J9: 組合端
B10: 名稱 | C10: 報廢金額 排序 | D10: 產出量 | J10: 報廢 | L10: 超用
D11: 訂單需求 (kg) | E11: 實際產出 (kg) | F11: 補單 (kg) | G11: 單價 (元) | H11: 實際生產 (對比訂單需求) | I11: 差異 (元) | J11: kg | K11: 占比 | L11: kg | M11: 占比 | N11: 金額 (元)
A12: 1 | B12: 墨西哥餅皮-菠菜(8英吋)新 | C12: 1423.8 | D12: 9685 | E12: 9685 | F12: 203.4 | G12: 7 | H12: =(E12+F12)/D12 -> 1.0210015 | I12: 1423.8 | J12: 203.4 | K12: =J12/D12 -> 0.021001549 | L12: =((E12+F12)-D12)-J12 -> -3.6948222e-13 | M12: =L12/D12 -> -3.8149946e-17 | N12: =L12*G12 -> -2.5863756e-12 | O12: 原物料 | P12: 原物料規格 | Q12: 菜梗太硬導致捲的時候破損 | R12: 共用類
A13: 2 | B13: 墨西哥餅皮-原味(8英吋)新 | C13: 1244.94 | D13: 7707 | E13: 7707 | F13: 189.2 | G13: 6.58 | H13: =(E13+F13)/D13 -> 1.0245491 | I13: 1244.94 | J13: 189.2 | K13: =J13/D13 -> 0.024549111 | L13: =((E13+F13)-D13)-J13 -> 0 | M13: =L13/D13 -> 0 | N13: =L13*G13 -> 0 | O13: 原物料 | P13: 原物料規格 | Q13: 菜梗太硬導致捲的時候破損 | R13: 共用類
A14: 3 | B14: 蒸鼎泰豐香辣醬 | C14: 911.75 | D14: 26.55 | E14: 26.55 | F14: 2 | G14: 930.36 | H14: =(E14+F14)/D14 -> 1.0753296 | I14: 1860.72 | J14: 0.98 | K14: =J14/D14 -> 0.036911488 | L14: =((E14+F14)-D14)-J14 -> 1.02 | M14: =L14/D14 -> 0.038418079 | N14: =L14*G14 -> 948.9672 | O14: 組合端 | P14: 抓樣不穩 | Q14: 人員冰杓定量手法不穩 | R14: 二配香辣醬蒜味香腸蛋炒飯
A15: 4 | B15: 義美業務用馬芬堡 | C15: 870 | D15: 16035 | E15: 16035 | F15: 150 | G15: 5.8 | H15: =(E15+F15)/D15 -> 1.0093545 | I15: 870 | J15: 150 | K15: =J15/D15 -> 0.009354537 | L15: =((E15+F15)-D15)-J15 -> 0 | M15: =L15/D15 -> 0 | N15: =L15*G15 -> 0 | O15: 組合端 | P15: 其他原因 | Q15: 1.包材過於貼體2.堡體無完全切斷分離，人員抓破損壞 | R15: 共用類
A16: 5 | B16: 電解消毒對切整葉廣東A | C16: 504.9 | D16: 115.61 | E16: 115.61 | F16: 5.43 | G16: 313.6 | H16: =(E16+F16)/D16 -> 1.0469683 | I16: 1702.85 | J16: 1.61 | K16: =J16/D16 -> 0.013926131 | L16: =((E16+F16)-D16)-J16 -> 3.82 | M16: =L16/D16 -> 0.033042124 | N16: =L16*G16 -> 1197.952 | O16: 原物料 | P16: 原物料規格 | Q16: 菜梗太硬導致捲的時候破損 | R16: 共用類
A17: 6 | B17: 拌總匯雞蛋沙拉CL(112年) | C17: 413.78 | D17: 331.95 | E17: 331.95 | F17: 9.36 | G17: 95.34 | H17: =(E17+F17)/D17 -> 1.028197 | I17: 892.38 | J17: 4.34 | K17: =J17/D17 -> 0.013074258 | L17: =((E17+F17)-D17)-J17 -> 5.02 | M17: =L17/D17 -> 0.015122759 | N17: =L17*G17 -> 478.6068 | O17: 組合端 | P17: 抓樣不穩 | Q17: 人員冰杓定量手法不穩 | R17: 共用類
A18: 7 | B18: 韓式泡菜豆腐蘿蔔絲 | C18: 200.38 | D18: 109.33 | E18: 109.33 | F18: 3.6 | G18: 110.1 | H18: =(E18+F18)/D18 -> 1.0329278 | I18: 396.36 | J18: 1.82 | K18: =J18/D18 -> 0.016646849 | L18: =((E18+F18)-D18)-J18 -> 1.78 | M18: =L18/D18 -> 0.016280984 | N18: =L18*G18 -> 195.978 | O18: 組合端 | P18: 抓樣不穩 | Q18: 秤重物料，秤重精準度須持續校正 | R18: 共用類
A19: 8 | B19: 義美4吋芝麻漢堡 | C19: 184.62 | D19: 6012 | E19: 6012 | F19: 41.96 | G19: 4.4 | H19: =(E19+F19)/D19 -> 1.0069794 | I19: 184.62 | J19: 41.96 | K19: =J19/D19 -> 0.0069793746 | L19: =((E19+F19)-D19)-J19 -> 0 | M19: =L19/D19 -> 0 | N19: =L19*G19 -> 0 | O19: 組合端 | P19: 其他原因 | Q19: 包材過於貼體 | R19: 共用類
A20: 9 | B20: 電解消毒紫洋蔥(去皮)切絲 | C20: 175.43 | D20: 35.62 | E20: 35.62 | F20: 3.09 | G20: 113.18 | H20: =(E20+F20)/D20 -> 1.086749 | I20: 349.73 | J20: 1.55 | K20: =J20/D20 -> 0.043514879 | L20: =((E20+F20)-D20)-J20 -> 1.54 | M20: =L20/D20 -> 0.043234138 | N20: =L20*G20 -> 174.2972 | O20: 組合端 | P20: 抓樣不穩 | Q20: 人員抓樣手感不穩 | R20: 莎莎烤雞麵沙拉
A21: 10 | B21: 藍莓優格奶油霜(114.05) | C21: 147.79 | D21: 36.08 | E21: 36.08 | F21: 1.53 | G21: 268.71 | H21: =(E21+F21)/D21 -> 1.0424058 | I21: 411.13 | J21: 0.55 | K21: =J21/D21 -> 0.015243902 | L21: =((E21+F21)-D21)-J21 -> 0.98 | M21: =L21/D21 -> 0.027161863 | N21: =L21*G21 -> 263.3358 | O21: 組合端 | P21: 抓樣不穩 | Q21: 人員冰杓定量手法不穩 | R21: 藍莓優格三明治(114年)
A23: 超用金額前十名半成品
A24: 明細展開 | D24: 生產資訊 | O24: 類別 | P24: 分析原因 (請填寫8大原因) | Q24: 其他原因說明 | R24: 備註-商品名稱
A25: 排序 | B25: 半成品 | D25: 生產端 | J25: 組合端
B26: 名稱 | C26: 超用金額 排序 | D26: 產出量 | J26: 報廢 | M26: 超用
D27: 訂單需求 (kg) | E27: 實際產出 (kg) | F27: 補單 (kg) | G27: 單價 (元) | H27: 實際生產 (對比訂單需求) | I27: 差異 (元) | J27: kg | K27: 占比 | L27: 金額 (元) | M27: kg | N27: 占比
A28: 1 | B28: 電解消毒牛蕃茄切片(中) | C28: 13984.89 | D28: 127.16 | E28: 177.33 | F28: 0 | G28: 278.75 | H28: =(E28+F28)/D28 -> 1.3945423 | I28: 13984.89 | J28: 0 | K28: =J28/D28 -> 0 | L28: =J28*G28 -> 0 | M28: =((E28+F28)-D28)-J28 -> 50.17 | N28: =M28/D28 -> 0.39454231 | O28: 原物料 | P28: 原物料規格 | Q28: 物料規格過大(商品1顆開10片)，造成重量投入過多 | R28: 共用類
A29: 2 | B29: 電解消毒十字切美生菜 | C29: 2159.74 | D29: 348 | E29: 348 | F29: 14.72 | G29: 156.73 | H29: =(E29+F29)/D29 -> 1.0422989 | I29: 2307.07 | J29: 0.94 | K29: =J29/D29 -> 0.0027011494 | L29: =J29*G29 -> 147.3262 | M29: =((E29+F29)-D29)-J29 -> 13.78 | N29: =M29/D29 -> 0.039597701 | O29: 組合室 | P29: 抓樣不穩 | Q29: 原物料特性，梗葉比例重量差異，抓樣不穩 | R29: 共用類
A30: 3 | B30: 鼎泰豐-煮麻婆豆腐(113年) | C30: 1903.77 | D30: 362.08 | E30: 362.08 | F30: 15.32 | G30: 133.88 | H30: =(E30+F30)/D30 -> 1.0423111 | I30: 2051.04 | J30: 1.1 | K30: =J30/D30 -> 0.0030380027 | L30: =J30*G30 -> 147.268 | M30: =((E30+F30)-D30)-J30 -> 14.22 | N30: =M30/D30 -> 0.039273089 | O30: 組合室 | P30: 抓樣不穩 | Q30: 秤重物料，秤重精準度須持續校正 | R30: 二配川味麻婆燒豆腐燴飯
A31: 4 | B31: 電解消毒切段美生菜2-3cm | C31: 1399.68 | D31: 233.22 | E31: 233.22 | F31: 9.87 | G31: 156.74 | H31: =(E31+F31)/D31 -> 1.0423206 | I31: 1547.02 | J31: 0.94 | K31: =J31/D31 -> 0.0040305291 | L31: =J31*G31 -> 147.3356 | M31: =((E31+F31)-D31)-J31 -> 8.93 | N31: =M31/D31 -> 0.038290027 | O31: 組合室 | P31: 抓樣不穩 | Q31: 原物料特性，梗葉比例重量差異，抓樣不穩 | R31: 共用類
A32: 5 | B32: 鮪魚沙拉(113.05) | C32: 1362.16 | D32: 236.58 | E32: 236.58 | F32: 7.78 | G32: 194.04 | H32: =(E32+F32)/D32 -> 1.0328853 | I32: 1509.63 | J32: 0.76 | K32: =J32/D32 -> 0.003212444 | L32: =J32*G32 -> 147.4704 | M32: =((E32+F32)-D32)-J32 -> 7.02 | N32: =M32/D32 -> 0.029672838 | O32: 組合室 | P32: 抓樣不穩 | Q32: 冰杓定量挖取(使用量上會較起伏)，持續上抽測確認人員使用準確度 | R32: 鮪魚起司溏心蛋三明治
A33: 6 | B33: 炒壽喜燒牛培根 | C33: 1344.61 | D33: 75.96 | E33: 75.96 | F33: 3.57 | G33: 417.58 | H33: =(E33+F33)/D33 -> 1.0469984 | I33: 1490.76 | J33: 0.35 | K33: =J33/D33 -> 0.0046076883 | L33: =J33*G33 -> 146.153 | M33: =((E33+F33)-D33)-J33 -> 3.22 | N33: =M33/D33 -> 0.042390732 | O33: 組合室 | P33: 抓樣不穩 | Q33: 秤重物料，秤重精準度須持續校正 | R33: 白味噌壽喜燒飯
A34: 7 | B34: 川燙醃嫩化淨零碳排牛肉片 | C34: 1318.94 | D34: 38.21 | E34: 38.21 | F34: 1.8 | G34: 814.16 | H34: =(E34+F34)/D34 -> 1.0471081 | I34: 1465.49 | J34: 0.18 | K34: =J34/D34 -> 0.0047108087 | L34: =J34*G34 -> 146.5488 | M34: =((E34+F34)-D34)-J34 -> 1.62 | N34: =M34/D34 -> 0.042397278 | O34: 組合室 | P34: 研發設定 | Q34: 秤重物料，秤重精準度須持續校正(過多難剝除) | R34: 二配港式香滑嫩蛋牛肉燴飯
A35: 8 | B35: 電解消毒對切整葉廣東A | C35: 1197.95 | D35: 115.61 | E35: 115.61 | F35: 5.43 | G35: 313.6 | H35: =(E35+F35)/D35 -> 1.0469683 | I35: 1702.85 | J35: 1.61 | K35: =J35/D35 -> 0.013926131 | L35: =J35*G35 -> 504.896 | M35: =((E35+F35)-D35)-J35 -> 3.82 | N35: =M35/D35 -> 0.033042124 | O35: 組合室 | P35: 抓樣不穩 | Q35: 原物料特性，梗葉比例重量差異，抓樣不穩 | R35: 共用類
A36: 9 | B36: 蒸基礎風味雞肉絲 | C36: 1078.72 | D36: 106.24 | E36: 106.24 | F36: 2.99 | G36: 410.16 | H36: =(E36+F36)/D36 -> 1.0281438 | I36: 1226.38 | J36: 0.36 | K36: =J36/D36 -> 0.0033885542 | L36: =J36*G36 -> 147.6576 | M36: =((E36+F36)-D36)-J36 -> 2.63 | N36: =M36/D36 -> 0.024755271 | O36: 組合室 | P36: 抓樣不穩 | Q36: 秤重物料，秤重精準度須持續校正 | R36: 共用類
A37: 10 | B37: 電解消毒美生菜(三明治用) | C37: 1060.24 | D37: 126.23 | E37: 126.23 | F37: 5.93 | G37: 203.5 | H37: =(E37+F37)/D37 -> 1.0469777 | I37: 1206.76 | J37: 0.72 | K37: =J37/D37 -> 0.0057038739 | L37: =J37*G37 -> 146.52 | M37: =((E37+F37)-D37)-J37 -> 5.21 | N37: =M37/D37 -> 0.041273865 | O37: 組合室 | P37: 抓樣不穩 | Q37: 原物料特性，梗葉比例重量差異，抓樣不穩 | R37: 共用類
A39: 共用類報廢金額前十名半成品
A40: 明細展開
A41: 排序 | B41: 半成品
B42: 名稱 | C42: 報廢金額 排序 | D42: 共用類總金額 占比
A44: 1 | B44: 墨西哥餅皮-菠菜(8英吋)新 | C44: 1423.8 | D44: =C44/$L$5 -> 0.20633467
A45: 2 | B45: 墨西哥餅皮-原味(8英吋)新 | C45: 1244.94 | D45: =C45/$L$5 -> 0.18041458
A46: 3 | B46: 義美業務用馬芬堡 | C46: 870 | D46: =C46/$L$5 -> 0.12607892
A47: 4 | B47: 電解消毒對切整葉廣東A | C47: 504.9 | D47: =C47/$L$5 -> 0.073169247
A48: 5 | B48: 拌總匯雞蛋沙拉CL(112年) | C48: 413.78 | D48: =C48/$L$5 -> 0.059964292
A49: 6 | B49: 韓式泡菜豆腐蘿蔔絲 | C49: 200.38 | D49: =C49/$L$5 -> 0.029038728
A50: 7 | B50: 義美4吋芝麻漢堡 | C50: 184.62 | D50: =C50/$L$5 -> 0.026754816
A51: 8 | B51: 電解消毒切段廣東A | C51: 147.77 | D51: =C51/$L$5 -> 0.021414576
A52: 9 | B52: (V)電解消毒小黃瓜絲 | C52: 147.66 | D52: =C52/$L$5 -> 0.021398635
A53: 10 | B53: 蒸基礎風味雞肉絲 | C53: 147.66 | D53: =C53/$L$5 -> 0.021398635
A54: ※炊飯類不納入半成品廢棄計算
A56: ※淺黃色為工廠自填項目

Sheet 0921分析標準表 
A1: 新豐廠半成品管理分析
A2: 日期 | C2: 營業額 | D2: 報廢展開 | F2: 超用展開 | H2: 報廢展開 | J2: 超用展開 | L2: 報廢展開
A3: 45921 | C3: 6327228.9 | D3: 總報廢 | F3: 總超用 | H3: 報廢-前10名 | J3: 超用-前10名 | L3: 共用類-總報廢
D4: 金額 | E4: 占比(營業額) | F4: 金額 | G4: 占比(營業額) | H4: 金額 | I4: 占比(總報廢) | J4: 金額 | K4: 占比(總超用) | L4: 金額 | M4: 占比(總報廢)
A5: 年度KPI目標0.25% | D5: 15236.53 | E5: =D5/C3 -> 0.002408089 | F5: 47269.14 | G5: =F5/C3 -> 0.0074707492 | H5: =SUM(C12:C21) -> 5852.16 | I5: =H5/D5 -> 0.38408745 | J5: =SUM(C28:C37) -> 29421.1 | K5: =J5/F5 -> 0.62241665 | L5: 7145.83 | M5: =L5/D5 -> 0.46899327
A7: 報廢金額前十名半成品
A8: 明細展開 | D8: 生產資訊 | O8: 類別 | P8: 分析原因 (請填寫8大原因) | Q8: 其他原因說明 | R8: 備註-商品名稱
A9: 排序 | B9: 半成品 | D9: 生產端 | J9: 組合端
B10: 名稱 | C10: 報廢金額 排序 | D10: 產出量 | J10: 報廢 | L10: 超用
D11: 訂單需求 (kg) | E11: 實際產出 (kg) | F11: 補單 (kg) | G11: 單價 (元) | H11: 實際生產 (對比訂單需求) | I11: 差異 (元) | J11: kg | K11: 占比 | L11: kg | M11: 占比 | N11: 金額 (元)
A12: 1 | B12: 義美業務用馬芬堡 | C12: 2276.27 | D12: 16334 | E12: 16334 | F12: 392.46 | G12: 5.8 | H12: =(E12+F12)/D12 -> 1.0240272 | I12: 2276.27 | J12: 392.46 | K12: =J12/D12 -> 0.024027183 | L12: =((E12+F12)-D12)-J12 -> -8.5265128e-13 | M12: =L12/D12 -> -5.2201009e-17 | N12: =L12*G12 -> -4.9453774e-12 | O12: 組合端 | P12: 其他原因 | Q12: 1.包材過於貼體2.堡體無完全切斷分離，人員抓破損壞 | R12: 共用類
A13: 2 | B13: 墨西哥餅皮-原味(8英吋)新 | C13: 1550.51 | D13: 8004 | E13: 8004 | F13: 235.64 | G13: 6.58 | H13: =(E13+F13)/D13 -> 1.0294403 | I13: 1550.51 | J13: 235.64 | K13: =J13/D13 -> 0.02944028 | L13: =((E13+F13)-D13)-J13 -> -5.6843419e-13 | M13: =L13/D13 -> -7.1018764e-17 | N13: =L13*G13 -> -3.740297e-12 | O13: 原物料 | P13: 原物料規格 | Q13: 菜梗太硬導致捲的時候破損 | R13: 共用類
A14: 3 | B14: 墨西哥餅皮-菠菜(8英吋)新 | C14: 729.82 | D14: 10053 | E14: 10053 | F14: 104.26 | G14: 7 | H14: =(E14+F14)/D14 -> 1.010371 | I14: 729.82 | J14: 104.26 | K14: =J14/D14 -> 0.010371034 | L14: =((E14+F14)-D14)-J14 -> 2.1316282e-13 | M14: =L14/D14 -> 2.1203901e-17 | N14: =L14*G14 -> 1.4921397e-12 | O14: 原物料 | P14: 原物料規格 | Q14: 菜梗太硬導致捲的時候破損 | R14: 共用類
A15: 4 | B15: 義美4吋芝麻漢堡 | C15: 314.73 | D15: 6004 | E15: 6004 | F15: 71.53 | G15: 4.4 | H15: =(E15+F15)/D15 -> 1.0119137 | I15: 314.73 | J15: 71.53 | K15: =J15/D15 -> 0.011913724 | L15: =((E15+F15)-D15)-J15 -> -2.5579538e-13 | M15: =L15/D15 -> -4.2604161e-17 | N15: =L15*G15 -> -1.1254997e-12 | O15: 組合端 | P15: 其他原因 | Q15: 包材過於貼體 | R15: 共用類
A16: 5 | B16: (V)電解消毒小黃瓜絲 | C16: 239.15 | D16: 102.56 | E16: 102.56 | F16: 2.98 | G16: 160.5 | H16: =(E16+F16)/D16 -> 1.0290562 | I16: 478.29 | J16: 1.49 | K16: =J16/D16 -> 0.014528081 | L16: =((E16+F16)-D16)-J16 -> 1.49 | M16: =L16/D16 -> 0.014528081 | N16: =L16*G16 -> 239.145 | O16: 組合端 | P16: 抓樣不穩 | Q16: 人員抓樣手感不穩 | R16: 共用類
A17: 6 | B17: 電解消毒紫洋蔥(去皮)切絲 | C17: 187.88 | D17: 36.37 | E17: 36.37 | F17: 3.56 | G17: 113.18 | H17: =(E17+F17)/D17 -> 1.0978829 | I17: 402.92 | J17: 1.66 | K17: =J17/D17 -> 0.045642013 | L17: =((E17+F17)-D17)-J17 -> 1.9 | M17: =L17/D17 -> 0.052240858 | N17: =L17*G17 -> 215.042 | O17: 組合端 | P17: 抓樣不穩 | Q17: 人員抓樣手感不穩 | R17: 莎莎烤雞麵沙拉
A18: 7 | B18: 煮螺旋麵(沙拉用) | C18: 163.49 | D18: 186.8 | E18: 186.8 | F18: 9.74 | G18: 39.02 | H18: =(E18+F18)/D18 -> 1.0521413 | I18: 380.05 | J18: 4.19 | K18: =J18/D18 -> 0.022430407 | L18: =((E18+F18)-D18)-J18 -> 5.55 | M18: =L18/D18 -> 0.029710921 | N18: =L18*G18 -> 216.561 | O18: 組合端 | P18: 抓樣不穩 | Q18: 秤重物料，秤重精準度須持續校正 | R18: 蔥鹽雞肉麵沙拉(114年)
A19: 8 | B19: 電解消毒雙色高麗菜絲(7:3) | C19: 150.66 | D19: 280.14 | E19: 280.14 | F19: 5.69 | G19: 99.12 | H19: =(E19+F19)/D19 -> 1.0203113 | I19: 563.99 | J19: 1.52 | K19: =J19/D19 -> 0.0054258585 | L19: =((E19+F19)-D19)-J19 -> 4.17 | M19: =L19/D19 -> 0.014885414 | N19: =L19*G19 -> 413.3304 | O19: 組合端 | P19: 抓樣不穩 | Q19: 人員抓樣手感不穩 | R19: 共用類
A20: 9 | B20: 韓式泡菜豆腐蘿蔔絲 | C20: 129.92 | D20: 116.13 | E20: 116.13 | F20: 2.36 | G20: 110.1 | H20: =(E20+F20)/D20 -> 1.0203221 | I20: 259.84 | J20: 1.18 | K20: =J20/D20 -> 0.010161026 | L20: =((E20+F20)-D20)-J20 -> 1.18 | M20: =L20/D20 -> 0.010161026 | N20: =L20*G20 -> 129.918 | O20: 組合端 | P20: 抓樣不穩 | Q20: 秤重物料，秤重精準度須持續校正 | R20: 共用類
A21: 10 | B21: 烤鹹蛋黃碎 | C21: 109.73 | D21: 10.04 | E21: 10.04 | F21: 0.15 | G21: 1567.63 | H21: =(E21+F21)/D21 -> 1.0149402 | I21: 235.14 | J21: 0.07 | K21: =J21/D21 -> 0.0069721116 | L21: =((E21+F21)-D21)-J21 -> 0.08 | M21: =L21/D21 -> 0.0079681275 | N21: =L21*G21 -> 125.4104 | O21: 組合端 | P21: 抓樣不穩 | Q21: 人員抓樣手感不穩 | R21: 二配美味蟹煲
A23: 超用金額前十名半成品
A24: 明細展開 | D24: 生產資訊 | O24: 類別 | P24: 分析原因 (請填寫8大原因) | Q24: 其他原因說明 | R24: 備註-商品名稱
A25: 排序 | B25: 半成品 | D25: 生產端 | J25: 組合端
B26: 名稱 | C26: 超用金額 排序 | D26: 產出量 | J26: 報廢 | M26: 超用
D27: 訂單需求 (kg) | E27: 實際產出 (kg) | F27: 補單 (kg) | G27: 單價 (元) | H27: 實際生產 (對比訂單需求) | I27: 差異 (元) | J27: kg | K27: 占比 | L27: 金額 (元) | M27: kg | N27: 占比
A28: 1 | B28: 電解消毒牛蕃茄切片(中) | C28: 13000.9 | D28: 126.66 | E28: 172.85 | F28: 0.82 | G28: 278.75 | H28: =(E28+F28)/D28 -> 1.3711511 | I28: 13104.04 | J28: 0.37 | K28: =J28/D28 -> 0.0029212064 | L28: =J28*G28 -> 103.1375 | M28: =((E28+F28)-D28)-J28 -> 46.64 | N28: =M28/D28 -> 0.36822991 | O28: 原物料 | P28: 原物料規格 | Q28: 物料規格過大(商品1顆開10片)，造成重量投入過多 | R28: 共用類
A29: 2 | B29: 烤卜蜂紐奧良腿排(減鈉版) | C29: 8875 | D29: 10275 | E29: 10275 | F29: 500 | G29: 17.75 | H29: =(E29+F29)/D29 -> 1.0486618 | I29: 8875 | J29: 0 | K29: =J29/D29 -> 0 | L29: =J29*G29 -> 0 | M29: =((E29+F29)-D29)-J29 -> 500 | N29: =M29/D29 -> 0.0486618 | O29: 原物料 | P29: 原物料規格 | Q29: 塊肉過畸形，MD強制尾端補肉 | R29: 紐奧良風味烤雞鮮蔬三明治
A30: 3 | B30: 電解消毒十字切美生菜 | C30: 993.67 | D30: 344.98 | E30: 344.98 | F30: 7 | G30: 156.73 | H30: =(E30+F30)/D30 -> 1.020291 | I30: 1097.11 | J30: 0.66 | K30: =J30/D30 -> 0.0019131544 | L30: =J30*G30 -> 103.4418 | M30: =((E30+F30)-D30)-J30 -> 6.34 | N30: =M30/D30 -> 0.018377877 | O30: 組合室 | P30: 抓樣不穩 | Q30: 原物料特性，梗葉比例重量差異，抓樣不穩 | R30: 共用類
A31: 4 | B31: 電解消毒對切整葉廣東A | C31: 987.84 | D31: 120.06 | E31: 120.06 | F31: 3.48 | G31: 313.6 | H31: =(E31+F31)/D31 -> 1.0289855 | I31: 1091.33 | J31: 0.33 | K31: =J31/D31 -> 0.0027486257 | L31: =J31*G31 -> 103.488 | M31: =((E31+F31)-D31)-J31 -> 3.15 | N31: =M31/D31 -> 0.026236882 | O31: 組合室 | P31: 抓樣不穩 | Q31: 原物料特性，梗葉比例重量差異，抓樣不穩 | R31: 共用類
A32: 5 | B32: 海鮮醬炒飯 | C32: 986.44 | D32: 526.86 | E32: 526.86 | F32: 12.75 | G32: 85.48 | H32: =(E32+F32)/D32 -> 1.0242 | I32: 1089.87 | J32: 1.21 | K32: =J32/D32 -> 0.0022966253 | L32: =J32*G32 -> 103.4308 | M32: =((E32+F32)-D32)-J32 -> 11.54 | N32: =M32/D32 -> 0.021903352 | O32: 組合室 | P32: 抓樣不穩 | Q32: 秤重物料，秤重精準度須持續校正 | R32: 二配香拌海鮮醬肉絲蛋炒飯
A33: 6 | B33: 果香甘口咖哩醬 | C33: 966.51 | D33: 585.34 | E33: 585.34 | F33: 13.58 | G33: 78.77 | H33: =(E33+F33)/D33 -> 1.0232002 | I33: 1069.7 | J33: 1.31 | K33: =J33/D33 -> 0.0022380155 | L33: =J33*G33 -> 103.1887 | M33: =((E33+F33)-D33)-J33 -> 12.27 | N33: =M33/D33 -> 0.020962176 | O33: 組合室 | P33: 抓樣不穩 | Q33: 注餡機使用(機器出料就有落差)，人員持續於線上不定時抽測重量 | R33: 二配金咖哩果香甘口咖哩飯
A34: 7 | B34: 鼎泰豐-煮麻婆豆腐(113年) | C34: 965.27 | D34: 382.51 | E34: 382.51 | F34: 7.98 | G34: 133.88 | H34: =(E34+F34)/D34 -> 1.0208622 | I34: 1068.36 | J34: 0.77 | K34: =J34/D34 -> 0.0020130193 | L34: =J34*G34 -> 103.0876 | M34: =((E34+F34)-D34)-J34 -> 7.21 | N34: =M34/D34 -> 0.01884918 | O34: 組合室 | P34: 抓樣不穩 | Q34: 秤重物料，秤重精準度須持續校正 | R34: 二配川味麻婆燒豆腐燴飯
A35: 8 | B35: 炒壽喜燒牛培根 | C35: 964.6 | D35: 88.36 | E35: 88.36 | F35: 2.56 | G35: 417.58 | H35: =(E35+F35)/D35 -> 1.0289724 | I35: 1069 | J35: 0.25 | K35: =J35/D35 -> 0.0028293345 | L35: =J35*G35 -> 104.395 | M35: =((E35+F35)-D35)-J35 -> 2.31 | N35: =M35/D35 -> 0.026143051 | O35: 組合室 | P35: 抓樣不穩 | Q35: 秤重物料，秤重精準度須持續校正 | R35: 白味噌壽喜燒飯
A36: 9 | B36: 電解消毒切段美生菜2-3cm | C36: 893.42 | D36: 243.61 | E36: 243.61 | F36: 6.36 | G36: 156.74 | H36: =(E36+F36)/D36 -> 1.0261073 | I36: 996.87 | J36: 0.66 | K36: =J36/D36 -> 0.0027092484 | L36: =J36*G36 -> 103.4484 | M36: =((E36+F36)-D36)-J36 -> 5.7 | N36: =M36/D36 -> 0.023398054 | O36: 組合室 | P36: 抓樣不穩 | Q36: 原物料特性，梗葉比例重量差異，抓樣不穩 | R36: 共用類
A37: 10 | B37: 濃辛辣咖哩醬 | C37: 787.45 | D37: 526.14 | E37: 526.14 | F37: 11.21 | G37: 79.46 | H37: =(E37+F37)/D37 -> 1.0213061 | I37: 890.75 | J37: 1.3 | K37: =J37/D37 -> 0.0024708253 | L37: =J37*G37 -> 103.298 | M37: =((E37+F37)-D37)-J37 -> 9.91 | N37: =M37/D37 -> 0.018835291 | O37: 組合室 | P37: 抓樣不穩 | Q37: 注餡機使用(機器出料就有落差)，人員持續於線上不定時抽測重量 | R37: 二配金咖哩濃厚辛辣咖哩飯
A39: 共用類報廢金額前十名半成品
A40: 明細展開
A41: 排序 | B41: 半成品
B42: 名稱 | C42: 報廢金額 排序 | D42: 共用類總金額 占比
A44: 1 | B44: 義美業務用馬芬堡 | C44: 2276.27 | D44: =C44/$L$5 -> 0.31854522
A45: 2 | B45: 墨西哥餅皮-原味(8英吋)新 | C45: 1550.51 | D45: =C45/$L$5 -> 0.21698109
A46: 3 | B46: 墨西哥餅皮-菠菜(8英吋)新 | C46: 729.82 | D46: =C46/$L$5 -> 0.10213229
A47: 4 | B47: 義美4吋芝麻漢堡 | C47: 314.73 | D47: =C47/$L$5 -> 0.044043869
A48: 5 | B48: (V)電解消毒小黃瓜絲 | C48: 239.15 | D48: =C48/$L$5 -> 0.033467071
A49: 6 | B49: 電解消毒雙色高麗菜絲(7:3) | C49: 150.66 | D49: =C49/$L$5 -> 0.021083625
A50: 7 | B50: 韓式泡菜豆腐蘿蔔絲 | C50: 129.92 | D50: =C50/$L$5 -> 0.018181233
A51: 8 | B51: 電解消毒混合紅K高麗絲 | C51: 105.89 | D51: =C51/$L$5 -> 0.014818433
A52: 9 | B52: 電解消毒美生菜(三明治用) | C52: 103.79 | D52: =C52/$L$5 -> 0.014524555
A53: 10 | B53: 青醬優格(113.06) | C53: 103.72 | D53: =C53/$L$5 -> 0.014514759
A54: ※炊飯類不納入半成品廢棄計算
A56: ※淺黃色為工廠自填項目

Sheet 0920分析標準表 
A1: 新豐廠半成品管理分析
A2: 日期 | C2: 營業額 | D2: 報廢展開 | F2: 超用展開 | H2: 報廢展開 | J2: 超用展開 | L2: 報廢展開
A3: 45920 | C3: 4900519.3 | D3: 總報廢 | F3: 總超用 | H3: 報廢-前10名 | J3: 超用-前10名 | L3: 共用類-總報廢
D4: 金額 | E4: 占比(營業額) | F4: 金額 | G4: 占比(營業額) | H4: 金額 | I4: 占比(總報廢) | J4: 金額 | K4: 占比(總超用) | L4: 金額 | M4: 占比(總報廢)
A5: 年度KPI目標0.25% | D5: 11821.34 | E5: =D5/C3 -> 0.0024122627 | F5: 35740.4 | G5: =F5/C3 -> 0.0072931863 | H5: =SUM(C12:C21) -> 4332.34 | I5: =H5/D5 -> 0.36648468 | J5: =SUM(C28:C37) -> 19739.99 | K5: =J5/F5 -> 0.55231587 | L5: 5762.61 | M5: =L5/D5 -> 0.48747519
A7: 報廢金額前十名半成品
A8: 明細展開 | D8: 生產資訊 | O8: 類別 | P8: 分析原因 (請填寫8大原因) | Q8: 其他原因說明 | R8: 備註-商品名稱
A9: 排序 | B9: 半成品 | D9: 生產端 | J9: 組合端
B10: 名稱 | C10: 報廢金額 排序 | D10: 產出量 | J10: 報廢 | L10: 超用
D11: 訂單需求 (kg) | E11: 實際產出 (kg) | F11: 補單 (kg) | G11: 單價 (元) | H11: 實際生產 (對比訂單需求) | I11: 差異 (元) | J11: kg | K11: 占比 | L11: kg | M11: 占比 | N11: 金額 (元)
A12: 1 | B12: 義美業務用馬芬堡 | C12: 1195.73 | D12: 12116 | E12: 12116 | F12: 206.16 | G12: 5.8 | H12: =(E12+F12)/D12 -> 1.0170155 | I12: 1195.73 | J12: 206.16 | K12: =J12/D12 -> 0.017015517 | L12: =((E12+F12)-D12)-J12 -> 0 | M12: =L12/D12 -> 0 | N12: =L12*G12 -> 0 | O12: 組合端 | P12: 其他原因 | Q12: 包材過於貼體 | R12: 共用類
A13: 2 | B13: 墨西哥餅皮-菠菜(8英吋)新 | C13: 836.78 | D13: 7685 | E13: 7685 | F13: 119.54 | G13: 7 | H13: =(E13+F13)/D13 -> 1.015555 | I13: 836.78 | J13: 119.54 | K13: =J13/D13 -> 0.015554977 | L13: =((E13+F13)-D13)-J13 -> 0 | M13: =L13/D13 -> 0 | N13: =L13*G13 -> 0 | O13: 原物料 | P13: 原物料規格 | Q13: 菜梗太硬導致捲的時候破損 | R13: 共用類
A14: 3 | B14: 電解消毒十字切美生菜 | C14: 590.87 | D14: 242.4 | E14: 242.4 | F14: 19.55 | G14: 156.73 | H14: =(E14+F14)/D14 -> 1.0806518 | I14: 3064.07 | J14: 3.77 | K14: =J14/D14 -> 0.015552805 | L14: =((E14+F14)-D14)-J14 -> 15.78 | M14: =L14/D14 -> 0.06509901 | N14: =L14*G14 -> 2473.1994 | O14: 原物料 | P14: 原物料規格 | Q14: 菜梗太硬導致捲的時候破損 | R14: 共用類
A15: 4 | B15: 電解消毒切段美生菜2-3cm | C15: 460.82 | D15: 181.09 | E15: 181.09 | F15: 14.85 | G15: 156.74 | H15: =(E15+F15)/D15 -> 1.0820034 | I15: 2327.59 | J15: 2.94 | K15: =J15/D15 -> 0.016235021 | L15: =((E15+F15)-D15)-J15 -> 11.91 | M15: =L15/D15 -> 0.065768402 | N15: =L15*G15 -> 1866.7734 | O15: 原物料 | P15: 原物料規格 | Q15: 菜梗太硬導致捲的時候破損 | R15: 共用類
A16: 5 | B16: 義美4吋芝麻漢堡 | C16: 313.68 | D16: 4750 | E16: 4750 | F16: 71.29 | G16: 4.4 | H16: =(E16+F16)/D16 -> 1.0150084 | I16: 313.68 | J16: 71.29 | K16: =J16/D16 -> 0.015008421 | L16: =((E16+F16)-D16)-J16 -> 0 | M16: =L16/D16 -> 0 | N16: =L16*G16 -> 0 | O16: 組合端 | P16: 其他原因 | Q16: 包材過於貼體 | R16: 共用類
A17: 6 | B17: (V)電解消毒小黃瓜絲 | C17: 210.26 | D17: 73.73 | E17: 73.73 | F17: 6.26 | G17: 160.5 | H17: =(E17+F17)/D17 -> 1.0849044 | I17: 1004.73 | J17: 1.31 | K17: =J17/D17 -> 0.01776753 | L17: =((E17+F17)-D17)-J17 -> 4.95 | M17: =L17/D17 -> 0.067136851 | N17: =L17*G17 -> 794.475 | O17: 組合端 | P17: 抓樣不穩 | Q17: 人員抓樣手感不穩 | R17: 共用類
A18: 7 | B18: 電解消毒雙色高麗菜絲(7:3) | C18: 181.39 | D18: 197.76 | E18: 197.76 | F18: 11.76 | G18: 99.12 | H18: =(E18+F18)/D18 -> 1.059466 | I18: 1165.65 | J18: 1.83 | K18: =J18/D18 -> 0.0092536408 | L18: =((E18+F18)-D18)-J18 -> 9.93 | M18: =L18/D18 -> 0.050212379 | N18: =L18*G18 -> 984.2616 | O18: 組合端 | P18: 抓樣不穩 | Q18: 人員抓樣手感不穩 | R18: 共用類
A19: 8 | B19: 電解消毒混合紅K高麗絲 | C19: 181.37 | D19: 81.38 | E19: 81.38 | F19: 4.85 | G19: 104.84 | H19: =(E19+F19)/D19 -> 1.059597 | I19: 508.47 | J19: 1.73 | K19: =J19/D19 -> 0.021258294 | L19: =((E19+F19)-D19)-J19 -> 3.12 | M19: =L19/D19 -> 0.038338658 | N19: =L19*G19 -> 327.1008 | O19: 組合端 | P19: 抓樣不穩 | Q19: 人員抓樣手感不穩 | R19: 共用類
A20: 9 | B20: 香炒肉鬆 | C20: 180.76 | D20: 39.02 | E20: 39.02 | F20: 2.98 | G20: 225.95 | H20: =(E20+F20)/D20 -> 1.0763711 | I20: 673.33 | J20: 0.8 | K20: =J20/D20 -> 0.020502307 | L20: =((E20+F20)-D20)-J20 -> 2.18 | M20: =L20/D20 -> 0.055868785 | N20: =L20*G20 -> 492.571 | O20: 組合端 | P20: 抓樣不穩 | Q20: 人員抓樣手感不穩 | R20: 鳳梨腰果炒飯
A21: 10 | B21: 烤火腿丁 | C21: 180.68 | D21: 21.68 | E21: 21.68 | F21: 1.66 | G21: 354.28 | H21: =(E21+F21)/D21 -> 1.0765683 | I21: 588.1 | J21: 0.51 | K21: =J21/D21 -> 0.023523985 | L21: =((E21+F21)-D21)-J21 -> 1.15 | M21: =L21/D21 -> 0.05304428 | N21: =L21*G21 -> 407.422 | O21: 組合端 | P21: 抓樣不穩 | Q21: 人員抓樣手感不穩 | R21: 鳳梨腰果炒飯
A23: 超用金額前十名半成品
A24: 明細展開 | D24: 生產資訊 | O24: 類別 | P24: 分析原因 (請填寫8大原因) | Q24: 其他原因說明 | R24: 備註-商品名稱
A25: 排序 | B25: 半成品 | D25: 生產端 | J25: 組合端
B26: 名稱 | C26: 超用金額 排序 | D26: 產出量 | J26: 報廢 | M26: 超用
D27: 訂單需求 (kg) | E27: 實際產出 (kg) | F27: 補單 (kg) | G27: 單價 (元) | H27: 實際生產 (對比訂單需求) | I27: 差異 (元) | J27: kg | K27: 占比 | L27: 金額 (元) | M27: kg | N27: 占比
A28: 1 | B28: 炒壽喜燒牛培根 | C28: 2789.43 | D28: 82.08 | E28: 82.08 | F28: 7.11 | G28: 417.58 | H28: =(E28+F28)/D28 -> 1.0866228 | I28: 2968.99 | J28: 0.43 | K28: =J28/D28 -> 0.0052387914 | L28: =J28*G28 -> 179.5594 | M28: =((E28+F28)-D28)-J28 -> 6.68 | N28: =M28/D28 -> 0.081384016 | O28: 組合室 | P28: 抓樣不穩 | Q28: 秤重物料，秤重精準度須持續校正 | R28: 白味噌壽喜燒飯
A29: 2 | B29: 電解消毒十字切美生菜 | C29: 2473.2 | D29: 242.4 | E29: 242.4 | F29: 19.55 | G29: 156.73 | H29: =(E29+F29)/D29 -> 1.0806518 | I29: 3064.07 | J29: 3.77 | K29: =J29/D29 -> 0.015552805 | L29: =J29*G29 -> 590.8721 | M29: =((E29+F29)-D29)-J29 -> 15.78 | N29: =M29/D29 -> 0.06509901 | O29: 組合室 | P29: 抓樣不穩 | Q29: 原物料特性，梗葉比例重量差異，抓樣不穩 | R29: 共用類
A30: 3 | B30: 電解消毒對切整葉廣東A | C30: 2395.91 | D30: 84.76 | E30: 84.76 | F30: 8.21 | G30: 313.6 | H30: =(E30+F30)/D30 -> 1.0968617 | I30: 2574.66 | J30: 0.57 | K30: =J30/D30 -> 0.0067248702 | L30: =J30*G30 -> 178.752 | M30: =((E30+F30)-D30)-J30 -> 7.64 | N30: =M30/D30 -> 0.090136857 | O30: 組合室 | P30: 抓樣不穩 | Q30: 原物料特性，梗葉比例重量差異，抓樣不穩 | R30: 共用類
A31: 4 | B31: 川燙醃嫩化淨零碳排牛肉片 | C31: 2344.78 | D31: 36.12 | E31: 36.12 | F31: 3.1 | G31: 814.16 | H31: =(E31+F31)/D31 -> 1.085825 | I31: 2523.9 | J31: 0.22 | K31: =J31/D31 -> 0.0060908084 | L31: =J31*G31 -> 179.1152 | M31: =((E31+F31)-D31)-J31 -> 2.88 | N31: =M31/D31 -> 0.079734219 | O31: 組合室 | P31: 研發設定 | Q31: 秤重物料，秤重精準度須持續校正(過多難剝除) | R31: 二配港式香滑嫩蛋牛肉燴飯
A32: 5 | B32: 蒸基礎風味雞肉絲 | C32: 1919.55 | D32: 81.38 | E32: 81.38 | F32: 5.12 | G32: 410.16 | H32: =(E32+F32)/D32 -> 1.0629147 | I32: 2100.02 | J32: 0.44 | K32: =J32/D32 -> 0.0054067338 | L32: =J32*G32 -> 180.4704 | M32: =((E32+F32)-D32)-J32 -> 4.68 | N32: =M32/D32 -> 0.057507987 | O32: 組合室 | P32: 抓樣不穩 | Q32: 秤重物料，秤重精準度須持續校正 | R32: 共用類
A33: 6 | B33: 電解消毒切段美生菜2-3cm | C33: 1866.77 | D33: 181.09 | E33: 181.09 | F33: 14.85 | G33: 156.74 | H33: =(E33+F33)/D33 -> 1.0820034 | I33: 2327.59 | J33: 2.94 | K33: =J33/D33 -> 0.016235021 | L33: =J33*G33 -> 460.8156 | M33: =((E33+F33)-D33)-J33 -> 11.91 | N33: =M33/D33 -> 0.065768402 | O33: 組合室 | P33: 抓樣不穩 | Q33: 原物料特性，梗葉比例重量差異，抓樣不穩 | R33: 共用類
A34: 7 | B34: 油亮蒜味香腸片 | C34: 1811.24 | D34: 77.26 | E34: 77.26 | F34: 6.25 | G34: 318.32 | H34: =(E34+F34)/D34 -> 1.0808957 | I34: 1989.5 | J34: 0.56 | K34: =J34/D34 -> 0.0072482527 | L34: =J34*G34 -> 178.2592 | M34: =((E34+F34)-D34)-J34 -> 5.69 | N34: =M34/D34 -> 0.073647424 | O34: 組合室 | P34: 研發設定 | Q34: 秤重物料，秤重精準度須持續校正(過多難剝除) | R34: 二配香辣醬蒜味香腸蛋炒飯
A35: 8 | B35: 辛口咖哩豬肉(112年) | C35: 1639.45 | D35: 64.97 | E35: 64.97 | F35: 5.45 | G35: 333.9 | H35: =(E35+F35)/D35 -> 1.0838849 | I35: 1819.76 | J35: 0.54 | K35: =J35/D35 -> 0.0083115284 | L35: =J35*G35 -> 180.306 | M35: =((E35+F35)-D35)-J35 -> 4.91 | N35: =M35/D35 -> 0.075573342 | O35: 組合室 | P35: 研發設定 | Q35: 秤重物料，秤重精準度須持續校正(過多難剝除) | R35: 二配金咖哩濃厚辛辣咖哩飯
A36: 9 | B36: 蒸鼎泰豐香辣醬 | C36: 1274.59 | D36: 22.97 | E36: 22.97 | F36: 1.56 | G36: 930.36 | H36: =(E36+F36)/D36 -> 1.0679147 | I36: 1451.36 | J36: 0.19 | K36: =J36/D36 -> 0.0082716587 | L36: =J36*G36 -> 176.7684 | M36: =((E36+F36)-D36)-J36 -> 1.37 | N36: =M36/D36 -> 0.059643013 | O36: 組合室 | P36: 抓樣不穩 | Q36: 冰杓定量挖取(使用量上會較起伏)，持續上抽測確認人員使用準確度 | R36: 二配香辣醬蒜味香腸蛋炒飯
A37: 10 | B37: 電解消毒美生菜(三明治用) | C37: 1225.07 | D37: 81.22 | E37: 81.22 | F37: 6.9 | G37: 203.5 | H37: =(E37+F37)/D37 -> 1.0849544 | I37: 1404.15 | J37: 0.88 | K37: =J37/D37 -> 0.01083477 | L37: =J37*G37 -> 179.08 | M37: =((E37+F37)-D37)-J37 -> 6.02 | N37: =M37/D37 -> 0.074119675 | O37: 組合室 | P37: 抓樣不穩 | Q37: 原物料特性，梗葉比例重量差異，抓樣不穩 | R37: 共用類
A39: 共用類報廢金額前十名半成品
A40: 明細展開
A41: 排序 | B41: 半成品
B42: 名稱 | C42: 報廢金額 排序 | D42: 共用類總金額 占比
A44: 1 | B44: 義美業務用馬芬堡 | C44: 1195.73 | D44: =C44/$L$5 -> 0.20749799
A45: 2 | B45: 墨西哥餅皮-菠菜(8英吋)新 | C45: 836.78 | D45: =C45/$L$5 -> 0.14520851
A46: 3 | B46: 電解消毒十字切美生菜 | C46: 590.87 | D46: =C46/$L$5 -> 0.10253514
A47: 4 | B47: 電解消毒切段美生菜2-3cm | C47: 460.82 | D47: =C47/$L$5 -> 0.079967237
A48: 5 | B48: 義美4吋芝麻漢堡 | C48: 313.68 | D48: =C48/$L$5 -> 0.054433668
A49: 6 | B49: (V)電解消毒小黃瓜絲 | C49: 210.26 | D49: =C49/$L$5 -> 0.036486939
A50: 7 | B50: 電解消毒雙色高麗菜絲(7:3) | C50: 181.39 | D50: =C50/$L$5 -> 0.031477056
A51: 8 | B51: 電解消毒混合紅K高麗絲 | C51: 181.37 | D51: =C51/$L$5 -> 0.031473586
A52: 9 | B52: 蒸基礎風味雞肉絲 | C52: 180.47 | D52: =C52/$L$5 -> 0.031317407
A53: 10 | B53: 煮韓式辣醬(114.07) | C53: 179.86 | D53: =C53/$L$5 -> 0.031211552
A54: ※炊飯類不納入半成品廢棄計算
A56: ※淺黃色為工廠自填項目

Sheet 0919分析標準表 
A1: 新豐廠半成品管理分析
A2: 日期 | C2: 營業額 | D2: 報廢展開 | F2: 超用展開 | H2: 報廢展開 | J2: 超用展開 | L2: 報廢展開
A3: 45919 | C3: 4674568.3 | D3: 總報廢 | F3: 總超用 | H3: 報廢-前10名 | J3: 超用-前10名 | L3: 共用類-總報廢
D4: 金額 | E4: 占比(營業額) | F4: 金額 | G4: 占比(營業額) | H4: 金額 | I4: 占比(總報廢) | J4: 金額 | K4: 占比(總超用) | L4: 金額 | M4: 占比(總報廢)
A5: 年度KPI目標0.25% | D5: 11259.97 | E5: =D5/C3 -> 0.0024087722 | F5: 35142.33 | G5: =F5/C3 -> 0.0075177701 | H5: =SUM(C12:C21) -> 7911.78 | I5: =H5/D5 -> 0.70264663 | J5: =SUM(C28:C37) -> 11626.1 | K5: =J5/F5 -> 0.33082895 | L5: 8404.29 | M5: =L5/D5 -> 0.74638654
A7: 報廢金額前十名半成品
A8: 明細展開 | D8: 生產資訊 | O8: 類別 | P8: 分析原因 (請填寫8大原因) | Q8: 其他原因說明 | R8: 備註-商品名稱
A9: 排序 | B9: 半成品 | D9: 生產端 | J9: 組合端
B10: 名稱 | C10: 報廢金額 排序 | D10: 產出量 | J10: 報廢 | L10: 超用
D11: 訂單需求 (kg) | E11: 實際產出 (kg) | F11: 補單 (kg) | G11: 單價 (元) | H11: 實際生產 (對比訂單需求) | I11: 差異 (元) | J11: kg | K11: 占比 | L11: kg | M11: 占比 | N11: 金額 (元)
A12: 1 | B12: 義美業務用馬芬堡 | C12: 3288.6 | D12: 11763 | E12: 11763 | F12: 567 | G12: 5.8 | H12: =(E12+F12)/D12 -> 1.048202 | I12: 3288.6 | J12: 567 | K12: =J12/D12 -> 0.048201989 | L12: =((E12+F12)-D12)-J12 -> 0 | M12: =L12/D12 -> 0 | N12: =L12*G12 -> 0 | O12: 組合端 | P12: 其他原因 | Q12: 包材過於貼體 | R12: 共用類
A13: 2 | B13: 墨西哥餅皮-原味(8英吋)新 | C13: 1230.59 | D13: 5575 | E13: 5575 | F13: 187.02 | G13: 6.58 | H13: =(E13+F13)/D13 -> 1.0335462 | I13: 1230.59 | J13: 187.02 | K13: =J13/D13 -> 0.033546188 | L13: =((E13+F13)-D13)-J13 -> 4.2632564e-13 | M13: =L13/D13 -> 7.6470967e-17 | N13: =L13*G13 -> 2.8052227e-12 | O13: 原物料 | P13: 原物料規格 | Q13: 菜梗太硬導致捲的時候破損 | R13: 共用類
A14: 3 | B14: 義美4吋芝麻漢堡 | C14: 1100 | D14: 4641 | E14: 4641 | F14: 250 | G14: 4.4 | H14: =(E14+F14)/D14 -> 1.0538677 | I14: 1100 | J14: 250 | K14: =J14/D14 -> 0.053867701 | L14: =((E14+F14)-D14)-J14 -> 0 | M14: =L14/D14 -> 0 | N14: =L14*G14 -> 0 | O14: 組合端 | P14: 其他原因 | Q14: 包材過於貼體 | R14: 共用類
A15: 4 | B15: 墨西哥餅皮-菠菜(8英吋)新 | C15: 861 | D15: 7639 | E15: 7639 | F15: 123 | G15: 7 | H15: =(E15+F15)/D15 -> 1.0161016 | I15: 861 | J15: 123 | K15: =J15/D15 -> 0.016101584 | L15: =((E15+F15)-D15)-J15 -> 0 | M15: =L15/D15 -> 0 | N15: =L15*G15 -> 0 | O15: 原物料 | P15: 原物料規格 | Q15: 菜梗太硬導致捲的時候破損 | R15: 共用類
A16: 5 | B16: 拌總匯雞蛋沙拉CL(112年) | C16: 832.32 | D16: 218.39 | E16: 218.39 | F16: 19.4 | G16: 95.34 | H16: =(E16+F16)/D16 -> 1.0888319 | I16: 1849.6 | J16: 8.73 | K16: =J16/D16 -> 0.039974358 | L16: =((E16+F16)-D16)-J16 -> 10.67 | M16: =L16/D16 -> 0.048857548 | N16: =L16*G16 -> 1017.2778 | O16: 組合端 | P16: 抓樣不穩 | Q16: 人員冰杓定量手法不穩 | R16: 共用類
A17: 6 | B17: 電解消毒雙色高麗菜絲(7:3) | C17: 167.51 | D17: 195.13 | E17: 203 | F17: 1.8 | G17: 99.12 | H17: =(E17+F17)/D17 -> 1.0495567 | I17: 958.49 | J17: 1.69 | K17: =J17/D17 -> 0.0086608927 | L17: =((E17+F17)-D17)-J17 -> 7.98 | M17: =L17/D17 -> 0.040895813 | N17: =L17*G17 -> 790.9776 | O17: 組合端 | P17: 抓樣不穩 | Q17: 人員抓樣手感不穩 | R17: 共用類
A18: 7 | B18: 電解消毒十字切美生菜 | C18: 150.46 | D18: 244.4 | E18: 244.4 | F18: 8.58 | G18: 156.73 | H18: =(E18+F18)/D18 -> 1.0351064 | I18: 1344.74 | J18: 0.96 | K18: =J18/D18 -> 0.0039279869 | L18: =((E18+F18)-D18)-J18 -> 7.62 | M18: =L18/D18 -> 0.031178396 | N18: =L18*G18 -> 1194.2826 | O18: 原物料 | P18: 原物料規格 | Q18: 菜梗太硬導致捲的時候破損 | R18: 共用類
A19: 8 | B19: 韓式泡菜豆腐蘿蔔絲 | C19: 132.12 | D19: 89.66 | E19: 89.66 | F19: 2.45 | G19: 110.1 | H19: =(E19+F19)/D19 -> 1.0273255 | I19: 269.75 | J19: 1.2 | K19: =J19/D19 -> 0.013383895 | L19: =((E19+F19)-D19)-J19 -> 1.25 | M19: =L19/D19 -> 0.013941557 | N19: =L19*G19 -> 137.625 | O19: 組合端 | P19: 抓樣不穩 | Q19: 秤重物料，秤重精準度須持續校正 | R19: 共用類
A20: 9 | B20: 電解消毒混合紅K高麗絲 | C20: 115.32 | D20: 81.06 | E20: 81.06 | F20: 2.21 | G20: 104.84 | H20: =(E20+F20)/D20 -> 1.0272638 | I20: 231.7 | J20: 1.1 | K20: =J20/D20 -> 0.013570195 | L20: =((E20+F20)-D20)-J20 -> 1.11 | M20: =L20/D20 -> 0.01369356 | N20: =L20*G20 -> 116.3724 | O20: 組合端 | P20: 抓樣不穩 | Q20: 人員抓樣手感不穩 | R20: 共用類
A21: 10 | B21: 蒸海鮮醬(料) | C21: 33.86 | D21: 12.08 | E21: 11.8 | F21: 0.38 | G21: 846.44 | H21: =(E21+F21)/D21 -> 1.0082781 | I21: 84.64 | J21: 0.04 | K21: =J21/D21 -> 0.0033112583 | L21: =((E21+F21)-D21)-J21 -> 0.06 | M21: =L21/D21 -> 0.0049668874 | N21: =L21*G21 -> 50.7864 | O21: 組合端 | P21: 抓樣不穩 | Q21: 人員冰杓定量手法不穩 | R21: 二配香拌海鮮醬肉絲蛋炒飯
A23: 超用金額前十名半成品
A24: 明細展開 | D24: 生產資訊 | O24: 類別 | P24: 分析原因 (請填寫8大原因) | Q24: 其他原因說明 | R24: 備註-商品名稱
A25: 排序 | B25: 半成品 | D25: 生產端 | J25: 組合端
B26: 名稱 | C26: 超用金額 排序 | D26: 產出量 | J26: 報廢 | M26: 超用
D27: 訂單需求 (kg) | E27: 實際產出 (kg) | F27: 補單 (kg) | G27: 單價 (元) | H27: 實際生產 (對比訂單需求) | I27: 差異 (元) | J27: kg | K27: 占比 | L27: 金額 (元) | M27: kg | N27: 占比
A28: 1 | B28: 炒壽喜燒牛培根 | C28: 1666.14 | D28: 104.04 | E28: 104.04 | F28: 4.06 | G28: 417.58 | H28: =(E28+F28)/D28 -> 1.0390235 | I28: 1695.37 | J28: 0.07 | K28: =J28/D28 -> 0.00067281815 | L28: =J28*G28 -> 29.2306 | M28: =((E28+F28)-D28)-J28 -> 3.99 | N28: =M28/D28 -> 0.038350634 | O28: 組合室 | P28: 抓樣不穩 | Q28: 秤重物料，秤重精準度須持續校正 | R28: 白味噌壽喜燒飯
A29: 2 | B29: 鼎泰豐-煮麻婆豆腐(113年) | C29: 1250.44 | D29: 272.69 | E29: 272.69 | F29: 9.57 | G29: 133.88 | H29: =(E29+F29)/D29 -> 1.0350948 | I29: 1281.23 | J29: 0.23 | K29: =J29/D29 -> 0.0008434486 | L29: =J29*G29 -> 30.7924 | M29: =((E29+F29)-D29)-J29 -> 9.34 | N29: =M29/D29 -> 0.034251348 | O29: 組合室 | P29: 抓樣不穩 | Q29: 秤重物料，秤重精準度須持續校正 | R29: 二配川味麻婆燒豆腐燴飯
A30: 3 | B30: 電解消毒十字切美生菜 | C30: 1194.28 | D30: 244.4 | E30: 244.4 | F30: 8.58 | G30: 156.73 | H30: =(E30+F30)/D30 -> 1.0351064 | I30: 1344.74 | J30: 0.96 | K30: =J30/D30 -> 0.0039279869 | L30: =J30*G30 -> 150.4608 | M30: =((E30+F30)-D30)-J30 -> 7.62 | N30: =M30/D30 -> 0.031178396 | O30: 組合室 | P30: 抓樣不穩 | Q30: 原物料特性，梗葉比例重量差異，抓樣不穩 | R30: 共用類
A31: 4 | B31: 鼎泰豐-黃金蛋炒飯(112年) | C31: 1162.13 | D31: 502.04 | E31: 502.04 | F31: 19.58 | G31: 60.94 | H31: =(E31+F31)/D31 -> 1.0390009 | I31: 1193.21 | J31: 0.51 | K31: =J31/D31 -> 0.0010158553 | L31: =J31*G31 -> 31.0794 | M31: =((E31+F31)-D31)-J31 -> 19.07 | N31: =M31/D31 -> 0.037985021 | O31: 組合室 | P31: 抓樣不穩 | Q31: 秤重物料，秤重精準度須持續校正 | R31: 二配香辣醬蒜味香腸蛋炒飯
A32: 5 | B32: 火腿蛋炒飯 | C32: 1158.9 | D32: 564.2 | E32: 564.2 | F32: 15.4 | G32: 77.26 | H32: =(E32+F32)/D32 -> 1.0272953 | I32: 1189.8 | J32: 0.4 | K32: =J32/D32 -> 0.00070896845 | L32: =J32*G32 -> 30.904 | M32: =((E32+F32)-D32)-J32 -> 15 | N32: =M32/D32 -> 0.026586317 | O32: 組合室 | P32: 抓樣不穩 | Q32: 秤重物料，秤重精準度須持續校正 | R32: 鳳梨腰果炒飯
A33: 6 | B33: 海鮮醬炒飯 | C33: 1064.23 | D33: 365.02 | E33: 365.02 | F33: 12.81 | G33: 85.48 | H33: =(E33+F33)/D33 -> 1.035094 | I33: 1095 | J33: 0.36 | K33: =J33/D33 -> 0.00098624733 | L33: =J33*G33 -> 30.7728 | M33: =((E33+F33)-D33)-J33 -> 12.45 | N33: =M33/D33 -> 0.03410772 | O33: 組合室 | P33: 抓樣不穩 | Q33: 秤重物料，秤重精準度須持續校正 | R33: 二配香拌海鮮醬肉絲蛋炒飯
A34: 7 | B34: 蟹粉燴汁(114年) | C34: 1061.48 | D34: 389.12 | E34: 389.12 | F34: 14.3 | G34: 76.42 | H34: =(E34+F34)/D34 -> 1.0367496 | I34: 1092.81 | J34: 0.41 | K34: =J34/D34 -> 0.0010536595 | L34: =J34*G34 -> 31.3322 | M34: =((E34+F34)-D34)-J34 -> 13.89 | N34: =M34/D34 -> 0.035695929 | O34: 組合室 | P34: 抓樣不穩 | Q34: 冰杓定量挖取(使用量上會較起伏)，持續上抽測確認人員使用準確度 | R34: 二配美味蟹煲
A35: 8 | B35: 果香甘口咖哩醬 | C35: 1060.24 | D35: 443.8 | E35: 443.8 | F35: 13.85 | G35: 78.77 | H35: =(E35+F35)/D35 -> 1.0312078 | I35: 1090.96 | J35: 0.39 | K35: =J35/D35 -> 0.00087877422 | L35: =J35*G35 -> 30.7203 | M35: =((E35+F35)-D35)-J35 -> 13.46 | N35: =M35/D35 -> 0.030328977 | O35: 組合室 | P35: 抓樣不穩 | Q35: 注餡機使用(機器出料就有落差)，人員持續於線上不定時抽測重量 | R35: 二配金咖哩果香甘口咖哩飯
A36: 9 | B36: 拌總匯雞蛋沙拉CL(112年) | C36: 1017.28 | D36: 218.39 | E36: 218.39 | F36: 19.4 | G36: 95.34 | H36: =(E36+F36)/D36 -> 1.0888319 | I36: 1849.6 | J36: 8.73 | K36: =J36/D36 -> 0.039974358 | L36: =J36*G36 -> 832.3182 | M36: =((E36+F36)-D36)-J36 -> 10.67 | N36: =M36/D36 -> 0.048857548 | O36: 組合室 | P36: 抓樣不穩 | Q36: 冰杓定量挖取(使用量上會較起伏)，持續上抽測確認人員使用準確度 | R36: 共用類
A37: 10 | B37: 電解消毒對切整葉廣東A | C37: 990.98 | D37: 83.63 | E37: 83.63 | F37: 3.26 | G37: 313.6 | H37: =(E37+F37)/D37 -> 1.0389812 | I37: 1022.34 | J37: 0.1 | K37: =J37/D37 -> 0.0011957432 | L37: =J37*G37 -> 31.36 | M37: =((E37+F37)-D37)-J37 -> 3.16 | N37: =M37/D37 -> 0.037785484 | O37: 組合室 | P37: 抓樣不穩 | Q37: 原物料特性，梗葉比例重量差異，抓樣不穩 | R37: 共用類
A39: 共用類報廢金額前十名半成品
A40: 明細展開
A41: 排序 | B41: 半成品
B42: 名稱 | C42: 報廢金額 排序 | D42: 共用類總金額 占比
A44: 1 | B44: 義美業務用馬芬堡 | C44: 3288.6 | D44: =C44/$L$5 -> 0.39130016
A45: 2 | B45: 墨西哥餅皮-原味(8英吋)新 | C45: 1230.59 | D45: =C45/$L$5 -> 0.14642403
A46: 3 | B46: 義美4吋芝麻漢堡 | C46: 1100 | D46: =C46/$L$5 -> 0.13088554
A47: 4 | B47: 墨西哥餅皮-菠菜(8英吋)新 | C47: 861 | D47: =C47/$L$5 -> 0.10244768
A48: 5 | B48: 拌總匯雞蛋沙拉CL(112年) | C48: 832.32 | D48: =C48/$L$5 -> 0.099035136
A49: 6 | B49: 電解消毒雙色高麗菜絲(7:3) | C49: 167.51 | D49: =C49/$L$5 -> 0.019931487
A50: 7 | B50: 電解消毒十字切美生菜 | C50: 150.46 | D50: =C50/$L$5 -> 0.017902762
A51: 8 | B51: 韓式泡菜豆腐蘿蔔絲 | C51: 132.12 | D51: =C51/$L$5 -> 0.015720543
A52: 9 | B52: 電解消毒混合紅K高麗絲 | C52: 115.32 | D52: =C52/$L$5 -> 0.013721564
A53: 10 | B53: 蒸基礎風味雞肉絲 | C53: 32.81 | D53: =C53/$L$5 -> 0.0039039586
A54: ※炊飯類不納入半成品廢棄計算
A56: ※淺黃色為工廠自填項目

Sheet 0918分析標準表 
A1: 新豐廠半成品管理分析
A2: 日期 | C2: 營業額 | D2: 報廢展開 | F2: 超用展開 | H2: 報廢展開 | J2: 超用展開 | L2: 報廢展開
A3: 45918 | C3: 5709151.7 | D3: 總報廢 | F3: 總超用 | H3: 報廢-前10名 | J3: 超用-前10名 | L3: 共用類-總報廢
D4: 金額 | E4: 占比(營業額) | F4: 金額 | G4: 占比(營業額) | H4: 金額 | I4: 占比(總報廢) | J4: 金額 | K4: 占比(總超用) | L4: 金額 | M4: 占比(總報廢)
A5: 年度KPI目標0.25% | D5: 13988.34 | E5: =D5/C3 -> 0.0024501608 | F5: 42117.22 | G5: =F5/C3 -> 0.0073771415 | H5: =SUM(C12:C21) -> 5013.64 | I5: =H5/D5 -> 0.35841565 | J5: =SUM(C28:C37) -> 16166.46 | K5: =J5/F5 -> 0.38384442 | L5: 5812.96 | M5: =L5/D5 -> 0.41555753
A7: 報廢金額前十名半成品
A8: 明細展開 | D8: 生產資訊 | O8: 類別 | P8: 分析原因 (請填寫8大原因) | Q8: 其他原因說明 | R8: 備註-商品名稱
A9: 排序 | B9: 半成品 | D9: 生產端 | J9: 組合端
B10: 名稱 | C10: 報廢金額 排序 | D10: 產出量 | J10: 報廢 | L10: 超用
D11: 訂單需求 (kg) | E11: 實際產出 (kg) | F11: 補單 (kg) | G11: 單價 (元) | H11: 實際生產 (對比訂單需求) | I11: 差異 (元) | J11: kg | K11: 占比 | L11: kg | M11: 占比 | N11: 金額 (元)
A12: 1 | B12: 墨西哥餅皮-原味(8英吋)新 | C12: 1412.59 | D12: 7240 | E12: 7240 | F12: 214.68 | G12: 6.58 | H12: =(E12+F12)/D12 -> 1.0296519 | I12: 1412.59 | J12: 214.68 | K12: =J12/D12 -> 0.029651934 | L12: =((E12+F12)-D12)-J12 -> 2.8421709e-13 | M12: =L12/D12 -> 3.9256505e-17 | N12: =L12*G12 -> 1.8701485e-12 | O12: 原物料 | P12: 原物料規格 | Q12: 菜梗太硬導致捲的時候破損 | R12: 共用類
A13: 2 | B13: 墨西哥餅皮-菠菜(8英吋)新 | C13: 1147.3 | D13: 9309 | E13: 9309 | F13: 163.9 | G13: 7 | H13: =(E13+F13)/D13 -> 1.0176066 | I13: 1147.3 | J13: 163.9 | K13: =J13/D13 -> 0.017606617 | L13: =((E13+F13)-D13)-J13 -> -3.6948222e-13 | M13: =L13/D13 -> -3.9690861e-17 | N13: =L13*G13 -> -2.5863756e-12 | O13: 原物料 | P13: 原物料規格 | Q13: 菜梗太硬導致捲的時候破損 | R13: 共用類
A14: 3 | B14: 義美業務用馬芬堡 | C14: 738.05 | D14: 14665 | E14: 14665 | F14: 127.25 | G14: 5.8 | H14: =(E14+F14)/D14 -> 1.0086771 | I14: 738.05 | J14: 127.25 | K14: =J14/D14 -> 0.0086771224 | L14: =((E14+F14)-D14)-J14 -> 0 | M14: =L14/D14 -> 0 | N14: =L14*G14 -> 0 | O14: 組合端 | P14: 其他原因 | Q14: 包材過於貼體 | R14: 共用類
A15: 4 | B15: 溏心洋芋沙拉(113.06) | C15: 538.21 | D15: 353.3 | E15: 368.2 | F15: 11.62 | G15: 111.2 | H15: =(E15+F15)/D15 -> 1.0750637 | I15: 2949.02 | J15: 4.84 | K15: =J15/D15 -> 0.013699406 | L15: =((E15+F15)-D15)-J15 -> 21.68 | M15: =L15/D15 -> 0.06136428 | N15: =L15*G15 -> 2410.816 | O15: 組合端 | P15: 抓樣不穩 | Q15: 人員冰杓定量手法不穩 | R15: 溏心蛋洋芋沙拉
A16: 5 | B16: 電解消毒雙色高麗菜絲(7:3) | C16: 417.3 | D16: 253.4 | E16: 261 | F16: 8.34 | G16: 99.12 | H16: =(E16+F16)/D16 -> 1.0629045 | I16: 1579.97 | J16: 4.21 | K16: =J16/D16 -> 0.016614049 | L16: =((E16+F16)-D16)-J16 -> 11.73 | M16: =L16/D16 -> 0.04629045 | N16: =L16*G16 -> 1162.6776 | O16: 組合端 | P16: 抓樣不穩 | Q16: 人員抓樣手感不穩 | R16: 共用類
A17: 6 | B17: 海鮮醬炒飯 | C17: 263.28 | D17: 393.86 | E17: 393.86 | F17: 16.66 | G17: 85.48 | H17: =(E17+F17)/D17 -> 1.0422993 | I17: 1424.1 | J17: 3.08 | K17: =J17/D17 -> 0.0078200376 | L17: =((E17+F17)-D17)-J17 -> 13.58 | M17: =L17/D17 -> 0.034479257 | N17: =L17*G17 -> 1160.8184 | O17: 組合端 | P17: 抓樣不穩 | Q17: 秤重物料，秤重精準度須持續校正 | R17: 二配香拌海鮮醬肉絲蛋炒飯
A18: 7 | B18: 電解消毒十字切美生菜 | C18: 181.81 | D18: 324.3 | E18: 324.3 | F18: 13.72 | G18: 156.73 | H18: =(E18+F18)/D18 -> 1.0423065 | I18: 2150.34 | J18: 1.16 | K18: =J18/D18 -> 0.0035769349 | L18: =((E18+F18)-D18)-J18 -> 12.56 | M18: =L18/D18 -> 0.038729571 | N18: =L18*G18 -> 1968.5288 | O18: 原物料 | P18: 原物料規格 | Q18: 菜梗太硬導致捲的時候破損 | R18: 共用類
A19: 8 | B19: 鮪魚沙拉(113.05) | C19: 108.66 | D19: 222.12 | E19: 222.12 | F19: 7.31 | G19: 194.04 | H19: =(E19+F19)/D19 -> 1.0329101 | I19: 1418.43 | J19: 0.56 | K19: =J19/D19 -> 0.0025211597 | L19: =((E19+F19)-D19)-J19 -> 6.75 | M19: =L19/D19 -> 0.030388979 | N19: =L19*G19 -> 1309.77 | O19: 組合端 | P19: 抓樣不穩 | Q19: 人員冰杓定量手法不穩 | R19: 鮪魚起司溏心蛋三明治
A20: 9 | B20: 炒辛口馬鈴薯丁(112年) | C20: 103.24 | D20: 48.6 | E20: 48.6 | F20: 2.05 | G20: 124.39 | H20: =(E20+F20)/D20 -> 1.0421811 | I20: 255 | J20: 0.83 | K20: =J20/D20 -> 0.017078189 | L20: =((E20+F20)-D20)-J20 -> 1.22 | M20: =L20/D20 -> 0.025102881 | N20: =L20*G20 -> 151.7558 | O20: 原物料 | P20: 原物料規格 | Q20: 原物料廠商無過篩，大小差異大 | R20: 二配金咖哩濃厚辛辣咖哩飯
A21: 10 | B21: 電解消毒切段甜脆 | C21: 103.2 | D21: 13.38 | E21: 13.38 | F21: 0.63 | G21: 469.08 | H21: =(E21+F21)/D21 -> 1.0470852 | I21: 295.52 | J21: 0.22 | K21: =J21/D21 -> 0.016442451 | L21: =((E21+F21)-D21)-J21 -> 0.41 | M21: =L21/D21 -> 0.03064275 | N21: =L21*G21 -> 192.3228 | O21: 組合端 | P21: 抓樣不穩 | Q21: 人員抓樣手感不穩 | R21: 蔥鹽雞肉麵沙拉(114年)
A23: 超用金額前十名半成品
A24: 明細展開 | D24: 生產資訊 | O24: 類別 | P24: 分析原因 (請填寫8大原因) | Q24: 其他原因說明 | R24: 備註-商品名稱
A25: 排序 | B25: 半成品 | D25: 生產端 | J25: 組合端
B26: 名稱 | C26: 超用金額 排序 | D26: 產出量 | J26: 報廢 | M26: 超用
D27: 訂單需求 (kg) | E27: 實際產出 (kg) | F27: 補單 (kg) | G27: 單價 (元) | H27: 實際生產 (對比訂單需求) | I27: 差異 (元) | J27: kg | K27: 占比 | L27: 金額 (元) | M27: kg | N27: 占比
A28: 1 | B28: 炒壽喜燒牛培根 | C28: 2417.79 | D28: 128.36 | E28: 128.36 | F28: 6.03 | G28: 417.58 | H28: =(E28+F28)/D28 -> 1.0469773 | I28: 2518.01 | J28: 0.24 | K28: =J28/D28 -> 0.0018697414 | L28: =J28*G28 -> 100.2192 | M28: =((E28+F28)-D28)-J28 -> 5.79 | N28: =M28/D28 -> 0.04510751 | O28: 組合室 | P28: 抓樣不穩 | Q28: 秤重物料，秤重精準度須持續校正 | R28: 白味噌壽喜燒飯
A29: 2 | B29: 溏心洋芋沙拉(113.06) | C29: 2410.81 | D29: 353.3 | E29: 368.2 | F29: 11.62 | G29: 111.2 | H29: =(E29+F29)/D29 -> 1.0750637 | I29: 2949.02 | J29: 4.84 | K29: =J29/D29 -> 0.013699406 | L29: =J29*G29 -> 538.208 | M29: =((E29+F29)-D29)-J29 -> 21.68 | N29: =M29/D29 -> 0.06136428 | O29: 組合室 | P29: 抓樣不穩 | Q29: 冰杓定量挖取(使用量上會較起伏)，持續上抽測確認人員使用準確度 | R29: 溏心蛋洋芋沙拉
A30: 3 | B30: 電解消毒十字切美生菜 | C30: 1968.53 | D30: 324.3 | E30: 324.3 | F30: 13.72 | G30: 156.73 | H30: =(E30+F30)/D30 -> 1.0423065 | I30: 2150.34 | J30: 1.16 | K30: =J30/D30 -> 0.0035769349 | L30: =J30*G30 -> 181.8068 | M30: =((E30+F30)-D30)-J30 -> 12.56 | N30: =M30/D30 -> 0.038729571 | O30: 組合室 | P30: 抓樣不穩 | Q30: 原物料特性，梗葉比例重量差異，抓樣不穩 | R30: 共用類
A31: 4 | B31: 電解消毒對切整葉廣東A | C31: 1499.01 | D31: 108.6 | E31: 108.6 | F31: 5.1 | G31: 313.6 | H31: =(E31+F31)/D31 -> 1.0469613 | I31: 1599.36 | J31: 0.32 | K31: =J31/D31 -> 0.002946593 | L31: =J31*G31 -> 100.352 | M31: =((E31+F31)-D31)-J31 -> 4.78 | N31: =M31/D31 -> 0.044014733 | O31: 組合室 | P31: 抓樣不穩 | Q31: 原物料特性，梗葉比例重量差異，抓樣不穩 | R31: 共用類
A32: 5 | B32: 鼎泰豐-煮麻婆豆腐(113年) | C32: 1474.02 | D32: 278.15 | E32: 278.15 | F32: 11.76 | G32: 133.88 | H32: =(E32+F32)/D32 -> 1.0422793 | I32: 1574.43 | J32: 0.75 | K32: =J32/D32 -> 0.0026963868 | L32: =J32*G32 -> 100.41 | M32: =((E32+F32)-D32)-J32 -> 11.01 | N32: =M32/D32 -> 0.039582959 | O32: 組合室 | P32: 抓樣不穩 | Q32: 秤重物料，秤重精準度須持續校正 | R32: 二配川味麻婆燒豆腐燴飯
A33: 6 | B33: 電解消毒切段美生菜2-3cm | C33: 1373.05 | D33: 222.17 | E33: 222.17 | F33: 9.4 | G33: 156.74 | H33: =(E33+F33)/D33 -> 1.0423099 | I33: 1473.36 | J33: 0.64 | K33: =J33/D33 -> 0.002880677 | L33: =J33*G33 -> 100.3136 | M33: =((E33+F33)-D33)-J33 -> 8.76 | N33: =M33/D33 -> 0.039429266 | O33: 組合室 | P33: 抓樣不穩 | Q33: 原物料特性，梗葉比例重量差異，抓樣不穩 | R33: 共用類
A34: 7 | B34: 果香甘口咖哩醬 | C34: 1344.6 | D34: 488.06 | E34: 488.06 | F34: 18.35 | G34: 78.77 | H34: =(E34+F34)/D34 -> 1.0375978 | I34: 1445.43 | J34: 1.28 | K34: =J34/D34 -> 0.0026226284 | L34: =J34*G34 -> 100.8256 | M34: =((E34+F34)-D34)-J34 -> 17.07 | N34: =M34/D34 -> 0.034975208 | O34: 組合室 | P34: 抓樣不穩 | Q34: 注餡機使用(機器出料就有落差)，人員持續於線上不定時抽測重量 | R34: 二配金咖哩果香甘口咖哩飯
A35: 8 | B35: 鮪魚沙拉(113.05) | C35: 1309.77 | D35: 222.12 | E35: 222.12 | F35: 7.31 | G35: 194.04 | H35: =(E35+F35)/D35 -> 1.0329101 | I35: 1418.43 | J35: 0.56 | K35: =J35/D35 -> 0.0025211597 | L35: =J35*G35 -> 108.6624 | M35: =((E35+F35)-D35)-J35 -> 6.75 | N35: =M35/D35 -> 0.030388979 | O35: 組合室 | P35: 抓樣不穩 | Q35: 冰杓定量挖取(使用量上會較起伏)，持續上抽測確認人員使用準確度 | R35: 鮪魚起司溏心蛋三明治
A36: 9 | B36: 濃辛辣咖哩醬 | C36: 1206.21 | D36: 437.4 | E36: 437.4 | F36: 16.45 | G36: 79.46 | H36: =(E36+F36)/D36 -> 1.0376086 | I36: 1307.12 | J36: 1.27 | K36: =J36/D36 -> 0.0029035208 | L36: =J36*G36 -> 100.9142 | M36: =((E36+F36)-D36)-J36 -> 15.18 | N36: =M36/D36 -> 0.034705075 | O36: 組合室 | P36: 抓樣不穩 | Q36: 冰杓定量挖取(使用量上會較起伏)，持續上抽測確認人員使用準確度 | R36: 二配金咖哩濃厚辛辣咖哩飯
A37: 10 | B37: 電解消毒雙色高麗菜絲(7:3) | C37: 1162.67 | D37: 253.4 | E37: 261 | F37: 8.34 | G37: 99.12 | H37: =(E37+F37)/D37 -> 1.0629045 | I37: 1579.97 | J37: 4.21 | K37: =J37/D37 -> 0.016614049 | L37: =J37*G37 -> 417.2952 | M37: =((E37+F37)-D37)-J37 -> 11.73 | N37: =M37/D37 -> 0.04629045 | O37: 組合室 | P37: 抓樣不穩 | Q37: 人員抓樣，絲狀較長抓樣重量差異 | R37: 共用類
A39: 共用類報廢金額前十名半成品
A40: 明細展開
A41: 排序 | B41: 半成品
B42: 名稱 | C42: 報廢金額 排序 | D42: 共用類總金額 占比
A44: 1 | B44: 墨西哥餅皮-原味(8英吋)新 | C44: 1412.59 | D44: =C44/$L$5 -> 0.24300701
A45: 2 | B45: 墨西哥餅皮-菠菜(8英吋)新 | C45: 1147.3 | D45: =C45/$L$5 -> 0.19736933
A46: 3 | B46: 義美業務用馬芬堡 | C46: 738.05 | D46: =C46/$L$5 -> 0.1269663
A47: 4 | B47: 電解消毒雙色高麗菜絲(7:3) | C47: 417.3 | D47: =C47/$L$5 -> 0.071787867
A48: 5 | B48: 電解消毒十字切美生菜 | C48: 181.81 | D48: =C48/$L$5 -> 0.031276665
A49: 6 | B49: 蒸基礎風味雞肉絲 | C49: 102.54 | D49: =C49/$L$5 -> 0.017639894
A50: 7 | B50: 電解消毒美生菜(三明治用) | C50: 101.75 | D50: =C50/$L$5 -> 0.017503991
A51: 8 | B51: 煮韓式辣醬(114.07) | C51: 101.3 | D51: =C51/$L$5 -> 0.017426578
A52: 9 | B52: 韓式泡菜豆腐蘿蔔絲 | C52: 101.29 | D52: =C52/$L$5 -> 0.017424858
A53: 10 | B53: 酸黃瓜碎(新) | C53: 101.26 | D53: =C53/$L$5 -> 0.017419697
A54: ※炊飯類不納入半成品廢棄計算
A56: ※淺黃色為工廠自填項目

Sheet 0917分析標準表 
A1: 新豐廠半成品管理分析
A2: 日期 | C2: 營業額 | D2: 報廢展開 | F2: 超用展開 | H2: 報廢展開 | J2: 超用展開 | L2: 報廢展開
A3: 45917 | C3: 6072276.3 | D3: 總報廢 | F3: 總超用 | H3: 報廢-前10名 | J3: 超用-前10名 | L3: 共用類-總報廢
D4: 金額 | E4: 占比(營業額) | F4: 金額 | G4: 占比(營業額) | H4: 金額 | I4: 占比(總報廢) | J4: 金額 | K4: 占比(總超用) | L4: 金額 | M4: 占比(總報廢)
A5: 年度KPI目標0.25% | D5: 14879.51 | E5: =D5/C3 -> 0.0024504007 | F5: 45707.8 | G5: =F5/C3 -> 0.0075272926 | H5: =SUM(C12:C21) -> 5611.95 | I5: =H5/D5 -> 0.3771596 | J5: =SUM(C28:C37) -> 16065.1 | K5: =J5/F5 -> 0.35147393 | L5: 4588.36 | M5: =L5/D5 -> 0.30836768
A7: 報廢金額前十名半成品
A8: 明細展開 | D8: 生產資訊 | O8: 類別 | P8: 分析原因 (請填寫8大原因) | Q8: 其他原因說明 | R8: 備註-商品名稱
A9: 排序 | B9: 半成品 | D9: 生產端 | J9: 組合端
B10: 名稱 | C10: 報廢金額 排序 | D10: 產出量 | J10: 報廢 | L10: 超用
D11: 訂單需求 (kg) | E11: 實際產出 (kg) | F11: 補單 (kg) | G11: 單價 (元) | H11: 實際生產 (對比訂單需求) | I11: 差異 (元) | J11: kg | K11: 占比 | L11: kg | M11: 占比 | N11: 金額 (元)
A12: 1 | B12: 鮪魚沙拉(113.05) | C12: 1668.74 | D12: 231.57 | E12: 231.57 | F12: 17.16 | G12: 194.04 | H12: =(E12+F12)/D12 -> 1.0741029 | I12: 3329.73 | J12: 8.6 | K12: =J12/D12 -> 0.037137799 | L12: =((E12+F12)-D12)-J12 -> 8.56 | M12: =L12/D12 -> 0.036965065 | N12: =L12*G12 -> 1660.9824 | O12: 組合端 | P12: 抓樣不穩 | Q12: 人員冰杓定量手法不穩 | R12: 鮪魚起司溏心蛋三明治
A13: 2 | B13: 義美業務用馬芬堡 | C13: 1269.04 | D13: 15840 | E13: 15840 | F13: 218.8 | G13: 5.8 | H13: =(E13+F13)/D13 -> 1.0138131 | I13: 1269.04 | J13: 218.8 | K13: =J13/D13 -> 0.013813131 | L13: =((E13+F13)-D13)-J13 -> -7.3896445e-13 | M13: =L13/D13 -> -4.6651796e-17 | N13: =L13*G13 -> -4.2859938e-12 | O13: 組合端 | P13: 其他原因 | Q13: 包材過於貼體 | R13: 共用類
A14: 3 | B14: 墨西哥餅皮-原味(8英吋)新 | C14: 695.7 | D14: 7586 | E14: 7586 | F14: 105.73 | G14: 6.58 | H14: =(E14+F14)/D14 -> 1.0139375 | I14: 695.7 | J14: 105.73 | K14: =J14/D14 -> 0.013937516 | L14: =((E14+F14)-D14)-J14 -> -4.405365e-13 | M14: =L14/D14 -> -5.8072304e-17 | N14: =L14*G14 -> -2.8987301e-12 | O14: 原物料 | P14: 原物料規格 | Q14: 菜梗太硬導致捲的時候破損 | R14: 共用類
A15: 4 | B15: 溏心洋芋沙拉(113.06) | C15: 512.63 | D15: 360.7 | E15: 360.7 | F15: 9.6 | G15: 111.2 | H15: =(E15+F15)/D15 -> 1.0266149 | I15: 1067.52 | J15: 4.61 | K15: =J15/D15 -> 0.012780704 | L15: =((E15+F15)-D15)-J15 -> 4.99 | M15: =L15/D15 -> 0.013834211 | N15: =L15*G15 -> 554.888 | O15: 組合端 | P15: 抓樣不穩 | Q15: 人員冰杓定量手法不穩 | R15: 溏心蛋洋芋沙拉
A16: 5 | B16: 濃辛辣咖哩醬 | C16: 503.78 | D16: 492.3 | E16: 492.3 | F16: 14.96 | G16: 79.46 | H16: =(E16+F16)/D16 -> 1.030388 | I16: 1188.72 | J16: 6.34 | K16: =J16/D16 -> 0.012878326 | L16: =((E16+F16)-D16)-J16 -> 8.62 | M16: =L16/D16 -> 0.017509649 | N16: =L16*G16 -> 684.9452 | O16: 組合端 | P16: 抓樣不穩 | Q16: 注餡機使用(機器出料就有落差)，人員持續於線上不定時抽測重量 | R16: 二配金咖哩濃厚辛辣咖哩飯
A17: 6 | B17: 墨西哥餅皮-菠菜(8英吋)新 | C17: 453.6 | D17: 9992 | E17: 9992 | F17: 64.8 | G17: 7 | H17: =(E17+F17)/D17 -> 1.0064852 | I17: 453.6 | J17: 64.8 | K17: =J17/D17 -> 0.0064851882 | L17: =((E17+F17)-D17)-J17 -> -7.2475359e-13 | M17: =L17/D17 -> -7.2533386e-17 | N17: =L17*G17 -> -5.0732751e-12 | O17: 原物料 | P17: 原物料規格 | Q17: 菜梗太硬導致捲的時候破損 | R17: 共用類
A18: 7 | B18: 韓式泡菜豆腐蘿蔔絲 | C18: 171.76 | D18: 118.08 | E18: 118.08 | F18: 3.14 | G18: 110.1 | H18: =(E18+F18)/D18 -> 1.0265921 | I18: 345.71 | J18: 1.56 | K18: =J18/D18 -> 0.013211382 | L18: =((E18+F18)-D18)-J18 -> 1.58 | M18: =L18/D18 -> 0.013380759 | N18: =L18*G18 -> 173.958 | O18: 組合端 | P18: 抓樣不穩 | Q18: 人員抓樣手感不穩 | R18: 共用類
A19: 8 | B19: 電解消毒混合紅K高麗絲 | C19: 136.29 | D19: 105.38 | E19: 105.38 | F19: 2.8 | G19: 104.84 | H19: =(E19+F19)/D19 -> 1.0265705 | I19: 293.55 | J19: 1.3 | K19: =J19/D19 -> 0.012336307 | L19: =((E19+F19)-D19)-J19 -> 1.5 | M19: =L19/D19 -> 0.0142342 | N19: =L19*G19 -> 157.26 | O19: 組合端 | P19: 抓樣不穩 | Q19: 人員抓樣手感不穩 | R19: 共用類
A20: 9 | B20: 拌總匯鮪魚沙拉CL(113年) | C20: 102.73 | D20: 100.02 | E20: 104.9 | F20: 1.9 | G20: 114.14 | H20: =(E20+F20)/D20 -> 1.0677864 | I20: 773.87 | J20: 0.9 | K20: =J20/D20 -> 0.0089982004 | L20: =((E20+F20)-D20)-J20 -> 5.88 | M20: =L20/D20 -> 0.058788242 | N20: =L20*G20 -> 671.1432 | O20: 組合端 | P20: 抓樣不穩 | Q20: 人員冰杓定量手法不穩 | R20: 經典總匯三明治
A21: 10 | B21: 義美4吋芝麻漢堡 | C21: 97.68 | D21: 5676 | E21: 5676 | F21: 22.2 | G21: 4.4 | H21: =(E21+F21)/D21 -> 1.0039112 | I21: 97.68 | J21: 22.2 | K21: =J21/D21 -> 0.0039112051 | L21: =((E21+F21)-D21)-J21 -> -1.811884e-13 | M21: =L21/D21 -> -3.1921846e-17 | N21: =L21*G21 -> -7.9722895e-13 | O21: 組合端 | P21: 其他原因 | Q21: 包材過於貼體 | R21: 共用類
A23: 超用金額前十名半成品
A24: 明細展開 | D24: 生產資訊 | O24: 類別 | P24: 分析原因 (請填寫8大原因) | Q24: 其他原因說明 | R24: 備註-商品名稱
A25: 排序 | B25: 半成品 | D25: 生產端 | J25: 組合端
B26: 名稱 | C26: 超用金額 排序 | D26: 產出量 | J26: 報廢 | M26: 超用
D27: 訂單需求 (kg) | E27: 實際產出 (kg) | F27: 補單 (kg) | G27: 單價 (元) | H27: 實際生產 (對比訂單需求) | I27: 差異 (元) | J27: kg | K27: 占比 | L27: 金額 (元) | M27: kg | N27: 占比
A28: 1 | B28: 電解消毒十字切美生菜 | C28: 2725.54 | D28: 340.71 | E28: 347 | F28: 11.65 | G28: 156.73 | H28: =(E28+F28)/D28 -> 1.0526548 | I28: 2811.74 | J28: 0.55 | K28: =J28/D28 -> 0.0016142761 | L28: =J28*G28 -> 86.2015 | M28: =((E28+F28)-D28)-J28 -> 17.39 | N28: =M28/D28 -> 0.051040474 | O28: 組合室 | P28: 抓樣不穩 | Q28: 原物料特性，梗葉比例重量差異，抓樣不穩 | R28: 共用類
A29: 2 | B29: 烤卜蜂紐奧良腿排(減鈉版) | C29: 1775 | D29: 10065 | E29: 10065 | F29: 100 | G29: 17.75 | H29: =(E29+F29)/D29 -> 1.0099354 | I29: 1775 | J29: 0 | K29: =J29/D29 -> 0 | L29: =J29*G29 -> 0 | M29: =((E29+F29)-D29)-J29 -> 100 | N29: =M29/D29 -> 0.0099354198 | O29: 原物料 | P29: 原物料規格 | Q29: 塊肉過畸形，MD強制尾端補肉 | R29: 紐奧良風味烤雞鮮蔬三明治
A30: 3 | B30: 炒壽喜燒牛培根 | C30: 1712.07 | D30: 113.16 | E30: 113.16 | F30: 4.3 | G30: 417.58 | H30: =(E30+F30)/D30 -> 1.0379993 | I30: 1795.59 | J30: 0.2 | K30: =J30/D30 -> 0.001767409 | L30: =J30*G30 -> 83.516 | M30: =((E30+F30)-D30)-J30 -> 4.1 | N30: =M30/D30 -> 0.036231884 | O30: 組合室 | P30: 抓樣不穩 | Q30: 秤重物料，秤重精準度須持續校正 | R30: 白味噌壽喜燒飯
A31: 4 | B31: 鮪魚沙拉(113.05) | C31: 1660.99 | D31: 231.57 | E31: 231.57 | F31: 17.16 | G31: 194.04 | H31: =(E31+F31)/D31 -> 1.0741029 | I31: 3329.73 | J31: 8.6 | K31: =J31/D31 -> 0.037137799 | L31: =J31*G31 -> 1668.744 | M31: =((E31+F31)-D31)-J31 -> 8.56 | N31: =M31/D31 -> 0.036965065 | O31: 組合室 | P31: 抓樣不穩 | Q31: 冰杓定量挖取(使用量上會較起伏)，持續上抽測確認人員使用準確度 | R31: 鮪魚起司溏心蛋三明治
A32: 5 | B32: 電解消毒對切整葉廣東A | C32: 1583.68 | D32: 113.8 | E32: 114.8 | F32: 4.32 | G32: 313.6 | H32: =(E32+F32)/D32 -> 1.0467487 | I32: 1668.35 | J32: 0.27 | K32: =J32/D32 -> 0.0023725835 | L32: =J32*G32 -> 84.672 | M32: =((E32+F32)-D32)-J32 -> 5.05 | N32: =M32/D32 -> 0.044376098 | O32: 組合室 | P32: 抓樣不穩 | Q32: 原物料特性，梗葉比例重量差異，抓樣不穩 | R32: 共用類
A33: 6 | B33: 鼎泰豐-煮麻婆豆腐(113年) | C33: 1486.07 | D33: 343.2 | E33: 343.2 | F33: 11.74 | G33: 133.88 | H33: =(E33+F33)/D33 -> 1.0342075 | I33: 1571.75 | J33: 0.64 | K33: =J33/D33 -> 0.0018648019 | L33: =J33*G33 -> 85.6832 | M33: =((E33+F33)-D33)-J33 -> 11.1 | N33: =M33/D33 -> 0.032342657 | O33: 組合室 | P33: 抓樣不穩 | Q33: 秤重物料，秤重精準度須持續校正 | R33: 二配川味麻婆燒豆腐燴飯
A34: 7 | B34: 鼎泰豐-黃金蛋炒飯(112年) | C34: 1378.46 | D34: 631.96 | E34: 631.96 | F34: 24.02 | G34: 60.94 | H34: =(E34+F34)/D34 -> 1.0380087 | I34: 1463.78 | J34: 1.4 | K34: =J34/D34 -> 0.0022153301 | L34: =J34*G34 -> 85.316 | M34: =((E34+F34)-D34)-J34 -> 22.62 | N34: =M34/D34 -> 0.035793405 | O34: 組合室 | P34: 抓樣不穩 | Q34: 秤重物料，秤重精準度須持續校正 | R34: 二配香辣醬蒜味香腸蛋炒飯
A35: 8 | B35: 海鮮醬炒飯 | C35: 1337.76 | D35: 486.88 | E35: 486.88 | F35: 16.65 | G35: 85.48 | H35: =(E35+F35)/D35 -> 1.0341973 | I35: 1423.24 | J35: 1 | K35: =J35/D35 -> 0.0020538942 | L35: =J35*G35 -> 85.48 | M35: =((E35+F35)-D35)-J35 -> 15.65 | N35: =M35/D35 -> 0.032143444 | O35: 組合室 | P35: 抓樣不穩 | Q35: 秤重物料，秤重精準度須持續校正 | R35: 二配香拌海鮮醬肉絲蛋炒飯
A36: 9 | B36: 果香甘口咖哩醬 | C36: 1249.29 | D36: 557.07 | E36: 557.07 | F36: 16.94 | G36: 78.77 | H36: =(E36+F36)/D36 -> 1.0304091 | I36: 1334.36 | J36: 1.08 | K36: =J36/D36 -> 0.0019387151 | L36: =J36*G36 -> 85.0716 | M36: =((E36+F36)-D36)-J36 -> 15.86 | N36: =M36/D36 -> 0.02847039 | O36: 組合室 | P36: 抓樣不穩 | Q36: 注餡機使用(機器出料就有落差)，人員持續於線上不定時抽測重量 | R36: 二配金咖哩果香甘口咖哩飯
A37: 10 | B37: 蟹粉燴汁(114年) | C37: 1156.24 | D37: 475.2 | E37: 475.2 | F37: 16.25 | G37: 76.42 | H37: =(E37+F37)/D37 -> 1.0341961 | I37: 1241.83 | J37: 1.12 | K37: =J37/D37 -> 0.0023569024 | L37: =J37*G37 -> 85.5904 | M37: =((E37+F37)-D37)-J37 -> 15.13 | N37: =M37/D37 -> 0.031839226 | O37: 組合室 | P37: 抓樣不穩 | Q37: 冰杓定量挖取(使用量上會較起伏)，持續上抽測確認人員使用準確度 | R37: 二配美味蟹煲
A39: 共用類報廢金額前十名半成品
A40: 明細展開
A41: 排序 | B41: 半成品
B42: 名稱 | C42: 報廢金額 排序 | D42: 共用類總金額 占比
A44: 1 | B44: 義美業務用馬芬堡 | C44: 1269.04 | D44: =C44/$L$5 -> 0.27657812
A45: 2 | B45: 墨西哥餅皮-原味(8英吋)新 | C45: 695.7 | D45: =C45/$L$5 -> 0.1516228
A46: 3 | B46: 墨西哥餅皮-菠菜(8英吋)新 | C46: 453.6 | D46: =C46/$L$5 -> 0.098858852
A47: 4 | B47: 韓式泡菜豆腐蘿蔔絲 | C47: 171.76 | D47: =C47/$L$5 -> 0.037433854
A48: 5 | B48: 電解消毒混合紅K高麗絲 | C48: 136.29 | D48: =C48/$L$5 -> 0.029703423
A49: 6 | B49: 義美4吋芝麻漢堡 | C49: 97.68 | D49: =C49/$L$5 -> 0.021288652
A50: 7 | B50: 青醬優格(113.06) | C50: 95.74 | D50: =C50/$L$5 -> 0.020865843
A51: 8 | B51: 電解消毒蔥花 | C51: 95.35 | D51: =C51/$L$5 -> 0.020780845
A52: 9 | B52: 煮韓式辣醬(114.07) | C52: 95.1 | D52: =C52/$L$5 -> 0.02072636
A53: 10 | B53: F-台式特級沙拉醬 | C53: 94.38 | D53: =C53/$L$5 -> 0.020569441
A54: ※炊飯類不納入半成品廢棄計算
A56: ※淺黃色為工廠自填項目

Sheet 0916分析標準表 
A1: 新豐廠半成品管理分析
A2: 日期 | C2: 營業額 | D2: 報廢展開 | F2: 超用展開 | H2: 報廢展開 | J2: 超用展開 | L2: 報廢展開
A3: 45916 | C3: 6265697.1 | D3: 總報廢 | F3: 總超用 | H3: 報廢-前10名 | J3: 超用-前10名 | L3: 共用類-總報廢
D4: 金額 | E4: 占比(營業額) | F4: 金額 | G4: 占比(營業額) | H4: 金額 | I4: 占比(總報廢) | J4: 金額 | K4: 占比(總超用) | L4: 金額 | M4: 占比(總報廢)
A5: 年度KPI目標0.25% | D5: 15335.71 | E5: =D5/C3 -> 0.0024475665 | F5: 48098.49 | G5: =F5/C3 -> 0.0076764787 | H5: =SUM(C12:C21) -> 5825 | I5: =H5/D5 -> 0.37983243 | J5: =SUM(C28:C37) -> 20638.82 | K5: =J5/F5 -> 0.42909497 | L5: 7325.93 | M5: =L5/D5 -> 0.477704
A7: 報廢金額前十名半成品
A8: 明細展開 | D8: 生產資訊 | O8: 類別 | P8: 分析原因 (請填寫8大原因) | Q8: 其他原因說明 | R8: 備註-商品名稱
A9: 排序 | B9: 半成品 | D9: 生產端 | J9: 組合端
B10: 名稱 | C10: 報廢金額 排序 | D10: 產出量 | J10: 報廢 | L10: 超用
D11: 訂單需求 (kg) | E11: 實際產出 (kg) | F11: 補單 (kg) | G11: 單價 (元) | H11: 實際生產 (對比訂單需求) | I11: 差異 (元) | J11: kg | K11: 占比 | L11: kg | M11: 占比 | N11: 金額 (元)
A12: 1 | B12: 義美業務用馬芬堡 | C12: 2308.52 | D12: 15049 | E12: 15049 | F12: 398.02 | G12: 5.8 | H12: =(E12+F12)/D12 -> 1.0264483 | I12: 2308.52 | J12: 398.02 | K12: =J12/D12 -> 0.026448269 | L12: =((E12+F12)-D12)-J12 -> 4.5474735e-13 | M12: =L12/D12 -> 3.0217779e-17 | N12: =L12*G12 -> 2.6375346e-12 | O12: 組合端 | P12: 其他原因 | Q12: 包材過於貼體 | R12: 共用類
A13: 2 | B13: 墨西哥餅皮-原味(8英吋)新 | C13: 1542.88 | D13: 7412 | E13: 7412 | F13: 234.48 | G13: 6.58 | H13: =(E13+F13)/D13 -> 1.0316352 | I13: 1542.88 | J13: 234.48 | K13: =J13/D13 -> 0.031635186 | L13: =((E13+F13)-D13)-J13 -> -4.2632564e-13 | M13: =L13/D13 -> -5.75183e-17 | N13: =L13*G13 -> -2.8052227e-12 | O13: 原物料 | P13: 原物料規格 | Q13: 菜梗太硬導致捲的時候破損 | R13: 共用類
A14: 3 | B14: 墨西哥餅皮-菠菜(8英吋)新 | C14: 471.59 | D14: 9665 | E14: 9665 | F14: 67.37 | G14: 7 | H14: =(E14+F14)/D14 -> 1.0069705 | I14: 471.59 | J14: 67.37 | K14: =J14/D14 -> 0.0069705122 | L14: =((E14+F14)-D14)-J14 -> 7.9580786e-13 | M14: =L14/D14 -> 8.2339148e-17 | N14: =L14*G14 -> 5.570655e-12 | O14: 原物料 | P14: 原物料規格 | Q14: 菜梗太硬導致捲的時候破損 | R14: 共用類
A15: 4 | B15: 電解消毒混合蔥鹽蔬菜絲 | C15: 291.53 | D15: 52.01 | E15: 52.01 | F15: 4.96 | G15: 118.99 | H15: =(E15+F15)/D15 -> 1.0953663 | I15: 590.19 | J15: 2.45 | K15: =J15/D15 -> 0.047106326 | L15: =((E15+F15)-D15)-J15 -> 2.51 | M15: =L15/D15 -> 0.04825995 | N15: =L15*G15 -> 298.6649 | O15: 組合端 | P15: 抓樣不穩 | Q15: 人員抓樣手感不穩 | R15: 蔥鹽雞肉麵沙拉(114年)
A16: 5 | B16: 義美4吋芝麻漢堡 | C16: 268.71 | D16: 5610 | E16: 5610 | F16: 61.07 | G16: 4.4 | H16: =(E16+F16)/D16 -> 1.0108859 | I16: 268.71 | J16: 61.07 | K16: =J16/D16 -> 0.010885918 | L16: =((E16+F16)-D16)-J16 -> -2.9132252e-13 | M16: =L16/D16 -> -5.1929148e-17 | N16: =L16*G16 -> -1.2818191e-12 | O16: 組合端 | P16: 其他原因 | Q16: 包材過於貼體 | R16: 共用類
A17: 6 | B17: 溏心洋芋沙拉(113.06) | C17: 232.41 | D17: 352 | E17: 352 | F17: 15.52 | G17: 111.2 | H17: =(E17+F17)/D17 -> 1.0440909 | I17: 1725.82 | J17: 2.09 | K17: =J17/D17 -> 0.0059375 | L17: =((E17+F17)-D17)-J17 -> 13.43 | M17: =L17/D17 -> 0.038153409 | N17: =L17*G17 -> 1493.416 | O17: 組合端 | P17: 抓樣不穩 | Q17: 人員冰杓定量手法不穩 | R17: 溏心蛋洋芋沙拉
A18: 7 | B18: 韓式泡菜豆腐蘿蔔絲 | C18: 200.38 | D18: 112.56 | E18: 112.56 | F18: 4.96 | G18: 110.1 | H18: =(E18+F18)/D18 -> 1.0440654 | I18: 546.1 | J18: 1.82 | K18: =J18/D18 -> 0.016169154 | L18: =((E18+F18)-D18)-J18 -> 3.14 | M18: =L18/D18 -> 0.027896233 | N18: =L18*G18 -> 345.714 | O18: 組合端 | P18: 抓樣不穩 | Q18: 秤重物料，秤重精準度須持續校正 | R18: 共用類
A19: 8 | B19: 電解消毒雙色高麗菜絲(7:3) | C19: 187.34 | D19: 259.42 | E19: 259.42 | F19: 11.44 | G19: 99.12 | H19: =(E19+F19)/D19 -> 1.0440984 | I19: 1133.93 | J19: 1.89 | K19: =J19/D19 -> 0.007285483 | L19: =((E19+F19)-D19)-J19 -> 9.55 | M19: =L19/D19 -> 0.03681289 | N19: =L19*G19 -> 946.596 | O19: 組合端 | P19: 抓樣不穩 | Q19: 人員抓樣手感不穩 | R19: 共用類
A20: 9 | B20: 青醬優格(113.06) | C20: 161.17 | D20: 77.44 | E20: 77.44 | F20: 3.91 | G20: 159.57 | H20: =(E20+F20)/D20 -> 1.0504907 | I20: 623.92 | J20: 1.01 | K20: =J20/D20 -> 0.013042355 | L20: =((E20+F20)-D20)-J20 -> 2.9 | M20: =L20/D20 -> 0.037448347 | N20: =L20*G20 -> 462.753 | O20: 組合端 | P20: 抓樣不穩 | Q20: 人員冰杓定量手法不穩 | R20: 共用類
A21: 10 | B21: 四吋芝麻漢堡 | C21: 160.47 | D21: 4761 | E21: 4761 | F21: 36.89 | G21: 4.35 | H21: =(E21+F21)/D21 -> 1.0077484 | I21: 160.47 | J21: 36.89 | K21: =J21/D21 -> 0.0077483722 | L21: =((E21+F21)-D21)-J21 -> 3.2684966e-13 | M21: =L21/D21 -> 6.8651472e-17 | N21: =L21*G21 -> 1.421796e-12 | O21: 組合端 | P21: 其他原因 | Q21: 包材過於貼體 | R21: 經典雙牛起司堡(113年)
A23: 超用金額前十名半成品
A24: 明細展開 | D24: 生產資訊 | O24: 類別 | P24: 分析原因 (請填寫8大原因) | Q24: 其他原因說明 | R24: 備註-商品名稱
A25: 排序 | B25: 半成品 | D25: 生產端 | J25: 組合端
B26: 名稱 | C26: 超用金額 排序 | D26: 產出量 | J26: 報廢 | M26: 超用
D27: 訂單需求 (kg) | E27: 實際產出 (kg) | F27: 補單 (kg) | G27: 單價 (元) | H27: 實際生產 (對比訂單需求) | I27: 差異 (元) | J27: kg | K27: 占比 | L27: 金額 (元) | M27: kg | N27: 占比
A28: 1 | B28: 炒壽喜燒牛培根 | C28: 3152.73 | D28: 125.72 | E28: 125.72 | F28: 7.92 | G28: 417.58 | H28: =(E28+F28)/D28 -> 1.0629971 | I28: 3307.23 | J28: 0.37 | K28: =J28/D28 -> 0.002943048 | L28: =J28*G28 -> 154.5046 | M28: =((E28+F28)-D28)-J28 -> 7.55 | N28: =M28/D28 -> 0.060054088 | O28: 組合室 | P28: 抓樣不穩 | Q28: 秤重物料，秤重精準度須持續校正 | R28: 白味噌壽喜燒飯
A29: 2 | B29: 電解消毒十字切美生菜 | C29: 2868.16 | D29: 340.42 | E29: 340.42 | F29: 19.3 | G29: 156.73 | H29: =(E29+F29)/D29 -> 1.0566947 | I29: 3024.89 | J29: 1 | K29: =J29/D29 -> 0.0029375477 | L29: =J29*G29 -> 156.73 | M29: =((E29+F29)-D29)-J29 -> 18.3 | N29: =M29/D29 -> 0.053757124 | O29: 組合室 | P29: 抓樣不穩 | Q29: 原物料特性，梗葉比例重量差異，抓樣不穩 | R29: 共用類
A30: 3 | B30: 鼎泰豐-煮麻婆豆腐(113年) | C30: 2648.15 | D30: 369.56 | E30: 369.56 | F30: 20.95 | G30: 133.88 | H30: =(E30+F30)/D30 -> 1.056689 | I30: 2804.79 | J30: 1.17 | K30: =J30/D30 -> 0.003165927 | L30: =J30*G30 -> 156.6396 | M30: =((E30+F30)-D30)-J30 -> 19.78 | N30: =M30/D30 -> 0.053523109 | O30: 組合室 | P30: 抓樣不穩 | Q30: 秤重物料，秤重精準度須持續校正 | R30: 二配川味麻婆燒豆腐燴飯
A31: 4 | B31: 電解消毒對切整葉廣東A | C31: 2041.54 | D31: 111.18 | E31: 111.18 | F31: 7.01 | G31: 313.6 | H31: =(E31+F31)/D31 -> 1.0630509 | I31: 2198.34 | J31: 0.5 | K31: =J31/D31 -> 0.0044972117 | L31: =J31*G31 -> 156.8 | M31: =((E31+F31)-D31)-J31 -> 6.51 | N31: =M31/D31 -> 0.058553697 | O31: 組合室 | P31: 抓樣不穩 | Q31: 原物料特性，梗葉比例重量差異，抓樣不穩 | R31: 共用類
A32: 5 | B32: 鮪魚沙拉(113.05) | C32: 1922.94 | D32: 242.91 | E32: 242.91 | F32: 10.71 | G32: 194.04 | H32: =(E32+F32)/D32 -> 1.0440904 | I32: 2078.17 | J32: 0.8 | K32: =J32/D32 -> 0.0032934008 | L32: =J32*G32 -> 155.232 | M32: =((E32+F32)-D32)-J32 -> 9.91 | N32: =M32/D32 -> 0.040797003 | O32: 組合室 | P32: 抓樣不穩 | Q32: 冰杓定量挖取(使用量上會較起伏)，持續上抽測確認人員使用準確度 | R32: 鮪魚起司溏心蛋三明治
A33: 6 | B33: 電解消毒切段美生菜2-3cm | C33: 1868.34 | D33: 227.74 | E33: 227.74 | F33: 12.92 | G33: 156.74 | H33: =(E33+F33)/D33 -> 1.0567314 | I33: 2025.08 | J33: 1 | K33: =J33/D33 -> 0.0043909722 | L33: =J33*G33 -> 156.74 | M33: =((E33+F33)-D33)-J33 -> 11.92 | N33: =M33/D33 -> 0.052340388 | O33: 組合室 | P33: 抓樣不穩 | Q33: 原物料特性，梗葉比例重量差異，抓樣不穩 | R33: 共用類
A34: 7 | B34: 川燙醃嫩化淨零碳排牛肉片 | C34: 1823.72 | D34: 38.51 | E34: 38.51 | F34: 2.43 | G34: 814.16 | H34: =(E34+F34)/D34 -> 1.0631005 | I34: 1978.41 | J34: 0.19 | K34: =J34/D34 -> 0.0049337834 | L34: =J34*G34 -> 154.6904 | M34: =((E34+F34)-D34)-J34 -> 2.24 | N34: =M34/D34 -> 0.05816671 | O34: 組合室 | P34: 研發設定 | Q34: 秤重物料，秤重精準度須持續校正(過多難剝除) | R34: 二配港式香滑嫩蛋牛肉燴飯
A35: 8 | B35: 溏心洋芋沙拉(113.06) | C35: 1493.41 | D35: 352 | E35: 352 | F35: 15.52 | G35: 111.2 | H35: =(E35+F35)/D35 -> 1.0440909 | I35: 1725.82 | J35: 2.09 | K35: =J35/D35 -> 0.0059375 | L35: =J35*G35 -> 232.408 | M35: =((E35+F35)-D35)-J35 -> 13.43 | N35: =M35/D35 -> 0.038153409 | O35: 組合室 | P35: 抓樣不穩 | Q35: 冰杓定量挖取(使用量上會較起伏)，持續上抽測確認人員使用準確度 | R35: 溏心蛋洋芋沙拉
A36: 9 | B36: 蒸基礎風味雞肉絲 | C36: 1447.87 | D36: 103.26 | E36: 103.26 | F36: 3.91 | G36: 410.16 | H36: =(E36+F36)/D36 -> 1.0378656 | I36: 1603.73 | J36: 0.38 | K36: =J36/D36 -> 0.003680031 | L36: =J36*G36 -> 155.8608 | M36: =((E36+F36)-D36)-J36 -> 3.53 | N36: =M36/D36 -> 0.034185551 | O36: 組合室 | P36: 抓樣不穩 | Q36: 秤重物料，秤重精準度須持續校正 | R36: 共用類
A37: 10 | B37: 油亮蒜味香腸片 | C37: 1371.96 | D37: 95.28 | E37: 95.28 | F37: 4.8 | G37: 318.32 | H37: =(E37+F37)/D37 -> 1.0503778 | I37: 1527.94 | J37: 0.49 | K37: =J37/D37 -> 0.0051427372 | L37: =J37*G37 -> 155.9768 | M37: =((E37+F37)-D37)-J37 -> 4.31 | N37: =M37/D37 -> 0.045235097 | O37: 組合室 | P37: 研發設定 | Q37: 秤重物料，秤重精準度須持續校正(過多難剝除) | R37: 二配香辣醬蒜味香腸蛋炒飯
A39: 共用類報廢金額前十名半成品
A40: 明細展開
A41: 排序 | B41: 半成品
B42: 名稱 | C42: 報廢金額 排序 | D42: 共用類總金額 占比
A44: 1 | B44: 義美業務用馬芬堡 | C44: 2308.52 | D44: =C44/$L$5 -> 0.31511631
A45: 2 | B45: 墨西哥餅皮-原味(8英吋)新 | C45: 1542.88 | D45: =C45/$L$5 -> 0.21060534
A46: 3 | B46: 墨西哥餅皮-菠菜(8英吋)新 | C46: 471.59 | D46: =C46/$L$5 -> 0.064372714
A47: 4 | B47: 義美4吋芝麻漢堡 | C47: 268.71 | D47: =C47/$L$5 -> 0.036679302
A48: 5 | B48: 韓式泡菜豆腐蘿蔔絲 | C48: 200.38 | D48: =C48/$L$5 -> 0.027352159
A49: 6 | B49: 電解消毒雙色高麗菜絲(7:3) | C49: 187.34 | D49: =C49/$L$5 -> 0.02557218
A50: 7 | B50: 青醬優格(113.06) | C50: 161.17 | D50: =C50/$L$5 -> 0.021999937
A51: 8 | B51: 電解消毒對切整葉廣東A | C51: 156.8 | D51: =C51/$L$5 -> 0.021403426
A52: 9 | B52: 電解消毒切段美生菜2-3cm | C52: 156.74 | D52: =C52/$L$5 -> 0.021395236
A53: 10 | B53: 電解消毒十字切美生菜 | C53: 156.73 | D53: =C53/$L$5 -> 0.021393871
A54: ※炊飯類不納入半成品廢棄計算
A56: ※淺黃色為工廠自填項目

Sheet 0915分析標準表 
A1: 新豐廠半成品管理分析
A2: 日期 | C2: 營業額 | D2: 報廢展開 | F2: 超用展開 | H2: 報廢展開 | J2: 超用展開 | L2: 報廢展開
A3: 45915 | C3: 6231365.4 | D3: 總報廢 | F3: 總超用 | H3: 報廢-前10名 | J3: 超用-前10名 | L3: 共用類-總報廢
D4: 金額 | E4: 占比(營業額) | F4: 金額 | G4: 占比(營業額) | H4: 金額 | I4: 占比(總報廢) | J4: 金額 | K4: 占比(總超用) | L4: 金額 | M4: 占比(總報廢)
A5: 年度KPI目標0.25% | D5: 15102.44 | E5: =D5/C3 -> 0.0024236165 | F5: 47950.77 | G5: =F5/C3 -> 0.0076950663 | H5: =SUM(C12:C21) -> 5807.32 | I5: =H5/D5 -> 0.38452859 | J5: =SUM(C28:C37) -> 26383.56 | K5: =J5/F5 -> 0.55022182 | L5: 6462.99 | M5: =L5/D5 -> 0.42794343
A7: 報廢金額前十名半成品
A8: 明細展開 | D8: 生產資訊 | O8: 類別 | P8: 分析原因 (請填寫8大原因) | Q8: 其他原因說明 | R8: 備註-商品名稱
A9: 排序 | B9: 半成品 | D9: 生產端 | J9: 組合端
B10: 名稱 | C10: 報廢金額 排序 | D10: 產出量 | J10: 報廢 | L10: 超用
D11: 訂單需求 (kg) | E11: 實際產出 (kg) | F11: 補單 (kg) | G11: 單價 (元) | H11: 實際生產 (對比訂單需求) | I11: 差異 (元) | J11: kg | K11: 占比 | L11: kg | M11: 占比 | N11: 金額 (元)
A12: 1 | B12: 義美業務用馬芬堡 | C12: 2016.89 | D12: 15515 | E12: 15515 | F12: 347.74 | G12: 5.8 | H12: =(E12+F12)/D12 -> 1.0224131 | I12: 2016.89 | J12: 347.74 | K12: =J12/D12 -> 0.022413149 | L12: =((E12+F12)-D12)-J12 -> 0 | M12: =L12/D12 -> 0 | N12: =L12*G12 -> 0 | O12: 組合端 | P12: 其他原因 | Q12: 包材過於貼體 | R12: 共用類
A13: 2 | B13: 墨西哥餅皮-原味(8英吋)新 | C13: 1368.71 | D13: 7529 | E13: 7529 | F13: 208.01 | G13: 6.58 | H13: =(E13+F13)/D13 -> 1.0276278 | I13: 1368.71 | J13: 208.01 | K13: =J13/D13 -> 0.027627839 | L13: =((E13+F13)-D13)-J13 -> 2.2737368e-13 | M13: =L13/D13 -> 3.0199718e-17 | N13: =L13*G13 -> 1.4961188e-12 | O13: 原物料 | P13: 原物料規格 | Q13: 菜梗太硬導致捲的時候破損 | R13: 共用類
A14: 3 | B14: 鮪魚沙拉(113.05) | C14: 927.51 | D14: 241.2 | E14: 241.2 | F14: 10.44 | G14: 194.04 | H14: =(E14+F14)/D14 -> 1.0432836 | I14: 2025.78 | J14: 4.78 | K14: =J14/D14 -> 0.019817579 | L14: =((E14+F14)-D14)-J14 -> 5.66 | M14: =L14/D14 -> 0.023466003 | N14: =L14*G14 -> 1098.2664 | O14: 組合端 | P14: 抓樣不穩 | Q14: 人員冰杓定量手法不穩 | R14: 鮪魚起司溏心蛋三明治
A15: 4 | B15: 義美4吋芝麻漢堡 | C15: 282.35 | D15: 6002 | E15: 6002 | F15: 64.17 | G15: 4.4 | H15: =(E15+F15)/D15 -> 1.0106914 | I15: 282.35 | J15: 64.17 | K15: =J15/D15 -> 0.010691436 | L15: =((E15+F15)-D15)-J15 -> 0 | M15: =L15/D15 -> 0 | N15: =L15*G15 -> 0 | O15: 組合端 | P15: 其他原因 | Q15: 包材過於貼體 | R15: 共用類
A16: 5 | B16: 拌肉鬆(114.01) | C16: 281.62 | D16: 44.56 | E16: 44.56 | F16: 2.01 | G16: 278.83 | H16: =(E16+F16)/D16 -> 1.0451077 | I16: 560.45 | J16: 1.01 | K16: =J16/D16 -> 0.022666068 | L16: =((E16+F16)-D16)-J16 -> 1 | M16: =L16/D16 -> 0.022441652 | N16: =L16*G16 -> 278.83 | O16: 組合端 | P16: 抓樣不穩 | Q16: 人員冰杓定量手法不穩 | R16: 肉鬆火腿三明治
A17: 6 | B17: 藍莓優格奶油霜(114.05) | C17: 219 | D17: 36.27 | E17: 36.27 | F17: 1.63 | G17: 268.71 | H17: =(E17+F17)/D17 -> 1.0449407 | I17: 438 | J17: 0.815 | K17: =J17/D17 -> 0.022470361 | L17: =((E17+F17)-D17)-J17 -> 0.815 | M17: =L17/D17 -> 0.022470361 | N17: =L17*G17 -> 218.99865 | O17: 組合端 | P17: 抓樣不穩 | Q17: 人員冰杓定量手法不穩 | R17: 藍莓優格三明治(114年)
A18: 7 | B18: 墨西哥餅皮-菠菜(8英吋)新 | C18: 196.7 | D18: 10173 | E18: 10173 | F18: 28.1 | G18: 7 | H18: =(E18+F18)/D18 -> 1.0027622 | I18: 196.7 | J18: 28.1 | K18: =J18/D18 -> 0.0027622137 | L18: =((E18+F18)-D18)-J18 -> 3.623768e-13 | M18: =L18/D18 -> 3.5621429e-17 | N18: =L18*G18 -> 2.5366376e-12 | O18: 原物料 | P18: 原物料規格 | Q18: 菜梗太硬導致捲的時候破損 | R18: 共用類
A19: 8 | B19: 電解消毒雙色高麗菜絲(7:3) | C19: 184.36 | D19: 263.51 | E19: 263.51 | F19: 9.22 | G19: 99.12 | H19: =(E19+F19)/D19 -> 1.0349892 | I19: 913.89 | J19: 1.86 | K19: =J19/D19 -> 0.0070585557 | L19: =((E19+F19)-D19)-J19 -> 7.36 | M19: =L19/D19 -> 0.027930629 | N19: =L19*G19 -> 729.5232 | O19: 組合端 | P19: 抓樣不穩 | Q19: 人員抓樣手感不穩 | R19: 共用類
A20: 9 | B20: 韓式泡菜豆腐蘿蔔絲 | C20: 167.35 | D20: 120.63 | E20: 120.63 | F20: 4.22 | G20: 110.1 | H20: =(E20+F20)/D20 -> 1.034983 | I20: 464.62 | J20: 1.52 | K20: =J20/D20 -> 0.012600514 | L20: =((E20+F20)-D20)-J20 -> 2.7 | M20: =L20/D20 -> 0.022382492 | N20: =L20*G20 -> 297.27 | O20: 組合端 | P20: 抓樣不穩 | Q20: 秤重物料，秤重精準度須持續校正 | R20: 共用類
A21: 10 | B21: 川燙醃嫩化淨零碳排牛肉片 | C21: 162.83 | D21: 41.72 | E21: 41.72 | F21: 2.09 | G21: 814.16 | H21: =(E21+F21)/D21 -> 1.0500959 | I21: 1701.59 | J21: 0.2 | K21: =J21/D21 -> 0.0047938639 | L21: =((E21+F21)-D21)-J21 -> 1.89 | M21: =L21/D21 -> 0.045302013 | N21: =L21*G21 -> 1538.7624 | O21: 組合端 | P21: 研發設定 | Q21: 秤重物料，過多無法剝除 | R21: 二配港式香滑嫩蛋牛肉燴飯
A23: 超用金額前十名半成品
A24: 明細展開 | D24: 生產資訊 | O24: 類別 | P24: 分析原因 (請填寫8大原因) | Q24: 其他原因說明 | R24: 備註-商品名稱
A25: 排序 | B25: 半成品 | D25: 生產端 | J25: 組合端
B26: 名稱 | C26: 超用金額 排序 | D26: 產出量 | J26: 報廢 | M26: 超用
D27: 訂單需求 (kg) | E27: 實際產出 (kg) | F27: 補單 (kg) | G27: 單價 (元) | H27: 實際生產 (對比訂單需求) | I27: 差異 (元) | J27: kg | K27: 占比 | L27: 金額 (元) | M27: kg | N27: 占比
A28: 1 | B28: 烤卜蜂紐奧良腿排(減鈉版) | C28: 12425 | D28: 10431 | E28: 10431 | F28: 700 | G28: 17.75 | H28: =(E28+F28)/D28 -> 1.0671077 | I28: 12425 | J28: 0 | K28: =J28/D28 -> 0 | L28: =J28*G28 -> 0 | M28: =((E28+F28)-D28)-J28 -> 700 | N28: =M28/D28 -> 0.06710766 | O28: 原物料 | P28: 原物料規格 | Q28: 腿排過小，對切成品尾端無料，切小肉補 | R28: 紐奧良風味烤雞鮮蔬三明治
A29: 2 | B29: 電解消毒十字切美生菜 | C29: 2413.65 | D29: 364.8 | E29: 364.8 | F29: 16.42 | G29: 156.73 | H29: =(E29+F29)/D29 -> 1.045011 | I29: 2573.51 | J29: 1.02 | K29: =J29/D29 -> 0.0027960526 | L29: =J29*G29 -> 159.8646 | M29: =((E29+F29)-D29)-J29 -> 15.4 | N29: =M29/D29 -> 0.042214912 | O29: 組合室 | P29: 抓樣不穩 | Q29: 原物料特性，梗葉比例重量差異，抓樣不穩 | R29: 共用類
A30: 3 | B30: 鼎泰豐-煮麻婆豆腐(113年) | C30: 2117.98 | D30: 378.14 | E30: 378.14 | F30: 17.02 | G30: 133.88 | H30: =(E30+F30)/D30 -> 1.0450098 | I30: 2278.64 | J30: 1.2 | K30: =J30/D30 -> 0.0031734278 | L30: =J30*G30 -> 160.656 | M30: =((E30+F30)-D30)-J30 -> 15.82 | N30: =M30/D30 -> 0.041836357 | O30: 組合室 | P30: 抓樣不穩 | Q30: 秤重物料，秤重精準度須持續校正 | R30: 二配川味麻婆燒豆腐燴飯
A31: 4 | B31: 電解消毒對切整葉廣東A | C31: 1608.76 | D31: 112.94 | E31: 112.94 | F31: 5.64 | G31: 313.6 | H31: =(E31+F31)/D31 -> 1.049938 | I31: 1768.7 | J31: 0.51 | K31: =J31/D31 -> 0.004515672 | L31: =J31*G31 -> 159.936 | M31: =((E31+F31)-D31)-J31 -> 5.13 | N31: =M31/D31 -> 0.045422348 | O31: 組合室 | P31: 抓樣不穩 | Q31: 原物料特性，梗葉比例重量差異，抓樣不穩 | R31: 共用類
A32: 5 | B32: 川燙醃嫩化淨零碳排牛肉片 | C32: 1538.76 | D32: 41.72 | E32: 41.72 | F32: 2.09 | G32: 814.16 | H32: =(E32+F32)/D32 -> 1.0500959 | I32: 1701.59 | J32: 0.2 | K32: =J32/D32 -> 0.0047938639 | L32: =J32*G32 -> 162.832 | M32: =((E32+F32)-D32)-J32 -> 1.89 | N32: =M32/D32 -> 0.045302013 | O32: 組合室 | P32: 研發設定 | Q32: 秤重物料，秤重精準度須持續校正(過多難剝除) | R32: 二配港式香滑嫩蛋牛肉燴飯
A33: 6 | B33: 電解消毒切段美生菜2-3cm | C33: 1493.74 | D33: 234.48 | E33: 234.48 | F33: 10.55 | G33: 156.74 | H33: =(E33+F33)/D33 -> 1.0449932 | I33: 1653.61 | J33: 1.02 | K33: =J33/D33 -> 0.0043500512 | L33: =J33*G33 -> 159.8748 | M33: =((E33+F33)-D33)-J33 -> 9.53 | N33: =M33/D33 -> 0.040643125 | O33: 組合室 | P33: 抓樣不穩 | Q33: 原物料特性，梗葉比例重量差異，抓樣不穩 | R33: 共用類
A34: 7 | B34: 油亮蒜味香腸片 | C34: 1391.06 | D34: 96.75 | E34: 96.75 | F34: 4.87 | G34: 318.32 | H34: =(E34+F34)/D34 -> 1.0503359 | I34: 1550.22 | J34: 0.5 | K34: =J34/D34 -> 0.0051679587 | L34: =J34*G34 -> 159.16 | M34: =((E34+F34)-D34)-J34 -> 4.37 | N34: =M34/D34 -> 0.045167959 | O34: 組合室 | P34: 研發設定 | Q34: 秤重物料，秤重精準度須持續校正(過多難剝除) | R34: 二配香辣醬蒜味香腸蛋炒飯
A35: 8 | B35: 蒸基礎風味雞肉絲 | C35: 1156.65 | D35: 106.96 | E35: 106.96 | F35: 3.21 | G35: 410.16 | H35: =(E35+F35)/D35 -> 1.0300112 | I35: 1316.61 | J35: 0.39 | K35: =J35/D35 -> 0.0036462229 | L35: =J35*G35 -> 159.9624 | M35: =((E35+F35)-D35)-J35 -> 2.82 | N35: =M35/D35 -> 0.026364996 | O35: 組合室 | P35: 抓樣不穩 | Q35: 秤重物料，秤重精準度須持續校正 | R35: 共用類
A36: 9 | B36: 114年自製芋頭餡 | C36: 1134.99 | D36: 172.84 | E36: 172.84 | F36: 7.78 | G36: 166.42 | H36: =(E36+F36)/D36 -> 1.0450127 | I36: 1294.75 | J36: 0.96 | K36: =J36/D36 -> 0.0055542698 | L36: =J36*G36 -> 159.7632 | M36: =((E36+F36)-D36)-J36 -> 6.82 | N36: =M36/D36 -> 0.039458459 | O36: 組合室 | P36: 抓樣不穩 | Q36: 冰杓定量挖取(使用量上會較起伏)，持續上抽測確認人員使用準確度 | R36: 起司芋見肉鬆三明治
A37: 10 | B37: 電解消毒美生菜(三明治用) | C37: 1102.97 | D37: 124.11 | E37: 124.11 | F37: 6.21 | G37: 203.5 | H37: =(E37+F37)/D37 -> 1.0500363 | I37: 1263.74 | J37: 0.79 | K37: =J37/D37 -> 0.0063653211 | L37: =J37*G37 -> 160.765 | M37: =((E37+F37)-D37)-J37 -> 5.42 | N37: =M37/D37 -> 0.043670937 | O37: 組合室 | P37: 抓樣不穩 | Q37: 原物料特性，梗葉比例重量差異，抓樣不穩 | R37: 共用類
A39: 共用類報廢金額前十名半成品
A40: 明細展開
A41: 排序 | B41: 半成品
B42: 名稱 | C42: 報廢金額 排序 | D42: 共用類總金額 占比
A44: 1 | B44: 義美業務用馬芬堡 | C44: 2016.89 | D44: =C44/$L$5 -> 0.31206763
A45: 2 | B45: 墨西哥餅皮-原味(8英吋)新 | C45: 1368.71 | D45: =C45/$L$5 -> 0.21177659
A46: 3 | B46: 義美4吋芝麻漢堡 | C46: 282.35 | D46: =C46/$L$5 -> 0.04368721
A47: 4 | B47: 墨西哥餅皮-菠菜(8英吋)新 | C47: 196.7 | D47: =C47/$L$5 -> 0.03043483
A48: 5 | B48: 電解消毒雙色高麗菜絲(7:3) | C48: 184.36 | D48: =C48/$L$5 -> 0.028525497
A49: 6 | B49: 韓式泡菜豆腐蘿蔔絲 | C49: 167.35 | D49: =C49/$L$5 -> 0.025893588
A50: 7 | B50: 電解消毒切段廣東A | C50: 161.72 | D50: =C50/$L$5 -> 0.025022474
A51: 8 | B51: 煮韓式辣醬(114.07) | C51: 161.26 | D51: =C51/$L$5 -> 0.0249513
A52: 9 | B52: 青醬優格(113.06) | C52: 161.17 | D52: =C52/$L$5 -> 0.024937374
A53: 10 | B53: 電解消毒美生菜(三明治用) | C53: 160.77 | D53: =C53/$L$5 -> 0.024875483
A54: ※炊飯類不納入半成品廢棄計算
A56: ※淺黃色為工廠自填項目

Sheet 0914分析標準表 
A1: 新豐廠半成品管理分析
A2: 日期 | C2: 營業額 | D2: 報廢展開 | F2: 超用展開 | H2: 報廢展開 | J2: 超用展開 | L2: 報廢展開
A3: 45914 | C3: 6253868.8 | D3: 總報廢 | F3: 總超用 | H3: 報廢-前10名 | J3: 超用-前10名 | L3: 共用類-總報廢
D4: 金額 | E4: 占比(營業額) | F4: 金額 | G4: 占比(營業額) | H4: 金額 | I4: 占比(總報廢) | J4: 金額 | K4: 占比(總超用) | L4: 金額 | M4: 占比(總報廢)
A5: 年度KPI目標0.25% | D5: 15093.1 | E5: =D5/C3 -> 0.0024134021 | F5: 47716.81 | G5: =F5/C3 -> 0.0076299666 | H5: =SUM(C12:C21) -> 5946.23 | I5: =H5/D5 -> 0.39397009 | J5: =SUM(C28:C37) -> 24315.37 | K5: =J5/F5 -> 0.5095766 | L5: 5278 | M5: =L5/D5 -> 0.34969622
A7: 報廢金額前十名半成品
A8: 明細展開 | D8: 生產資訊 | O8: 類別 | P8: 分析原因 (請填寫8大原因) | Q8: 其他原因說明 | R8: 備註-商品名稱
A9: 排序 | B9: 半成品 | D9: 生產端 | J9: 組合端
B10: 名稱 | C10: 報廢金額 排序 | D10: 產出量 | J10: 報廢 | L10: 超用
D11: 訂單需求 (kg) | E11: 實際產出 (kg) | F11: 補單 (kg) | G11: 單價 (元) | H11: 實際生產 (對比訂單需求) | I11: 差異 (元) | J11: kg | K11: 占比 | L11: kg | M11: 占比 | N11: 金額 (元)
A12: 1 | B12: 鮪魚沙拉(113.05) | C12: 1245.74 | D12: 233.91 | E12: 233.91 | F12: 15.88 | G12: 194.04 | H12: =(E12+F12)/D12 -> 1.0678894 | I12: 3081.36 | J12: 6.42 | K12: =J12/D12 -> 0.027446454 | L12: =((E12+F12)-D12)-J12 -> 9.46 | M12: =L12/D12 -> 0.040442905 | N12: =L12*G12 -> 1835.6184 | O12: 組合端 | P12: 抓樣不穩 | Q12: 人員冰杓定量手法不穩 | R12: 鮪魚起司溏心蛋三明治
A13: 2 | B13: 墨西哥餅皮-原味(8英吋)新 | C13: 982.85 | D13: 7469 | E13: 7469 | F13: 149.37 | G13: 6.58 | H13: =(E13+F13)/D13 -> 1.0199987 | I13: 982.85 | J13: 149.37 | K13: =J13/D13 -> 0.019998661 | L13: =((E13+F13)-D13)-J13 -> 0 | M13: =L13/D13 -> 0 | N13: =L13*G13 -> 0 | O13: 原物料 | P13: 原物料規格 | Q13: 菜梗太硬導致捲的時候破損 | R13: 共用類
A14: 3 | B14: 墨西哥餅皮-菠菜(8英吋)新 | C14: 733.53 | D14: 10392 | E14: 10392 | F14: 104.79 | G14: 7 | H14: =(E14+F14)/D14 -> 1.0100837 | I14: 733.53 | J14: 104.79 | K14: =J14/D14 -> 0.010083718 | L14: =((E14+F14)-D14)-J14 -> 8.6686214e-13 | M14: =L14/D14 -> 8.3416295e-17 | N14: =L14*G14 -> 6.068035e-12 | O14: 原物料 | P14: 原物料規格 | Q14: 菜梗太硬導致捲的時候破損 | R14: 共用類
A15: 4 | B15: 義美業務用馬芬堡 | C15: 641.71 | D15: 15352 | E15: 15352 | F15: 110.64 | G15: 5.8 | H15: =(E15+F15)/D15 -> 1.0072069 | I15: 641.71 | J15: 110.64 | K15: =J15/D15 -> 0.0072068786 | L15: =((E15+F15)-D15)-J15 -> -5.8264504e-13 | M15: =L15/D15 -> -3.7952387e-17 | N15: =L15*G15 -> -3.3793413e-12 | O15: 組合端 | P15: 其他原因 | Q15: 包材過於貼體 | R15: 共用類
A16: 5 | B16: 拌芥末雞蛋沙拉(114.07) | C16: 629.63 | D16: 209.5 | E16: 209.5 | F16: 14.23 | G16: 147.8 | H16: =(E16+F16)/D16 -> 1.0679236 | I16: 2103.19 | J16: 4.26 | K16: =J16/D16 -> 0.020334129 | L16: =((E16+F16)-D16)-J16 -> 9.97 | M16: =L16/D16 -> 0.047589499 | N16: =L16*G16 -> 1473.566 | O16: 組合端 | P16: 抓樣不穩 | Q16: 人員冰杓定量手法不穩 | R16: 日式芥末蛋沙拉三明治
A17: 6 | B17: 龍蝦沙拉(114.08) | C17: 390.87 | D17: 92.53 | E17: 92.53 | F17: 8.08 | G17: 228.58 | H17: =(E17+F17)/D17 -> 1.087323 | I17: 1846.93 | J17: 1.71 | K17: =J17/D17 -> 0.018480493 | L17: =((E17+F17)-D17)-J17 -> 6.37 | M17: =L17/D17 -> 0.068842538 | N17: =L17*G17 -> 1456.0546 | O17: 組合端 | P17: 抓樣不穩 | Q17: 人員冰杓定量手法不穩 | R17: 龍蝦風味總匯三明治
A18: 7 | B18: 青檸沙拉醬(113.03) | C18: 386.02 | D18: 164.32 | E18: 164.32 | F18: 14.35 | G18: 127.4 | H18: =(E18+F18)/D18 -> 1.0873296 | I18: 1828.19 | J18: 3.03 | K18: =J18/D18 -> 0.01843963 | L18: =((E18+F18)-D18)-J18 -> 11.32 | M18: =L18/D18 -> 0.068889971 | N18: =L18*G18 -> 1442.168 | O18: 組合端 | P18: 抓樣不穩 | Q18: 人員冰杓定量手法不穩 | R18: 共用類
A19: 8 | B19: 溏心洋芋沙拉(113.06) | C19: 371.41 | D19: 365.5 | E19: 365.5 | F19: 24.82 | G19: 111.2 | H19: =(E19+F19)/D19 -> 1.067907 | I19: 2759.98 | J19: 3.34 | K19: =J19/D19 -> 0.0091381669 | L19: =((E19+F19)-D19)-J19 -> 21.48 | M19: =L19/D19 -> 0.05876881 | N19: =L19*G19 -> 2388.576 | O19: 組合端 | P19: 抓樣不穩 | Q19: 人員冰杓定量手法不穩 | R19: 溏心蛋洋芋沙拉
A20: 9 | B20: 拌總匯鮪魚沙拉CL(113年) | C20: 290.49 | D20: 105.03 | E20: 105.03 | F20: 5.09 | G20: 114.14 | H20: =(E20+F20)/D20 -> 1.0484623 | I20: 580.97 | J20: 2.545 | K20: =J20/D20 -> 0.024231172 | L20: =((E20+F20)-D20)-J20 -> 2.545 | M20: =L20/D20 -> 0.024231172 | N20: =L20*G20 -> 290.4863 | O20: 組合端 | P20: 抓樣不穩 | Q20: 人員冰杓定量手法不穩 | R20: 經典總匯三明治
A21: 10 | B21: 拌經典總匯雞蛋沙拉CL | C21: 273.98 | D21: 93.98 | E21: 93.98 | F21: 4.56 | G21: 119.12 | H21: =(E21+F21)/D21 -> 1.048521 | I21: 543.19 | J21: 2.3 | K21: =J21/D21 -> 0.024473292 | L21: =((E21+F21)-D21)-J21 -> 2.26 | M21: =L21/D21 -> 0.02404767 | N21: =L21*G21 -> 269.2112 | O21: 組合端 | P21: 抓樣不穩 | Q21: 人員冰杓定量手法不穩 | R21: 經典總匯三明治
A23: 超用金額前十名半成品
A24: 明細展開 | D24: 生產資訊 | O24: 類別 | P24: 分析原因 (請填寫8大原因) | Q24: 其他原因說明 | R24: 備註-商品名稱
A25: 排序 | B25: 半成品 | D25: 生產端 | J25: 組合端
B26: 名稱 | C26: 超用金額 排序 | D26: 產出量 | J26: 報廢 | M26: 超用
D27: 訂單需求 (kg) | E27: 實際產出 (kg) | F27: 補單 (kg) | G27: 單價 (元) | H27: 實際生產 (對比訂單需求) | I27: 差異 (元) | J27: kg | K27: 占比 | L27: 金額 (元) | M27: kg | N27: 占比
A28: 1 | B28: 烤卜蜂紐奧良腿排(減鈉版) | C28: 3550 | D28: 10388 | E28: 10388 | F28: 200 | G28: 17.75 | H28: =(E28+F28)/D28 -> 1.019253 | I28: 3550 | J28: 0 | K28: =J28/D28 -> 0 | L28: =J28*G28 -> 0 | M28: =((E28+F28)-D28)-J28 -> 200 | N28: =M28/D28 -> 0.019252984 | O28: 原物料 | P28: 原物料規格 | Q28: 腿排過小，對切成品尾端無料，切小肉補 | R28: 紐奧良風味烤雞鮮蔬三明治
A29: 2 | B29: 川燙醃嫩化淨零碳排牛肉片 | C29: 3191.51 | D29: 43.66 | E29: 43.66 | F29: 4.24 | G29: 814.16 | H29: =(E29+F29)/D29 -> 1.0971141 | I29: 3452.04 | J29: 0.32 | K29: =J29/D29 -> 0.0073293633 | L29: =J29*G29 -> 260.5312 | M29: =((E29+F29)-D29)-J29 -> 3.92 | N29: =M29/D29 -> 0.0897847 | O29: 組合室 | P29: 研發設定 | Q29: 秤重物料，秤重精準度須持續校正(過多難剝除) | R29: 二配港式香滑嫩蛋牛肉燴飯
A30: 3 | B30: 電解消毒對切整葉廣東A | C30: 3148.55 | D30: 112.04 | E30: 112.04 | F30: 10.86 | G30: 313.6 | H30: =(E30+F30)/D30 -> 1.0969297 | I30: 3405.7 | J30: 0.82 | K30: =J30/D30 -> 0.0073188147 | L30: =J30*G30 -> 257.152 | M30: =((E30+F30)-D30)-J30 -> 10.04 | N30: =M30/D30 -> 0.089610853 | O30: 組合室 | P30: 抓樣不穩 | Q30: 原物料特性，梗葉比例重量差異，抓樣不穩 | R30: 共用類
A31: 4 | B31: 溏心洋芋沙拉(113.06) | C31: 2388.57 | D31: 365.5 | E31: 365.5 | F31: 24.82 | G31: 111.2 | H31: =(E31+F31)/D31 -> 1.067907 | I31: 2759.98 | J31: 3.34 | K31: =J31/D31 -> 0.0091381669 | L31: =J31*G31 -> 371.408 | M31: =((E31+F31)-D31)-J31 -> 21.48 | N31: =M31/D31 -> 0.05876881 | O31: 組合室 | P31: 抓樣不穩 | Q31: 冰杓定量挖取(使用量上會較起伏)，持續上抽測確認人員使用準確度 | R31: 溏心蛋洋芋沙拉
A32: 5 | B32: 蒸基礎風味雞肉絲 | C32: 2321.51 | D32: 107.92 | E32: 107.92 | F32: 6.29 | G32: 410.16 | H32: =(E32+F32)/D32 -> 1.0582839 | I32: 2579.91 | J32: 0.63 | K32: =J32/D32 -> 0.0058376575 | L32: =J32*G32 -> 258.4008 | M32: =((E32+F32)-D32)-J32 -> 5.66 | N32: =M32/D32 -> 0.052446256 | O32: 組合室 | P32: 抓樣不穩 | Q32: 秤重物料，秤重精準度須持續校正 | R32: 共用類
A33: 6 | B33: 油亮蒜味香腸片 | C33: 2170.94 | D33: 98.42 | E33: 98.42 | F33: 7.63 | G33: 318.32 | H33: =(E33+F33)/D33 -> 1.0775249 | I33: 2428.78 | J33: 0.81 | K33: =J33/D33 -> 0.0082300345 | L33: =J33*G33 -> 257.8392 | M33: =((E33+F33)-D33)-J33 -> 6.82 | N33: =M33/D33 -> 0.069294859 | O33: 組合室 | P33: 研發設定 | Q33: 秤重物料，秤重精準度須持續校正(過多難剝除) | R33: 二配香辣醬蒜味香腸蛋炒飯
A34: 7 | B34: 辛口咖哩豬肉(112年) | C34: 1939.96 | D34: 84.81 | E34: 84.81 | F34: 6.58 | G34: 333.9 | H34: =(E34+F34)/D34 -> 1.0775852 | I34: 2197.06 | J34: 0.77 | K34: =J34/D34 -> 0.009079118 | L34: =J34*G34 -> 257.103 | M34: =((E34+F34)-D34)-J34 -> 5.81 | N34: =M34/D34 -> 0.068506072 | O34: 組合室 | P34: 研發設定 | Q34: 秤重物料，秤重精準度須持續校正(過多難剝除) | R34: 二配金咖哩濃厚辛辣咖哩飯
A35: 8 | B35: 拌總匯雞蛋沙拉CL(112年) | C35: 1917.29 | D35: 323.16 | E35: 323.16 | F35: 22.81 | G35: 95.34 | H35: =(E35+F35)/D35 -> 1.0705842 | I35: 2174.71 | J35: 2.7 | K35: =J35/D35 -> 0.0083549944 | L35: =J35*G35 -> 257.418 | M35: =((E35+F35)-D35)-J35 -> 20.11 | N35: =M35/D35 -> 0.062229236 | O35: 組合室 | P35: 抓樣不穩 | Q35: 冰杓定量挖取(使用量上會較起伏)，持續上抽測確認人員使用準確度 | R35: 共用類
A36: 9 | B36: 蒸鼎泰豐香辣醬 | C36: 1851.42 | D36: 29.26 | E36: 29.26 | F36: 2.27 | G36: 930.36 | H36: =(E36+F36)/D36 -> 1.0775803 | I36: 2111.92 | J36: 0.28 | K36: =J36/D36 -> 0.009569378 | L36: =J36*G36 -> 260.5008 | M36: =((E36+F36)-D36)-J36 -> 1.99 | N36: =M36/D36 -> 0.068010936 | O36: 組合室 | P36: 抓樣不穩 | Q36: 冰杓定量挖取(使用量上會較起伏)，持續上抽測確認人員使用準確度 | R36: 二配香辣醬蒜味香腸蛋炒飯
A37: 10 | B37: 鮪魚沙拉(113.05) | C37: 1835.62 | D37: 233.91 | E37: 233.91 | F37: 15.88 | G37: 194.04 | H37: =(E37+F37)/D37 -> 1.0678894 | I37: 3081.36 | J37: 6.42 | K37: =J37/D37 -> 0.027446454 | L37: =J37*G37 -> 1245.7368 | M37: =((E37+F37)-D37)-J37 -> 9.46 | N37: =M37/D37 -> 0.040442905 | O37: 組合室 | P37: 抓樣不穩 | Q37: 冰杓定量挖取(使用量上會較起伏)，持續上抽測確認人員使用準確度 | R37: 鮪魚起司溏心蛋三明治
A39: 共用類報廢金額前十名半成品
A40: 明細展開
A41: 排序 | B41: 半成品
B42: 名稱 | C42: 報廢金額 排序 | D42: 共用類總金額 占比
A44: 1 | B44: 墨西哥餅皮-原味(8英吋)新 | C44: 982.85 | D44: =C44/$L$5 -> 0.18621637
A45: 2 | B45: 墨西哥餅皮-菠菜(8英吋)新 | C45: 733.53 | D45: =C45/$L$5 -> 0.13897878
A46: 3 | B46: 義美業務用馬芬堡 | C46: 641.71 | D46: =C46/$L$5 -> 0.12158204
A47: 4 | B47: 青檸沙拉醬(113.03) | C47: 386.02 | D47: =C47/$L$5 -> 0.073137552
A48: 5 | B48: 蒸基礎風味雞肉絲 | C48: 258.4 | D48: =C48/$L$5 -> 0.048957939
A49: 6 | B49: 電解消毒蔥花 | C49: 258.13 | D49: =C49/$L$5 -> 0.048906783
A50: 7 | B50: 電解消毒雙色高麗菜絲(7:3) | C50: 257.71 | D50: =C50/$L$5 -> 0.048827207
A51: 8 | B51: 韓式泡菜豆腐蘿蔔絲 | C51: 257.63 | D51: =C51/$L$5 -> 0.04881205
A52: 9 | B52: 義美4吋芝麻漢堡 | C52: 257.49 | D52: =C52/$L$5 -> 0.048785525
A53: 10 | B53: 義美4吋無芝麻漢堡 | C53: 257.48 | D53: =C53/$L$5 -> 0.04878363
A54: ※炊飯類不納入半成品廢棄計算
A56: ※淺黃色為工廠自填項目

Sheet 0913分析標準表 
A1: 新豐廠半成品管理分析
A2: 日期 | C2: 營業額 | D2: 報廢展開 | F2: 超用展開 | H2: 報廢展開 | J2: 超用展開 | L2: 報廢展開
A3: 45913 | C3: 4851151.9 | D3: 總報廢 | F3: 總超用 | H3: 報廢-前10名 | J3: 超用-前10名 | L3: 共用類-總報廢
D4: 金額 | E4: 占比(營業額) | F4: 金額 | G4: 占比(營業額) | H4: 金額 | I4: 占比(總報廢) | J4: 金額 | K4: 占比(總超用) | L4: 金額 | M4: 占比(總報廢)
A5: 年度KPI目標0.25% | D5: 11694.87 | E5: =D5/C3 -> 0.0024107409 | F5: 38597.41 | G5: =F5/C3 -> 0.0079563392 | H5: =SUM(C12:C21) -> 5542.9 | I5: =H5/D5 -> 0.47395995 | J5: =SUM(C28:C37) -> 13624.79 | K5: =J5/F5 -> 0.35299752 | L5: 3831.69 | M5: =L5/D5 -> 0.32763853
A7: 報廢金額前十名半成品
A8: 明細展開 | D8: 生產資訊 | O8: 類別 | P8: 分析原因 (請填寫8大原因) | Q8: 其他原因說明 | R8: 備註-商品名稱
A9: 排序 | B9: 半成品 | D9: 生產端 | J9: 組合端
B10: 名稱 | C10: 報廢金額 排序 | D10: 產出量 | J10: 報廢 | L10: 超用
D11: 訂單需求 (kg) | E11: 實際產出 (kg) | F11: 補單 (kg) | G11: 單價 (元) | H11: 實際生產 (對比訂單需求) | I11: 差異 (元) | J11: kg | K11: 占比 | L11: kg | M11: 占比 | N11: 金額 (元)
A12: 1 | B12: 溏心洋芋沙拉(113.06) | C12: 1840.36 | D12: 294 | E12: 294 | F12: 25.74 | G12: 111.2 | H12: =(E12+F12)/D12 -> 1.087551 | I12: 2862.29 | J12: 16.55 | K12: =J12/D12 -> 0.056292517 | L12: =((E12+F12)-D12)-J12 -> 9.19 | M12: =L12/D12 -> 0.031258503 | N12: =L12*G12 -> 1021.928 | O12: 組合端 | P12: 抓樣不穩 | Q12: 人員冰杓定量手法不穩 | R12: 溏心蛋洋芋沙拉
A13: 2 | B13: 義美業務用馬芬堡 | C13: 923.01 | D13: 11631 | E13: 11631 | F13: 159.14 | G13: 5.8 | H13: =(E13+F13)/D13 -> 1.0136824 | I13: 923.01 | J13: 159.14 | K13: =J13/D13 -> 0.0136824 | L13: =((E13+F13)-D13)-J13 -> -5.6843419e-13 | M13: =L13/D13 -> -4.887234e-17 | N13: =L13*G13 -> -3.2969183e-12 | O13: 組合端 | P13: 其他原因 | Q13: 包材過於貼體 | R13: 共用類
A14: 3 | B14: 鮪魚沙拉(113.05) | C14: 818.85 | D14: 152.13 | E14: 152.13 | F14: 8.42 | G14: 194.04 | H14: =(E14+F14)/D14 -> 1.0553474 | I14: 1633.82 | J14: 4.22 | K14: =J14/D14 -> 0.027739433 | L14: =((E14+F14)-D14)-J14 -> 4.2 | M14: =L14/D14 -> 0.027607967 | N14: =L14*G14 -> 814.968 | O14: 組合端 | P14: 抓樣不穩 | Q14: 人員冰杓定量手法不穩 | R14: 鮪魚起司溏心蛋三明治
A15: 4 | B15: 墨西哥餅皮-原味(8英吋)新 | C15: 550.42 | D15: 5390 | E15: 5390 | F15: 83.65 | G15: 6.58 | H15: =(E15+F15)/D15 -> 1.0155195 | I15: 550.42 | J15: 83.65 | K15: =J15/D15 -> 0.015519481 | L15: =((E15+F15)-D15)-J15 -> -3.6948222e-13 | M15: =L15/D15 -> -6.8549577e-17 | N15: =L15*G15 -> -2.431193e-12 | O15: 原物料 | P15: 原物料規格 | Q15: 菜梗太硬導致捲的時候破損 | R15: 共用類
A16: 5 | B16: 電解消毒雙色高麗菜絲(7:3) | C16: 376.66 | D16: 188.66 | E16: 188.66 | F16: 7.55 | G16: 99.12 | H16: =(E16+F16)/D16 -> 1.0400191 | I16: 748.36 | J16: 3.8 | K16: =J16/D16 -> 0.020142054 | L16: =((E16+F16)-D16)-J16 -> 3.75 | M16: =L16/D16 -> 0.019877027 | N16: =L16*G16 -> 371.7 | O16: 組合端 | P16: 抓樣不穩 | Q16: 人員抓樣手感不穩 | R16: 共用類
A17: 6 | B17: (V)電解消毒小黃瓜絲 | C17: 266.43 | D17: 76.73 | E17: 76.73 | F17: 3.34 | G17: 160.5 | H17: =(E17+F17)/D17 -> 1.0435293 | I17: 536.07 | J17: 1.66 | K17: =J17/D17 -> 0.021634302 | L17: =((E17+F17)-D17)-J17 -> 1.68 | M17: =L17/D17 -> 0.021894956 | N17: =L17*G17 -> 269.64 | O17: 組合端 | P17: 抓樣不穩 | Q17: 人員抓樣手感不穩 | R17: 共用類
A18: 7 | B18: 墨西哥餅皮-菠菜(8英吋)新 | C18: 251.09 | D18: 8033 | E18: 8033 | F18: 35.87 | G18: 7 | H18: =(E18+F18)/D18 -> 1.0044653 | I18: 251.09 | J18: 35.87 | K18: =J18/D18 -> 0.0044653305 | L18: =((E18+F18)-D18)-J18 -> -1.0658141e-13 | M18: =L18/D18 -> -1.3267946e-17 | N18: =L18*G18 -> -7.4606987e-13 | O18: 原物料 | P18: 原物料規格 | Q18: 菜梗太硬導致捲的時候破損 | R18: 共用類
A19: 8 | B19: 烤鹹蛋黃碎 | C19: 235.14 | D19: 9.53 | E19: 9.53 | F19: 0.3 | G19: 1567.63 | H19: =(E19+F19)/D19 -> 1.0314795 | I19: 470.29 | J19: 0.15 | K19: =J19/D19 -> 0.015739769 | L19: =((E19+F19)-D19)-J19 -> 0.15 | M19: =L19/D19 -> 0.015739769 | N19: =L19*G19 -> 235.1445 | O19: 組合端 | P19: 抓樣不穩 | Q19: 人員抓樣手感不穩 | R19: 二配美味蟹煲
A20: 9 | B20: 韓式泡菜豆腐蘿蔔絲 | C20: 221.3 | D20: 100.53 | E20: 100.53 | F20: 3.97 | G20: 110.1 | H20: =(E20+F20)/D20 -> 1.0394907 | I20: 437.1 | J20: 2.01 | K20: =J20/D20 -> 0.019994032 | L20: =((E20+F20)-D20)-J20 -> 1.96 | M20: =L20/D20 -> 0.019496668 | N20: =L20*G20 -> 215.796 | O20: 組合端 | P20: 抓樣不穩 | Q20: 人員抓樣手感不穩 | R20: 共用類
A21: 10 | B21: 五吋芝麻漢堡 | C21: 59.64 | D21: 1653 | E21: 1653 | F21: 16.57 | G21: 7.3 | H21: =(E21+F21)/D21 -> 1.0100242 | I21: 120.96 | J21: 8.17 | K21: =J21/D21 -> 0.0049425287 | L21: =((E21+F21)-D21)-J21 -> 8.4 | M21: =L21/D21 -> 0.0050816697 | N21: =L21*G21 -> 61.32 | O21: 組合端 | P21: 其他原因 | Q21: 包材過於貼體 | R21: 美式起司巨牛堡
A23: 超用金額前十名半成品
A24: 明細展開 | D24: 生產資訊 | O24: 類別 | P24: 分析原因 (請填寫8大原因) | Q24: 其他原因說明 | R24: 備註-商品名稱
A25: 排序 | B25: 半成品 | D25: 生產端 | J25: 組合端
B26: 名稱 | C26: 超用金額 排序 | D26: 產出量 | J26: 報廢 | M26: 超用
D27: 訂單需求 (kg) | E27: 實際產出 (kg) | F27: 補單 (kg) | G27: 單價 (元) | H27: 實際生產 (對比訂單需求) | I27: 差異 (元) | J27: kg | K27: 占比 | L27: 金額 (元) | M27: kg | N27: 占比
A28: 1 | B28: 火腿蛋炒飯 | C28: 2094.52 | D28: 1019.48 | E28: 1019.48 | F28: 27.83 | G28: 77.26 | H28: =(E28+F28)/D28 -> 1.0272982 | I28: 2150.15 | J28: 0.72 | K28: =J28/D28 -> 0.0007062424 | L28: =J28*G28 -> 55.6272 | M28: =((E28+F28)-D28)-J28 -> 27.11 | N28: =M28/D28 -> 0.026591988 | O28: 組合室 | P28: 抓樣不穩 | Q28: 秤重物料，秤重精準度須持續校正 | R28: 鳳梨腰果炒飯
A29: 2 | B29: 鼎泰豐-煮麻婆豆腐(113年) | C29: 1569.07 | D29: 346.48 | E29: 346.48 | F29: 12.16 | G29: 133.88 | H29: =(E29+F29)/D29 -> 1.0350958 | I29: 1627.98 | J29: 0.44 | K29: =J29/D29 -> 0.0012699146 | L29: =J29*G29 -> 58.9072 | M29: =((E29+F29)-D29)-J29 -> 11.72 | N29: =M29/D29 -> 0.033825906 | O29: 組合室 | P29: 抓樣不穩 | Q29: 秤重物料，秤重精準度須持續校正 | R29: 二配川味麻婆燒豆腐燴飯
A30: 3 | B30: 鼎泰豐-黃金蛋炒飯(112年) | C30: 1406.5 | D30: 615.44 | E30: 615.44 | F30: 24 | G30: 60.94 | H30: =(E30+F30)/D30 -> 1.0389965 | I30: 1462.56 | J30: 0.92 | K30: =J30/D30 -> 0.0014948655 | L30: =J30*G30 -> 56.0648 | M30: =((E30+F30)-D30)-J30 -> 23.08 | N30: =M30/D30 -> 0.037501625 | O30: 組合室 | P30: 抓樣不穩 | Q30: 秤重物料，秤重精準度須持續校正 | R30: 二配香辣醬蒜味香腸蛋炒飯
A31: 4 | B31: 電解消毒十字切美生菜 | C31: 1330.64 | D31: 252.46 | E31: 252.46 | F31: 8.86 | G31: 156.73 | H31: =(E31+F31)/D31 -> 1.0350947 | I31: 1388.63 | J31: 0.37 | K31: =J31/D31 -> 0.0014655787 | L31: =J31*G31 -> 57.9901 | M31: =((E31+F31)-D31)-J31 -> 8.49 | N31: =M31/D31 -> 0.03362909 | O31: 組合室 | P31: 抓樣不穩 | Q31: 原物料特性，梗葉比例重量差異，抓樣不穩 | R31: 共用類
A32: 5 | B32: 蟹粉燴汁(114年) | C32: 1307.54 | D32: 508.32 | E32: 508.32 | F32: 17.84 | G32: 76.42 | H32: =(E32+F32)/D32 -> 1.035096 | I32: 1363.33 | J32: 0.73 | K32: =J32/D32 -> 0.0014361032 | L32: =J32*G32 -> 55.7866 | M32: =((E32+F32)-D32)-J32 -> 17.11 | N32: =M32/D32 -> 0.033659899 | O32: 組合室 | P32: 抓樣不穩 | Q32: 冰杓定量挖取(使用量上會較起伏)，持續上抽測確認人員使用準確度 | R32: 二配美味蟹煲
A33: 6 | B33: 海鮮醬炒飯 | C33: 1305.28 | D33: 453.7 | E33: 453.7 | F33: 15.92 | G33: 85.48 | H33: =(E33+F33)/D33 -> 1.0350893 | I33: 1360.84 | J33: 0.65 | K33: =J33/D33 -> 0.0014326648 | L33: =J33*G33 -> 55.562 | M33: =((E33+F33)-D33)-J33 -> 15.27 | N33: =M33/D33 -> 0.033656601 | O33: 組合室 | P33: 抓樣不穩 | Q33: 秤重物料，秤重精準度須持續校正 | R33: 二配香拌海鮮醬肉絲蛋炒飯
A34: 7 | B34: 果香甘口咖哩醬 | C34: 1276.86 | D34: 542.38 | E34: 542.38 | F34: 16.92 | G34: 78.77 | H34: =(E34+F34)/D34 -> 1.0311958 | I34: 1332.79 | J34: 0.71 | K34: =J34/D34 -> 0.0013090453 | L34: =J34*G34 -> 55.9267 | M34: =((E34+F34)-D34)-J34 -> 16.21 | N34: =M34/D34 -> 0.029886795 | O34: 組合室 | P34: 抓樣不穩 | Q34: 注餡機使用(機器出料就有落差)，人員持續於線上不定時抽測重量 | R34: 二配金咖哩果香甘口咖哩飯
A35: 8 | B35: 川燙醃嫩化淨零碳排牛肉片 | C35: 1164.25 | D35: 38.4 | E35: 38.4 | F35: 1.5 | G35: 814.16 | H35: =(E35+F35)/D35 -> 1.0390625 | I35: 1221.24 | J35: 0.07 | K35: =J35/D35 -> 0.0018229167 | L35: =J35*G35 -> 56.9912 | M35: =((E35+F35)-D35)-J35 -> 1.43 | N35: =M35/D35 -> 0.037239583 | O35: 組合室 | P35: 研發設定 | Q35: 秤重物料，秤重精準度須持續校正(過多難剝除) | R35: 二配港式香滑嫩蛋牛肉燴飯
A36: 9 | B36: 濃辛辣咖哩醬 | C36: 1148.2 | D36: 485.46 | E36: 485.46 | F36: 15.15 | G36: 79.46 | H36: =(E36+F36)/D36 -> 1.0312075 | I36: 1203.82 | J36: 0.7 | K36: =J36/D36 -> 0.0014419314 | L36: =J36*G36 -> 55.622 | M36: =((E36+F36)-D36)-J36 -> 14.45 | N36: =M36/D36 -> 0.029765583 | O36: 組合室 | P36: 抓樣不穩 | Q36: 注餡機使用(機器出料就有落差)，人員持續於線上不定時抽測重量 | R36: 二配金咖哩濃厚辛辣咖哩飯
A37: 10 | B37: 溏心洋芋沙拉(113.06) | C37: 1021.93 | D37: 294 | E37: 294 | F37: 25.74 | G37: 111.2 | H37: =(E37+F37)/D37 -> 1.087551 | I37: 2862.29 | J37: 16.55 | K37: =J37/D37 -> 0.056292517 | L37: =J37*G37 -> 1840.36 | M37: =((E37+F37)-D37)-J37 -> 9.19 | N37: =M37/D37 -> 0.031258503 | O37: 組合室 | P37: 抓樣不穩 | Q37: 冰杓定量挖取(使用量上會較起伏)，持續上抽測確認人員使用準確度 | R37: 溏心蛋洋芋沙拉
A39: 共用類報廢金額前十名半成品
A40: 明細展開
A41: 排序 | B41: 半成品
B42: 名稱 | C42: 報廢金額 排序 | D42: 共用類總金額 占比
A44: 1 | B44: 義美業務用馬芬堡 | C44: 923.01 | D44: =C44/$L$5 -> 0.24088849
A45: 2 | B45: 墨西哥餅皮-原味(8英吋)新 | C45: 550.42 | D45: =C45/$L$5 -> 0.14364941
A46: 3 | B46: 電解消毒雙色高麗菜絲(7:3) | C46: 376.66 | D46: =C46/$L$5 -> 0.098301272
A47: 4 | B47: (V)電解消毒小黃瓜絲 | C47: 266.43 | D47: =C47/$L$5 -> 0.069533287
A48: 5 | B48: 墨西哥餅皮-菠菜(8英吋)新 | C48: 251.09 | D48: =C48/$L$5 -> 0.065529831
A49: 6 | B49: 韓式泡菜豆腐蘿蔔絲 | C49: 221.3 | D49: =C49/$L$5 -> 0.057755194
A50: 7 | B50: 電解消毒對切整葉廣東A | C50: 59.58 | D50: =C50/$L$5 -> 0.015549275
A51: 8 | B51: 電解消毒十字切美生菜 | C51: 57.99 | D51: =C51/$L$5 -> 0.015134314
A52: 9 | B52: 電解消毒切段美生菜2-3cm | C52: 57.99 | D52: =C52/$L$5 -> 0.015134314
A53: 10 | B53: 蒸基礎風味雞肉絲 | C53: 57.42 | D53: =C53/$L$5 -> 0.014985555
A54: ※炊飯類不納入半成品廢棄計算
A56: ※淺黃色為工廠自填項目

Sheet 0912分析標準表 
A1: 新豐廠半成品管理分析
A2: 日期 | C2: 營業額 | D2: 報廢展開 | F2: 超用展開 | H2: 報廢展開 | J2: 超用展開 | L2: 報廢展開
A3: 45912 | C3: 4572249 | D3: 總報廢 | F3: 總超用 | H3: 報廢-前10名 | J3: 超用-前10名 | L3: 共用類-總報廢
D4: 金額 | E4: 占比(營業額) | F4: 金額 | G4: 占比(營業額) | H4: 金額 | I4: 占比(總報廢) | J4: 金額 | K4: 占比(總超用) | L4: 金額 | M4: 占比(總報廢)
A5: 年度KPI目標0.25% | D5: 11169.54 | E5: =D5/C3 -> 0.0024428985 | F5: 34705.8 | G5: =F5/C3 -> 0.0075905316 | H5: =SUM(C12:C21) -> 3939.91 | I5: =H5/D5 -> 0.352737 | J5: =SUM(C28:C37) -> 11846.59 | K5: =J5/F5 -> 0.34134323 | L5: 4417.42 | M5: =L5/D5 -> 0.39548809
A7: 報廢金額前十名半成品
A8: 明細展開 | D8: 生產資訊 | O8: 類別 | P8: 分析原因 (請填寫8大原因) | Q8: 其他原因說明 | R8: 備註-商品名稱
A9: 排序 | B9: 半成品 | D9: 生產端 | J9: 組合端
B10: 名稱 | C10: 報廢金額 排序 | D10: 產出量 | J10: 報廢 | L10: 超用
D11: 訂單需求 (kg) | E11: 實際產出 (kg) | F11: 補單 (kg) | G11: 單價 (元) | H11: 實際生產 (對比訂單需求) | I11: 差異 (元) | J11: kg | K11: 占比 | L11: kg | M11: 占比 | N11: 金額 (元)
A12: 1 | B12: 義美業務用馬芬堡 | C12: 885.66 | D12: 11232 | E12: 11232 | F12: 152.7 | G12: 5.8 | H12: =(E12+F12)/D12 -> 1.0135951 | I12: 885.66 | J12: 152.7 | K12: =J12/D12 -> 0.013595085 | L12: =((E12+F12)-D12)-J12 -> 7.3896445e-13 | M12: =L12/D12 -> 6.5790994e-17 | N12: =L12*G12 -> 4.2859938e-12 | O12: 組合端 | P12: 其他原因 | Q12: 包材過於貼體 | R12: 共用類
A13: 2 | B13: 墨西哥餅皮-原味(8英吋)新 | C13: 722.48 | D13: 5280 | E13: 5280 | F13: 109.8 | G13: 6.58 | H13: =(E13+F13)/D13 -> 1.0207955 | I13: 722.48 | J13: 109.8 | K13: =J13/D13 -> 0.020795455 | L13: =((E13+F13)-D13)-J13 -> 1.8474111e-13 | M13: =L13/D13 -> 3.4988847e-17 | N13: =L13*G13 -> 1.2155965e-12 | O13: 原物料 | P13: 原物料規格 | Q13: 菜梗太硬導致捲的時候破損 | R13: 共用類
A14: 3 | B14: 電解消毒十字切美生菜 | C14: 548.56 | D14: 252.83 | E14: 252.83 | F14: 9.33 | G14: 156.73 | H14: =(E14+F14)/D14 -> 1.0369023 | I14: 1462.29 | J14: 3.5 | K14: =J14/D14 -> 0.013843294 | L14: =((E14+F14)-D14)-J14 -> 5.83 | M14: =L14/D14 -> 0.023058972 | N14: =L14*G14 -> 913.7359 | O14: 原物料 | P14: 原物料規格 | Q14: 原物料特性，梗葉比例重量差異大 | R14: 共用類
A15: 4 | B15: 溏心洋芋沙拉(113.06) | C15: 454.81 | D15: 282 | E15: 282 | F15: 8.09 | G15: 111.2 | H15: =(E15+F15)/D15 -> 1.0286879 | I15: 899.61 | J15: 4.09 | K15: =J15/D15 -> 0.014503546 | L15: =((E15+F15)-D15)-J15 -> 4 | M15: =L15/D15 -> 0.014184397 | N15: =L15*G15 -> 444.8 | O15: 組合端 | P15: 抓樣不穩 | Q15: 人員冰杓定量手法不穩 | R15: 溏心蛋洋芋沙拉
A16: 5 | B16: 墨西哥餅皮-菠菜(8英吋)新 | C16: 427 | D16: 7910 | E16: 7910 | F16: 42.4 | G16: 7 | H16: =(E16+F16)/D16 -> 1.0053603 | I16: 296.8 | J16: 61 | K16: =J16/D16 -> 0.0077117573 | L16: =((E16+F16)-D16)-J16 -> -18.6 | M16: =L16/D16 -> -0.0023514539 | N16: =L16*G16 -> -130.2 | O16: 原物料 | P16: 原物料規格 | Q16: 菜梗太硬導致捲的時候破損 | R16: 共用類
A17: 6 | B17: 鮪魚沙拉(113.05) | C17: 413.31 | D17: 149.88 | E17: 149.88 | F17: 4.3 | G17: 194.04 | H17: =(E17+F17)/D17 -> 1.0286896 | I17: 834.37 | J17: 2.13 | K17: =J17/D17 -> 0.014211369 | L17: =((E17+F17)-D17)-J17 -> 2.17 | M17: =L17/D17 -> 0.014478249 | N17: =L17*G17 -> 421.0668 | O17: 組合端 | P17: 抓樣不穩 | Q17: 人員冰杓定量手法不穩 | R17: 鮪魚起司溏心蛋三明治
A18: 7 | B18: (V)電解消毒小黃瓜絲 | C18: 247.17 | D18: 77.15 | E18: 77.15 | F18: 3.17 | G18: 160.5 | H18: =(E18+F18)/D18 -> 1.0410888 | I18: 508.79 | J18: 1.54 | K18: =J18/D18 -> 0.019961115 | L18: =((E18+F18)-D18)-J18 -> 1.63 | M18: =L18/D18 -> 0.021127673 | N18: =L18*G18 -> 261.615 | O18: 組合端 | P18: 抓樣不穩 | Q18: 人員抓樣手感不穩 | R18: 共用類
A19: 8 | B19: 韓式泡菜豆腐蘿蔔絲 | C19: 97.99 | D19: 102.2 | E19: 102.2 | F19: 2.93 | G19: 110.1 | H19: =(E19+F19)/D19 -> 1.0286693 | I19: 322.59 | J19: 0.89 | K19: =J19/D19 -> 0.0087084149 | L19: =((E19+F19)-D19)-J19 -> 2.04 | M19: =L19/D19 -> 0.019960861 | N19: =L19*G19 -> 224.604 | O19: 組合端 | P19: 抓樣不穩 | Q19: 人員抓樣手感不穩 | R19: 共用類
A20: 9 | B20: 電解消毒雙色高麗菜絲(7:3) | C20: 74.34 | D20: 184.8 | E20: 184.8 | F20: 5.31 | G20: 99.12 | H20: =(E20+F20)/D20 -> 1.0287338 | I20: 526.33 | J20: 0.75 | K20: =J20/D20 -> 0.0040584416 | L20: =((E20+F20)-D20)-J20 -> 4.56 | M20: =L20/D20 -> 0.024675325 | N20: =L20*G20 -> 451.9872 | O20: 組合端 | P20: 抓樣不穩 | Q20: 人員抓樣手感不穩 | R20: 共用類
A21: 10 | B21: 義美4吋無芝麻漢堡 | C21: 68.59 | D21: 4104 | E21: 4104 | F21: 15.95 | G21: 4.3 | H21: =(E21+F21)/D21 -> 1.0038865 | I21: 68.58 | J21: 15.95 | K21: =J21/D21 -> 0.0038864522 | L21: =((E21+F21)-D21)-J21 -> -1.811884e-13 | M21: =L21/D21 -> -4.414922e-17 | N21: =L21*G21 -> -7.7911011e-13 | O21: 組合端 | P21: 其他原因 | Q21: 包材過於貼體 | R21: 共用類
A23: 超用金額前十名半成品
A24: 明細展開 | D24: 生產資訊 | O24: 類別 | P24: 分析原因 (請填寫8大原因) | Q24: 其他原因說明 | R24: 備註-商品名稱
A25: 排序 | B25: 半成品 | D25: 生產端 | J25: 組合端
B26: 名稱 | C26: 超用金額 排序 | D26: 產出量 | J26: 報廢 | M26: 超用
D27: 訂單需求 (kg) | E27: 實際產出 (kg) | F27: 補單 (kg) | G27: 單價 (元) | H27: 實際生產 (對比訂單需求) | I27: 差異 (元) | J27: kg | K27: 占比 | L27: 金額 (元) | M27: kg | N27: 占比
A28: 1 | B28: 火腿蛋炒飯 | C28: 2137.78 | D28: 994.28 | E28: 994.28 | F28: 28.54 | G28: 77.26 | H28: =(E28+F28)/D28 -> 1.0287042 | I28: 2205 | J28: 0.87 | K28: =J28/D28 -> 0.00087500503 | L28: =J28*G28 -> 67.2162 | M28: =((E28+F28)-D28)-J28 -> 27.67 | N28: =M28/D28 -> 0.027829183 | O28: 組合室 | P28: 抓樣不穩 | Q28: 秤重物料，秤重精準度須持續校正 | R28: 鳳梨腰果炒飯
A29: 2 | B29: 鼎泰豐-煮麻婆豆腐(113年) | C29: 1309.35 | D29: 278.62 | E29: 278.62 | F29: 10.28 | G29: 133.88 | H29: =(E29+F29)/D29 -> 1.0368961 | I29: 1376.29 | J29: 0.5 | K29: =J29/D29 -> 0.0017945589 | L29: =J29*G29 -> 66.94 | M29: =((E29+F29)-D29)-J29 -> 9.78 | N29: =M29/D29 -> 0.035101572 | O29: 組合室 | P29: 抓樣不穩 | Q29: 秤重物料，秤重精準度須持續校正 | R29: 二配川味麻婆燒豆腐燴飯
A30: 3 | B30: 鼎泰豐-黃金蛋炒飯(112年) | C30: 1236.48 | D30: 521.92 | E30: 521.92 | F30: 21.4 | G30: 60.94 | H30: =(E30+F30)/D30 -> 1.0410025 | I30: 1304.12 | J30: 1.11 | K30: =J30/D30 -> 0.0021267627 | L30: =J30*G30 -> 67.6434 | M30: =((E30+F30)-D30)-J30 -> 20.29 | N30: =M30/D30 -> 0.03887569 | O30: 組合室 | P30: 抓樣不穩 | Q30: 秤重物料，秤重精準度須持續校正 | R30: 二配香辣醬蒜味香腸蛋炒飯
A31: 4 | B31: 海鮮醬炒飯 | C31: 1126.63 | D31: 378.62 | E31: 378.62 | F31: 13.97 | G31: 85.48 | H31: =(E31+F31)/D31 -> 1.0368972 | I31: 1194.16 | J31: 0.79 | K31: =J31/D31 -> 0.0020865247 | L31: =J31*G31 -> 67.5292 | M31: =((E31+F31)-D31)-J31 -> 13.18 | N31: =M31/D31 -> 0.034810628 | O31: 組合室 | P31: 抓樣不穩 | Q31: 秤重物料，秤重精準度須持續校正 | R31: 二配香拌海鮮醬肉絲蛋炒飯
A32: 5 | B32: 果香甘口咖哩醬 | C32: 1093.33 | D32: 449.38 | E32: 449.38 | F32: 14.74 | G32: 78.77 | H32: =(E32+F32)/D32 -> 1.0328007 | I32: 1161.07 | J32: 0.86 | K32: =J32/D32 -> 0.0019137478 | L32: =J32*G32 -> 67.7422 | M32: =((E32+F32)-D32)-J32 -> 13.88 | N32: =M32/D32 -> 0.030887 | O32: 組合室 | P32: 抓樣不穩 | Q32: 注餡機使用(機器出料就有落差)，人員持續於線上不定時抽測重量 | R32: 二配金咖哩果香甘口咖哩飯
A33: 6 | B33: 蟹粉燴汁(114年) | C33: 1040.84 | D33: 392.96 | E33: 392.96 | F33: 14.5 | G33: 76.42 | H33: =(E33+F33)/D33 -> 1.0368994 | I33: 1108.09 | J33: 0.88 | K33: =J33/D33 -> 0.0022394137 | L33: =J33*G33 -> 67.2496 | M33: =((E33+F33)-D33)-J33 -> 13.62 | N33: =M33/D33 -> 0.034660016 | O33: 組合室 | P33: 抓樣不穩 | Q33: 冰杓定量挖取(使用量上會較起伏)，持續上抽測確認人員使用準確度 | R33: 二配美味蟹煲
A34: 7 | B34: 濃辛辣咖哩醬 | C34: 1032.98 | D34: 422.1 | E34: 422.1 | F34: 13.85 | G34: 79.46 | H34: =(E34+F34)/D34 -> 1.0328121 | I34: 1100.52 | J34: 0.85 | K34: =J34/D34 -> 0.0020137408 | L34: =J34*G34 -> 67.541 | M34: =((E34+F34)-D34)-J34 -> 13 | N34: =M34/D34 -> 0.030798389 | O34: 組合室 | P34: 抓樣不穩 | Q34: 注餡機使用(機器出料就有落差)，人員持續於線上不定時抽測重量 | R34: 二配金咖哩濃厚辛辣咖哩飯
A35: 8 | B35: 川燙醃嫩化淨零碳排牛肉片 | C35: 976.99 | D35: 31.05 | E35: 31.05 | F35: 1.28 | G35: 814.16 | H35: =(E35+F35)/D35 -> 1.0412238 | I35: 1042.12 | J35: 0.08 | K35: =J35/D35 -> 0.0025764895 | L35: =J35*G35 -> 65.1328 | M35: =((E35+F35)-D35)-J35 -> 1.2 | N35: =M35/D35 -> 0.038647343 | O35: 組合室 | P35: 研發設定 | Q35: 秤重物料，秤重精準度須持續校正(過多難剝除) | R35: 二配港式香滑嫩蛋牛肉燴飯
A36: 9 | B36: 電解消毒對切整葉廣東A | C36: 953.34 | D36: 79.2 | E36: 79.2 | F36: 3.25 | G36: 313.6 | H36: =(E36+F36)/D36 -> 1.0410354 | I36: 1019.2 | J36: 0.21 | K36: =J36/D36 -> 0.0026515152 | L36: =J36*G36 -> 65.856 | M36: =((E36+F36)-D36)-J36 -> 3.04 | N36: =M36/D36 -> 0.038383838 | O36: 組合室 | P36: 抓樣不穩 | Q36: 原物料特性，梗葉比例重量差異，抓樣不穩 | R36: 共用類
A37: 10 | B37: 電解消毒切段美生菜2-3cm | C37: 938.87 | D37: 173.92 | E37: 173.92 | F37: 6.42 | G37: 156.74 | H37: =(E37+F37)/D37 -> 1.0369135 | I37: 1006.27 | J37: 0.43 | K37: =J37/D37 -> 0.0024724011 | L37: =J37*G37 -> 67.3982 | M37: =((E37+F37)-D37)-J37 -> 5.99 | N37: =M37/D37 -> 0.034441122 | O37: 組合室 | P37: 抓樣不穩 | Q37: 原物料特性，梗葉比例重量差異，抓樣不穩 | R37: 共用類
A39: 共用類報廢金額前十名半成品
A40: 明細展開
A41: 排序 | B41: 半成品
B42: 名稱 | C42: 報廢金額 排序 | D42: 共用類總金額 占比
A44: 1 | B44: 義美業務用馬芬堡 | C44: 885.66 | D44: =C44/$L$5 -> 0.2004926
A45: 2 | B45: 墨西哥餅皮-原味(8英吋)新 | C45: 722.48 | D45: =C45/$L$5 -> 0.16355248
A46: 3 | B46: 電解消毒十字切美生菜 | C46: 548.56 | D46: =C46/$L$5 -> 0.12418108
A47: 4 | B47: 墨西哥餅皮-菠菜(8英吋)新 | C47: 427 | D47: =C47/$L$5 -> 0.096662758
A48: 5 | B48: (V)電解消毒小黃瓜絲 | C48: 247.17 | D48: =C48/$L$5 -> 0.055953475
A49: 6 | B49: 韓式泡菜豆腐蘿蔔絲 | C49: 97.99 | D49: =C49/$L$5 -> 0.022182631
A50: 7 | B50: 電解消毒雙色高麗菜絲(7:3) | C50: 74.34 | D50: =C50/$L$5 -> 0.016828828
A51: 8 | B51: 義美4吋無芝麻漢堡 | C51: 68.59 | D51: =C51/$L$5 -> 0.015527163
A52: 9 | B52: 煮韓式辣醬(114.07) | C52: 68.22 | D52: =C52/$L$5 -> 0.015443404
A53: 10 | B53: 蒸首爾韓式泡菜(2cm) | C53: 68.16 | D53: =C53/$L$5 -> 0.015429821
A54: ※炊飯類不納入半成品廢棄計算
A56: ※淺黃色為工廠自填項目

Sheet 0911分析標準表 
A1: 新豐廠半成品管理分析
A2: 日期 | C2: 營業額 | D2: 報廢展開 | F2: 超用展開 | H2: 報廢展開 | J2: 超用展開 | L2: 報廢展開
A3: 45911 | C3: 5409403.6 | D3: 總報廢 | F3: 總超用 | H3: 報廢-前10名 | J3: 超用-前10名 | L3: 共用類-總報廢
D4: 金額 | E4: 占比(營業額) | F4: 金額 | G4: 占比(營業額) | H4: 金額 | I4: 占比(總報廢) | J4: 金額 | K4: 占比(總超用) | L4: 金額 | M4: 占比(總報廢)
A5: 年度KPI目標0.25% | D5: 13174.85 | E5: =D5/C3 -> 0.0024355458 | F5: 43256.48 | G5: =F5/C3 -> 0.007996534 | H5: =SUM(C12:C21) -> 4031.68 | I5: =H5/D5 -> 0.30601335 | J5: =SUM(C28:C37) -> 18960.46 | K5: =J5/F5 -> 0.43832647 | L5: 5740.05 | M5: =L5/D5 -> 0.43568238
A7: 報廢金額前十名半成品
A8: 明細展開 | D8: 生產資訊 | O8: 類別 | P8: 分析原因 (請填寫8大原因) | Q8: 其他原因說明 | R8: 備註-商品名稱
A9: 排序 | B9: 半成品 | D9: 生產端 | J9: 組合端
B10: 名稱 | C10: 報廢金額 排序 | D10: 產出量 | J10: 報廢 | L10: 超用
D11: 訂單需求 (kg) | E11: 實際產出 (kg) | F11: 補單 (kg) | G11: 單價 (元) | H11: 實際生產 (對比訂單需求) | I11: 差異 (元) | J11: kg | K11: 占比 | L11: kg | M11: 占比 | N11: 金額 (元)
A12: 1 | B12: 義美業務用馬芬堡 | C12: 1326.92 | D12: 13939 | E12: 13939 | F12: 228.78 | G12: 5.8 | H12: =(E12+F12)/D12 -> 1.0164129 | I12: 1326.92 | J12: 228.78 | K12: =J12/D12 -> 0.016412942 | L12: =((E12+F12)-D12)-J12 -> 6.5369932e-13 | M12: =L12/D12 -> 4.6897146e-17 | N12: =L12*G12 -> 3.791456e-12 | O12: 組合端 | P12: 其他原因 | Q12: 包材過於貼體 | R12: 共用類
A13: 2 | B13: 墨西哥餅皮-原味(8英吋)新 | C13: 934.29 | D13: 6476 | E13: 6476 | F13: 141.99 | G13: 6.58 | H13: =(E13+F13)/D13 -> 1.0219256 | I13: 934.29 | J13: 141.99 | K13: =J13/D13 -> 0.021925571 | L13: =((E13+F13)-D13)-J13 -> -2.2737368e-13 | M13: =L13/D13 -> -3.5110203e-17 | N13: =L13*G13 -> -1.4961188e-12 | O13: 原物料 | P13: 原物料規格 | Q13: 菜梗太硬導致捲的時候破損 | R13: 共用類
A14: 3 | B14: 韓式泡菜豆腐蘿蔔絲 | C14: 291.77 | D14: 114.06 | E14: 114.06 | F14: 5.35 | G14: 110.1 | H14: =(E14+F14)/D14 -> 1.0469051 | I14: 589.03 | J14: 2.65 | K14: =J14/D14 -> 0.023233386 | L14: =((E14+F14)-D14)-J14 -> 2.7 | M14: =L14/D14 -> 0.023671752 | N14: =L14*G14 -> 297.27 | O14: 組合端 | P14: 抓樣不穩 | Q14: 人員抓樣手感不穩 | R14: 共用類
A15: 4 | B15: 墨西哥餅皮-蕃茄(8英吋)新 | C15: 267.54 | D15: 3576 | E15: 3576 | F15: 38.22 | G15: 7 | H15: =(E15+F15)/D15 -> 1.0106879 | I15: 267.54 | J15: 38.22 | K15: =J15/D15 -> 0.010687919 | L15: =((E15+F15)-D15)-J15 -> -1.9895197e-13 | M15: =L15/D15 -> -5.5635337e-17 | N15: =L15*G15 -> -1.3926638e-12 | O15: 原物料 | P15: 原物料規格 | Q15: 菜梗太硬導致捲的時候破損 | R15: 共用類
A16: 5 | B16: 墨西哥餅皮-菠菜(8英吋)新 | C16: 262.85 | D16: 9252 | E16: 9252 | F16: 37.55 | G16: 7 | H16: =(E16+F16)/D16 -> 1.0040586 | I16: 262.85 | J16: 37.55 | K16: =J16/D16 -> 0.0040585819 | L16: =((E16+F16)-D16)-J16 -> -7.2475359e-13 | M16: =L16/D16 -> -7.8334802e-17 | N16: =L16*G16 -> -5.0732751e-12 | O16: 原物料 | P16: 原物料規格 | Q16: 菜梗太硬導致捲的時候破損 | R16: 共用類
A17: 6 | B17: 切新重煙燻火腿0.9mm | C17: 246.95 | D17: 155.7 | E17: 155.7 | F17: 6.26 | G17: 212.89 | H17: =(E17+F17)/D17 -> 1.0402055 | I17: 1332.69 | J17: 1.16 | K17: =J17/D17 -> 0.0074502248 | L17: =((E17+F17)-D17)-J17 -> 5.1 | M17: =L17/D17 -> 0.032755299 | N17: =L17*G17 -> 1085.739 | O17: 組合端 | P17: 抓樣不穩 | Q17: 人員抓樣手感不穩 | R17: 共用類
A18: 7 | B18: 電解消毒混合紅K高麗絲 | C18: 222.26 | D18: 93.8 | E18: 93.8 | F18: 4.4 | G18: 104.84 | H18: =(E18+F18)/D18 -> 1.0469083 | I18: 461.3 | J18: 2.12 | K18: =J18/D18 -> 0.022601279 | L18: =((E18+F18)-D18)-J18 -> 2.28 | M18: =L18/D18 -> 0.024307036 | N18: =L18*G18 -> 239.0352 | O18: 組合端 | P18: 抓樣不穩 | Q18: 人員抓樣手感不穩 | R18: 共用類
A19: 8 | B19: 炒素鬆(新豐113.04) | C19: 179.24 | D19: 35.76 | E19: 35.76 | F19: 1.68 | G19: 271.57 | H19: =(E19+F19)/D19 -> 1.0469799 | I19: 456.24 | J19: 0.66 | K19: =J19/D19 -> 0.018456376 | L19: =((E19+F19)-D19)-J19 -> 1.02 | M19: =L19/D19 -> 0.02852349 | N19: =L19*G19 -> 277.0014 | O19: 組合端 | P19: 抓樣不穩 | Q19: 人員冰杓定量手法不穩 | R19: 共用類
A20: 9 | B20: 電解消毒雙色高麗菜絲(7:3) | C20: 174.45 | D20: 226.67 | E20: 226.67 | F20: 10.63 | G20: 99.12 | H20: =(E20+F20)/D20 -> 1.0468964 | I20: 1053.65 | J20: 1.76 | K20: =J20/D20 -> 0.0077645917 | L20: =((E20+F20)-D20)-J20 -> 8.87 | M20: =L20/D20 -> 0.039131777 | N20: =L20*G20 -> 879.1944 | O20: 組合端 | P20: 抓樣不穩 | Q20: 人員抓樣手感不穩 | R20: 共用類
A21: 10 | B21: 烤鹹蛋黃碎 | C21: 125.41 | D21: 7.82 | E21: 7.82 | F21: 0.26 | G21: 1567.63 | H21: =(E21+F21)/D21 -> 1.0332481 | I21: 407.58 | J21: 0.08 | K21: =J21/D21 -> 0.010230179 | L21: =((E21+F21)-D21)-J21 -> 0.18 | M21: =L21/D21 -> 0.023017903 | N21: =L21*G21 -> 282.1734 | O21: 組合端 | P21: 抓樣不穩 | Q21: 人員抓樣手感不穩 | R21: 二配美味蟹煲
A23: 超用金額前十名半成品
A24: 明細展開 | D24: 生產資訊 | O24: 類別 | P24: 分析原因 (請填寫8大原因) | Q24: 其他原因說明 | R24: 備註-商品名稱
A25: 排序 | B25: 半成品 | D25: 生產端 | J25: 組合端
B26: 名稱 | C26: 超用金額 排序 | D26: 產出量 | J26: 報廢 | M26: 超用
D27: 訂單需求 (kg) | E27: 實際產出 (kg) | F27: 補單 (kg) | G27: 單價 (元) | H27: 實際生產 (對比訂單需求) | I27: 差異 (元) | J27: kg | K27: 占比 | L27: 金額 (元) | M27: kg | N27: 占比
A28: 1 | B28: 電解消毒切段美生菜2-3cm | C28: 3329.15 | D28: 365.06 | E28: 365.06 | F28: 22.02 | G28: 156.74 | H28: =(E28+F28)/D28 -> 1.0603189 | I28: 3451.41 | J28: 0.78 | K28: =J28/D28 -> 0.0021366351 | L28: =J28*G28 -> 122.2572 | M28: =((E28+F28)-D28)-J28 -> 21.24 | N28: =M28/D28 -> 0.058182217 | O28: 組合室 | P28: 抓樣不穩 | Q28: 原物料特性，梗葉比例重量差異，抓樣不穩 | R28: 共用類
A29: 2 | B29: 電解消毒十字切美生菜 | C29: 3057.8 | D29: 336.61 | E29: 336.61 | F29: 20.29 | G29: 156.73 | H29: =(E29+F29)/D29 -> 1.0602775 | I29: 3180.05 | J29: 0.78 | K29: =J29/D29 -> 0.0023172217 | L29: =J29*G29 -> 122.2494 | M29: =((E29+F29)-D29)-J29 -> 19.51 | N29: =M29/D29 -> 0.057960251 | O29: 組合室 | P29: 抓樣不穩 | Q29: 原物料特性，梗葉比例重量差異，抓樣不穩 | R29: 共用類
A30: 3 | B30: 鼎泰豐-煮麻婆豆腐(113年) | C30: 2147.44 | D30: 281.11 | E30: 281.11 | F30: 16.95 | G30: 133.88 | H30: =(E30+F30)/D30 -> 1.0602967 | I30: 2269.27 | J30: 0.91 | K30: =J30/D30 -> 0.0032371669 | L30: =J30*G30 -> 121.8308 | M30: =((E30+F30)-D30)-J30 -> 16.04 | N30: =M30/D30 -> 0.057059514 | O30: 組合室 | P30: 抓樣不穩 | Q30: 秤重物料，秤重精準度須持續校正 | R30: 二配川味麻婆燒豆腐燴飯
A31: 4 | B31: 鮪魚沙拉(113.05) | C31: 1888 | D31: 220.92 | E31: 220.92 | F31: 10.36 | G31: 194.04 | H31: =(E31+F31)/D31 -> 1.0468948 | I31: 2010.25 | J31: 0.63 | K31: =J31/D31 -> 0.002851711 | L31: =J31*G31 -> 122.2452 | M31: =((E31+F31)-D31)-J31 -> 9.73 | N31: =M31/D31 -> 0.044043093 | O31: 組合室 | P31: 抓樣不穩 | Q31: 冰杓定量挖取(使用量上會較起伏)，持續上抽測確認人員使用準確度 | R31: 鮪魚起司溏心蛋三明治
A32: 5 | B32: 溏心洋芋沙拉(113.06) | C32: 1591.27 | D32: 328.5 | E32: 328.5 | F32: 15.41 | G32: 111.2 | H32: =(E32+F32)/D32 -> 1.0469102 | I32: 1713.59 | J32: 1.1 | K32: =J32/D32 -> 0.003348554 | L32: =J32*G32 -> 122.32 | M32: =((E32+F32)-D32)-J32 -> 14.31 | N32: =M32/D32 -> 0.043561644 | O32: 組合室 | P32: 抓樣不穩 | Q32: 冰杓定量挖取(使用量上會較起伏)，持續上抽測確認人員使用準確度 | R32: 溏心蛋洋芋沙拉
A33: 6 | B33: 川燙醃嫩化淨零碳排牛肉片 | C33: 1563.19 | D33: 30.91 | E33: 30.91 | F33: 2.07 | G33: 814.16 | H33: =(E33+F33)/D33 -> 1.0669686 | I33: 1685.31 | J33: 0.15 | K33: =J33/D33 -> 0.0048527984 | L33: =J33*G33 -> 122.124 | M33: =((E33+F33)-D33)-J33 -> 1.92 | N33: =M33/D33 -> 0.06211582 | O33: 組合室 | P33: 研發設定 | Q33: 秤重物料，秤重精準度須持續校正(過多難剝除) | R33: 二配港式香滑嫩蛋牛肉燴飯
A34: 7 | B34: 蒸基礎風味雞肉絲 | C34: 1423.25 | D34: 93.8 | E34: 93.8 | F34: 3.77 | G34: 410.16 | H34: =(E34+F34)/D34 -> 1.0401919 | I34: 1546.3 | J34: 0.3 | K34: =J34/D34 -> 0.0031982942 | L34: =J34*G34 -> 123.048 | M34: =((E34+F34)-D34)-J34 -> 3.47 | N34: =M34/D34 -> 0.036993603 | O34: 組合室 | P34: 研發設定 | Q34: 秤重物料，秤重精準度須持續校正 | R34: 共用類
A35: 8 | B35: 114年自製芋頭餡 | C35: 1392.93 | D35: 150.92 | E35: 150.92 | F35: 9.1 | G35: 166.42 | H35: =(E35+F35)/D35 -> 1.0602968 | I35: 1514.42 | J35: 0.73 | K35: =J35/D35 -> 0.0048369997 | L35: =J35*G35 -> 121.4866 | M35: =((E35+F35)-D35)-J35 -> 8.37 | N35: =M35/D35 -> 0.055459846 | O35: 組合室 | P35: 抓樣不穩 | Q35: 冰杓定量挖取(使用量上會較起伏)，持續上抽測確認人員使用準確度 | R35: 起司芋見肉鬆三明治
A36: 9 | B36: 電解消毒美生菜(三明治用) | C36: 1339.03 | D36: 107.21 | E36: 107.21 | F36: 7.18 | G36: 203.5 | H36: =(E36+F36)/D36 -> 1.0669714 | I36: 1461.13 | J36: 0.6 | K36: =J36/D36 -> 0.0055964929 | L36: =J36*G36 -> 122.1 | M36: =((E36+F36)-D36)-J36 -> 6.58 | N36: =M36/D36 -> 0.061374872 | O36: 組合室 | P36: 抓樣不穩 | Q36: 原物料特性，梗葉比例重量差異，抓樣不穩 | R36: 共用類
A37: 10 | B37: 雞蛋沙拉(A) | C37: 1228.4 | D37: 217.7 | E37: 217.7 | F37: 7.3 | G37: 185 | H37: =(E37+F37)/D37 -> 1.0335324 | I37: 1350.5 | J37: 0.66 | K37: =J37/D37 -> 0.003031695 | L37: =J37*G37 -> 122.1 | M37: =((E37+F37)-D37)-J37 -> 6.64 | N37: =M37/D37 -> 0.030500689 | O37: 組合室 | P37: 抓樣不穩 | Q37: 冰杓定量挖取(使用量上會較起伏)，持續上抽測確認人員使用準確度 | R37: 雞蛋沙拉三明治
A39: 共用類報廢金額前十名半成品
A40: 明細展開
A41: 排序 | B41: 半成品
B42: 名稱 | C42: 報廢金額 排序 | D42: 共用類總金額 占比
A44: 1 | B44: 義美業務用馬芬堡 | C44: 1326.92 | D44: =C44/$L$5 -> 0.23116872
A45: 2 | B45: 墨西哥餅皮-原味(8英吋)新 | C45: 934.29 | D45: =C45/$L$5 -> 0.16276687
A46: 3 | B46: 韓式泡菜豆腐蘿蔔絲 | C46: 291.77 | D46: =C46/$L$5 -> 0.050830568
A47: 4 | B47: 墨西哥餅皮-蕃茄(8英吋)新 | C47: 267.54 | D47: =C47/$L$5 -> 0.04660935
A48: 5 | B48: 墨西哥餅皮-菠菜(8英吋)新 | C48: 262.85 | D48: =C48/$L$5 -> 0.045792284
A49: 6 | B49: 切新重煙燻火腿0.9mm | C49: 246.95 | D49: =C49/$L$5 -> 0.043022273
A50: 7 | B50: 電解消毒混合紅K高麗絲 | C50: 222.26 | D50: =C50/$L$5 -> 0.038720917
A51: 8 | B51: 炒素鬆(新豐113.04) | C51: 179.24 | D51: =C51/$L$5 -> 0.031226209
A52: 9 | B52: 電解消毒雙色高麗菜絲(7:3) | C52: 174.45 | D52: =C52/$L$5 -> 0.030391721
A53: 10 | B53: 義美4吋無芝麻漢堡 | C53: 125.22 | D53: =C53/$L$5 -> 0.021815141
A54: ※炊飯類不納入半成品廢棄計算
A56: ※淺黃色為工廠自填項目

Sheet 0910分析標準表 
A1: 新豐廠半成品管理分析
A2: 日期 | C2: 營業額 | D2: 報廢展開 | F2: 超用展開 | H2: 報廢展開 | J2: 超用展開 | L2: 報廢展開
A3: 45910 | C3: 5803938.3 | D3: 總報廢 | F3: 總超用 | H3: 報廢-前10名 | J3: 超用-前10名 | L3: 共用類-總報廢
D4: 金額 | E4: 占比(營業額) | F4: 金額 | G4: 占比(營業額) | H4: 金額 | I4: 占比(總報廢) | J4: 金額 | K4: 占比(總超用) | L4: 金額 | M4: 占比(總報廢)
A5: 年度KPI目標0.25% | D5: 14217.51 | E5: =D5/C3 -> 0.0024496315 | F5: 46279.45 | G5: =F5/C3 -> 0.0079738011 | H5: =SUM(C12:C21) -> 4922.48 | I5: =H5/D5 -> 0.34622659 | J5: =SUM(C28:C37) -> 22167.92 | K5: =J5/F5 -> 0.47900137 | L5: 6156.2 | M5: =L5/D5 -> 0.43300128
A7: 報廢金額前十名半成品
A8: 明細展開 | D8: 生產資訊 | O8: 類別 | P8: 分析原因 (請填寫8大原因) | Q8: 其他原因說明 | R8: 備註-商品名稱
A9: 排序 | B9: 半成品 | D9: 生產端 | J9: 組合端
B10: 名稱 | C10: 報廢金額 排序 | D10: 產出量 | J10: 報廢 | L10: 超用
D11: 訂單需求 (kg) | E11: 實際產出 (kg) | F11: 補單 (kg) | G11: 單價 (元) | H11: 實際生產 (對比訂單需求) | I11: 差異 (元) | J11: kg | K11: 占比 | L11: kg | M11: 占比 | N11: 金額 (元)
A12: 1 | B12: 墨西哥餅皮-原味(8英吋)新 | C12: 1521.1 | D12: 6885 | E12: 6885 | F12: 231.17 | G12: 6.58 | H12: =(E12+F12)/D12 -> 1.0335759 | I12: 1521.1 | J12: 231.17 | K12: =J12/D12 -> 0.03357589 | L12: =((E12+F12)-D12)-J12 -> 0 | M12: =L12/D12 -> 0 | N12: =L12*G12 -> 0 | O12: 原物料 | P12: 原物料規格 | Q12: 菜梗太硬導致捲的時候破損 | R12: 共用類
A13: 2 | B13: 義美業務用馬芬堡 | C13: 1043.42 | D13: 15274 | E13: 15274 | F13: 179.9 | G13: 5.8 | H13: =(E13+F13)/D13 -> 1.0117782 | I13: 1043.42 | J13: 179.9 | K13: =J13/D13 -> 0.011778185 | L13: =((E13+F13)-D13)-J13 -> -3.6948222e-13 | M13: =L13/D13 -> -2.4190273e-17 | N13: =L13*G13 -> -2.1429969e-12 | O13: 組合端 | P13: 其他原因 | Q13: 包材過於貼體 | R13: 共用類
A14: 3 | B14: 墨西哥餅皮-菠菜(8英吋)新 | C14: 669.34 | D14: 9655 | E14: 9655 | F14: 95.62 | G14: 7 | H14: =(E14+F14)/D14 -> 1.0099037 | I14: 669.34 | J14: 95.62 | K14: =J14/D14 -> 0.0099036769 | L14: =((E14+F14)-D14)-J14 -> 7.9580786e-13 | M14: =L14/D14 -> 8.2424429e-17 | N14: =L14*G14 -> 5.570655e-12 | O14: 原物料 | P14: 原物料規格 | Q14: 菜梗太硬導致捲的時候破損 | R14: 共用類
A15: 4 | B15: 義美4吋芝麻漢堡 | C15: 297.97 | D15: 5734 | E15: 5734 | F15: 67.72 | G15: 4.4 | H15: =(E15+F15)/D15 -> 1.0118103 | I15: 297.97 | J15: 67.72 | K15: =J15/D15 -> 0.011810255 | L15: =((E15+F15)-D15)-J15 -> 2.5579538e-13 | M15: =L15/D15 -> 4.4610287e-17 | N15: =L15*G15 -> 1.1254997e-12 | O15: 組合端 | P15: 其他原因 | Q15: 包材過於貼體 | R15: 共用類
A16: 5 | B16: 四吋芝麻漢堡 | C16: 282.14 | D16: 4804 | E16: 4804 | F16: 64.86 | G16: 4.35 | H16: =(E16+F16)/D16 -> 1.0135012 | I16: 282.14 | J16: 64.86 | K16: =J16/D16 -> 0.013501249 | L16: =((E16+F16)-D16)-J16 -> -3.2684966e-13 | M16: =L16/D16 -> -6.8036981e-17 | N16: =L16*G16 -> -1.421796e-12 | O16: 組合端 | P16: 其他原因 | Q16: 包材過於貼體 | R16: 經典雙牛起司堡(113年)
A17: 6 | B17: 川燙醃嫩化淨零碳排牛肉片 | C17: 276.81 | D17: 35.34 | E17: 35.34 | F17: 2.44 | G17: 814.16 | H17: =(E17+F17)/D17 -> 1.0690436 | I17: 1986.55 | J17: 0.34 | K17: =J17/D17 -> 0.0096208263 | L17: =((E17+F17)-D17)-J17 -> 2.1 | M17: =L17/D17 -> 0.05942275 | N17: =L17*G17 -> 1709.736 | O17: 組合端 | P17: 研發設定 | Q17: 秤重物料，過多無法剝除 | R17: 二配港式香滑嫩蛋牛肉燴飯
A18: 7 | B18: 電解消毒雙色高麗菜絲(7:3) | C18: 248.79 | D18: 240.97 | E18: 240.97 | F18: 11.64 | G18: 99.12 | H18: =(E18+F18)/D18 -> 1.0483048 | I18: 1153.76 | J18: 2.51 | K18: =J18/D18 -> 0.010416234 | L18: =((E18+F18)-D18)-J18 -> 9.13 | M18: =L18/D18 -> 0.037888534 | N18: =L18*G18 -> 904.9656 | O18: 組合端 | P18: 抓樣不穩 | Q18: 人員抓樣手感不穩 | R18: 共用類
A19: 8 | B19: 溏心洋芋沙拉(113.06) | C19: 235.74 | D19: 340.2 | E19: 340.2 | F19: 16.43 | G19: 111.2 | H19: =(E19+F19)/D19 -> 1.0482951 | I19: 1827.02 | J19: 2.12 | K19: =J19/D19 -> 0.0062316285 | L19: =((E19+F19)-D19)-J19 -> 14.31 | M19: =L19/D19 -> 0.042063492 | N19: =L19*G19 -> 1591.272 | O19: 組合端 | P19: 抓樣不穩 | Q19: 人員冰杓定量手法不穩 | R19: 溏心蛋洋芋沙拉
A20: 9 | B20: 韓式泡菜豆腐蘿蔔絲 | C20: 212.49 | D20: 118.36 | E20: 118.36 | F20: 5.72 | G20: 110.1 | H20: =(E20+F20)/D20 -> 1.0483271 | I20: 629.77 | J20: 1.93 | K20: =J20/D20 -> 0.016306185 | L20: =((E20+F20)-D20)-J20 -> 3.79 | M20: =L20/D20 -> 0.032020953 | N20: =L20*G20 -> 417.279 | O20: 組合端 | P20: 抓樣不穩 | Q20: 人員抓樣手感不穩 | R20: 共用類
A21: 10 | B21: 電解消毒紫洋蔥(去皮)切絲 | C21: 134.68 | D21: 33.5 | E21: 33.5 | F21: 2.77 | G21: 113.18 | H21: =(E21+F21)/D21 -> 1.0826866 | I21: 313.51 | J21: 1.19 | K21: =J21/D21 -> 0.035522388 | L21: =((E21+F21)-D21)-J21 -> 1.58 | M21: =L21/D21 -> 0.047164179 | N21: =L21*G21 -> 178.8244 | O21: 組合端 | P21: 抓樣不穩 | Q21: 人員抓樣手感不穩 | R21: 莎莎烤雞麵沙拉
A23: 超用金額前十名半成品
A24: 明細展開 | D24: 生產資訊 | O24: 類別 | P24: 分析原因 (請填寫8大原因) | Q24: 其他原因說明 | R24: 備註-商品名稱
A25: 排序 | B25: 半成品 | D25: 生產端 | J25: 組合端
B26: 名稱 | C26: 超用金額 排序 | D26: 產出量 | J26: 報廢 | M26: 超用
D27: 訂單需求 (kg) | E27: 實際產出 (kg) | F27: 補單 (kg) | G27: 單價 (元) | H27: 實際生產 (對比訂單需求) | I27: 差異 (元) | J27: kg | K27: 占比 | L27: 金額 (元) | M27: kg | N27: 占比
A28: 1 | B28: 電解消毒切段美生菜2-3cm | C28: 3799.38 | D28: 385.59 | E28: 385.59 | F28: 23.94 | G28: 156.74 | H28: =(E28+F28)/D28 -> 1.0620867 | I28: 3752.36 | J28: 0.81 | K28: =J28/D28 -> 0.0021006769 | L28: =J28*G28 -> 126.9594 | M28: =((E28+F28)-D28)-J28 -> 23.13 | N28: =M28/D28 -> 0.059985995 | O28: 組合室 | P28: 抓樣不穩 | Q28: 原物料特性，梗葉比例重量差異，抓樣不穩 | R28: 共用類
A29: 2 | B29: 電解消毒十字切美生菜 | C29: 3307 | D29: 338 | E29: 338 | F29: 20.99 | G29: 156.73 | H29: =(E29+F29)/D29 -> 1.0621006 | I29: 3289.76 | J29: 0.81 | K29: =J29/D29 -> 0.0023964497 | L29: =J29*G29 -> 126.9513 | M29: =((E29+F29)-D29)-J29 -> 20.18 | N29: =M29/D29 -> 0.059704142 | O29: 組合室 | P29: 抓樣不穩 | Q29: 原物料特性，梗葉比例重量差異，抓樣不穩 | R29: 共用類
A30: 3 | B30: 川燙醃嫩化淨零碳排牛肉片 | C30: 2279.65 | D30: 35.34 | E30: 35.34 | F30: 2.44 | G30: 814.16 | H30: =(E30+F30)/D30 -> 1.0690436 | I30: 1986.55 | J30: 0.34 | K30: =J30/D30 -> 0.0096208263 | L30: =J30*G30 -> 276.8144 | M30: =((E30+F30)-D30)-J30 -> 2.1 | N30: =M30/D30 -> 0.05942275 | O30: 組合室 | P30: 研發設定 | Q30: 秤重物料，秤重精準度須持續校正(過多難剝除) | R30: 二配港式香滑嫩蛋牛肉燴飯
A31: 4 | B31: 鮪魚沙拉(113.05) | C31: 2270.27 | D31: 233.64 | E31: 233.64 | F31: 11.28 | G31: 194.04 | H31: =(E31+F31)/D31 -> 1.0482794 | I31: 2188.77 | J31: 0.65 | K31: =J31/D31 -> 0.0027820579 | L31: =J31*G31 -> 126.126 | M31: =((E31+F31)-D31)-J31 -> 10.63 | N31: =M31/D31 -> 0.045497346 | O31: 組合室 | P31: 抓樣不穩 | Q31: 冰杓定量挖取(使用量上會較起伏)，持續上抽測確認人員使用準確度 | R31: 鮪魚起司溏心蛋三明治
A32: 5 | B32: 溏心洋芋沙拉(113.06) | C32: 1939.33 | D32: 340.2 | E32: 340.2 | F32: 16.43 | G32: 111.2 | H32: =(E32+F32)/D32 -> 1.0482951 | I32: 1827.02 | J32: 2.12 | K32: =J32/D32 -> 0.0062316285 | L32: =J32*G32 -> 235.744 | M32: =((E32+F32)-D32)-J32 -> 14.31 | N32: =M32/D32 -> 0.042063492 | O32: 組合室 | P32: 抓樣不穩 | Q32: 冰杓定量挖取(使用量上會較起伏)，持續上抽測確認人員使用準確度 | R32: 溏心蛋洋芋沙拉
A33: 6 | B33: 114年自製芋頭餡 | C33: 1903.84 | D33: 162.64 | E33: 162.64 | F33: 10.1 | G33: 166.42 | H33: =(E33+F33)/D33 -> 1.0621003 | I33: 1680.84 | J33: 0.76 | K33: =J33/D33 -> 0.0046728972 | L33: =J33*G33 -> 126.4792 | M33: =((E33+F33)-D33)-J33 -> 9.34 | N33: =M33/D33 -> 0.057427447 | O33: 組合室 | P33: 抓樣不穩 | Q33: 冰杓定量挖取(使用量上會較起伏)，持續上抽測確認人員使用準確度 | R33: 起司芋見肉鬆三明治
A34: 7 | B34: 蒸基礎風味雞肉絲 | C34: 1775.99 | D34: 98.42 | E34: 98.42 | F34: 4.08 | G34: 410.16 | H34: =(E34+F34)/D34 -> 1.041455 | I34: 1673.45 | J34: 0.31 | K34: =J34/D34 -> 0.0031497663 | L34: =J34*G34 -> 127.1496 | M34: =((E34+F34)-D34)-J34 -> 3.77 | N34: =M34/D34 -> 0.038305223 | O34: 組合室 | P34: 研發設定 | Q34: 秤重物料，秤重精準度須持續校正 | R34: 共用類
A35: 8 | B35: 電解消毒美生菜(三明治用) | C35: 1646.31 | D35: 113.81 | E35: 113.81 | F35: 7.85 | G35: 203.5 | H35: =(E35+F35)/D35 -> 1.0689746 | I35: 1597.48 | J35: 0.62 | K35: =J35/D35 -> 0.005447676 | L35: =J35*G35 -> 126.17 | M35: =((E35+F35)-D35)-J35 -> 7.23 | N35: =M35/D35 -> 0.063526931 | O35: 組合室 | P35: 抓樣不穩 | Q35: 原物料特性，梗葉比例重量差異，抓樣不穩 | R35: 共用類
A36: 9 | B36: 拌芥末雞蛋沙拉(114.07) | C36: 1645.01 | D36: 200.2 | E36: 200.2 | F36: 9.67 | G36: 147.8 | H36: =(E36+F36)/D36 -> 1.0483017 | I36: 1429.23 | J36: 0.86 | K36: =J36/D36 -> 0.0042957043 | L36: =J36*G36 -> 127.108 | M36: =((E36+F36)-D36)-J36 -> 8.81 | N36: =M36/D36 -> 0.044005994 | O36: 組合室 | P36: 抓樣不穩 | Q36: 冰杓定量挖取(使用量上會較起伏)，持續上抽測確認人員使用準確度 | R36: 日式芥末蛋沙拉三明治
A37: 10 | B37: 油亮蒜味香腸片 | C37: 1601.14 | D37: 80.48 | E37: 80.48 | F37: 4.44 | G37: 318.32 | H37: =(E37+F37)/D37 -> 1.055169 | I37: 1413.34 | J37: 0.4 | K37: =J37/D37 -> 0.0049701789 | L37: =J37*G37 -> 127.328 | M37: =((E37+F37)-D37)-J37 -> 4.04 | N37: =M37/D37 -> 0.050198807 | O37: 組合室 | P37: 研發設定 | Q37: 秤重物料，過多無法剝除 | R37: 二配香辣醬蒜味香腸蛋炒飯
A39: 共用類報廢金額前十名半成品
A40: 明細展開
A41: 排序 | B41: 半成品
B42: 名稱 | C42: 報廢金額 排序 | D42: 共用類總金額 占比
A44: 1 | B44: 墨西哥餅皮-原味(8英吋)新 | C44: 1521.1 | D44: =C44/$L$5 -> 0.24708424
A45: 2 | B45: 義美業務用馬芬堡 | C45: 1043.42 | D45: =C45/$L$5 -> 0.16949092
A46: 3 | B46: 墨西哥餅皮-菠菜(8英吋)新 | C46: 669.34 | D46: =C46/$L$5 -> 0.10872616
A47: 4 | B47: 義美4吋芝麻漢堡 | C47: 297.97 | D47: =C47/$L$5 -> 0.048401611
A48: 5 | B48: 電解消毒雙色高麗菜絲(7:3) | C48: 248.79 | D48: =C48/$L$5 -> 0.040412917
A49: 6 | B49: 韓式泡菜豆腐蘿蔔絲 | C49: 212.49 | D49: =C49/$L$5 -> 0.034516422
