Workbook

Sheet 生產管理報表(月)
A1: 新豐廠生產管理報表
A3: 月別 | B3: 9 | C3: 工廠 | D3: 屏榮新豐廠
A4: （１）收支狀況 | E4: ※單位：千元 | G4: （２）ＫＰＩ達成進度
A5: 項目 | B5: 當月 | C5: 前月 | D5: 差異 | E5: 累計 | G5: 項目 | H5: KPI | I5: 當月 | J5: 前月 | K5: 累計 | L5: ※補充
A6: 業績金額 | B6: ='（１）收支狀況'!H36/1000 -> 169544.86 | C6: 170636.49 | D6: =B6-C6 -> -1091.6282 | G6: 人時性(個/月均) | H6: ='生產管理報表(週) '!H6 -> 150.5 | I6: ='（２）ＫＰＩ達成進度'!H36 -> 140.37333 | J6: 136.63548 | L6: 個／MH
A7: 訂單數量 | B7: ='（４）訂單數量構成比'!H38 -> 5123862 | C7: 4956065 | D7: =B7-C7 -> 167797 | G7: 人時達成率(%/月均) | H7: ='生產管理報表(週) '!H7 -> 0.8 | I7: ='（２）ＫＰＩ達成進度'!K36 -> 0.93271318 | J7: 0.90787697 | L7: 達成率
A8: 材料費 | B8: ='（１）收支狀況'!N36/1000 -> 117996.64 | C8: 120315.67 | D8: =B8-C8 -> -2319.0312 | G8: 半成品-報廢(%) | H8: ='生產管理報表(週) '!H8 -> 0.0025 | I8: ='（２）ＫＰＩ達成進度'!N36 -> 0.0024304511 | J8: 0.0024262338 | L8: 報廢率
A9: 材料費率 | B9: ='（１）收支狀況'!Q36 -> 0.69596115 | C9: 0.7051 | D9: =B9-C9 -> -0.0091388478 | G9: 半成品-超用(%) | H9: ='生產管理報表(週) '!H9 -> 0.004 | I9: ='（２）ＫＰＩ達成進度'!Q36 -> 0.0076554308 | J9: 0.0083806862 | L9: 超用率
A10: 勞務成本 | B10: ='（１）收支狀況'!T36/1000 -> 28554.124 | C10: 28193.858 | D10: =B10-C10 -> 360.26571 | G10: 固定產線-導入率(%) | H10: ='生產管理報表(週) '!H10 -> 0.8 | I10: ='（２）ＫＰＩ達成進度'!T36 -> 0.8 | J10: 0.8 | L10: 導入率
A11: 勞務費率 | B11: ='（１）收支狀況'!W36 -> 0.16841633 | C11: 0.1652276 | D11: =B11-C11 -> 0.0031887302 | G11: 教育訓練-實施率(%) | H11: ='生產管理報表(週) '!H11 -> 1 | I11: ='（２）ＫＰＩ達成進度'!W36 -> 0.69868889 | J11: 0.60867742 | L11: 實施率
A13: （３）業績構成比 | G13: （４）訂單數量構成比
A14: 品群 | B14: 當月 | C14: 比例 | D14: 前月 | E14: 差異 | G14: 品群 | H14: 當月 | I14: 比例 | J14: 前月 | K14: 差異
A15: 主食(091,092,093,094,095) | B15: =SUM('（３）業績構成比'!M38:M67)/1000 -> 42761.559 | C15: =IFERROR(B15/$B$6,"") -> 0.25221383 | D15: 0.26117874 | E15: =IFERROR(C15-D15,"") -> -0.0089649053 | G15: 主食(091,092,093,094,095) | H15: =SUM('（４）訂單數量構成比'!M38:M67) -> 803076 | I15: =IFERROR(H15/$B$7,"") -> 0.15673256 | J15: 0.16774861 | K15: =IFERROR(I15-J15,"") -> -0.011016049
A16: 熱食義麵(122,123,124,126) | B16: 0 | C16: =IFERROR(B16/$B$6,"") -> 0 | D16: 0 | E16: =IFERROR(C16-D16,"") -> 0 | G16: 熱食義麵(122,123,124,126) | H16: 0 | I16: =IFERROR(H16/$B$7,"") -> 0 | J16: 0 | K16: =IFERROR(I16-J16,"") -> 0
A17: 季節調理麵(111,112) | B17: 0 | C17: =IFERROR(B17/$B$6,"") -> 0 | D17: 0 | E17: =IFERROR(C17-D17,"") -> 0 | G17: 季節調理麵(111,112) | H17: 0 | I17: =IFERROR(H17/$B$7,"") -> 0 | J17: 0 | K17: =IFERROR(I17-J17,"") -> 0
A18: 微波小吃(153,154,155) | B18: =SUM('（３）業績構成比'!U38:U67)/1000 -> 4068.1929 | C18: =IFERROR(B18/$B$6,"") -> 0.023994787 | D18: 0.023249337 | E18: =IFERROR(C18-D18,"") -> 0.00074545044 | G18: 微波小吃(153,154,155) | H18: =SUM('（４）訂單數量構成比'!U38:U67) -> 97129 | I18: =IFERROR(H18/$B$7,"") -> 0.018956209 | J18: 0.019123236 | K18: =IFERROR(I18-J18,"") -> -0.00016702667
A19: 三明治(106) | B19: =SUM('（３）業績構成比'!W38:W67)/1000 -> 61196.611 | C19: =IFERROR(B19/$B$6,"") -> 0.36094642 | D19: 0.31458886 | E19: =IFERROR(C19-D19,"") -> 0.046357557 | G19: 三明治(106) | H19: =SUM('（４）訂單數量構成比'!W38:W67) -> 2490351 | I19: =IFERROR(H19/$B$7,"") -> 0.48603007 | J19: 0.43684475 | K19: =IFERROR(I19-J19,"") -> 0.049185314
A20: 調理麵包(107) | B20: =SUM('（３）業績構成比'!Y38:Y67)/1000 -> 28056.735 | C20: =IFERROR(B20/$B$6,"") -> 0.16548266 | D20: 0.18417163 | E20: =IFERROR(C20-D20,"") -> -0.018688969 | G20: 調理麵包(107) | H20: =SUM('（４）訂單數量構成比'!Y38:Y67) -> 913952 | I20: =IFERROR(H20/$B$7,"") -> 0.1783717 | J20: 0.20288414 | K20: =IFERROR(I20-J20,"") -> -0.024512438
A21: 沙拉(141) | B21: =SUM('（３）業績構成比'!AA38:AA67)/1000 -> 31420.426 | C21: =IFERROR(B21/$B$6,"") -> 0.18532219 | D21: 0.1837515 | E21: =IFERROR(C21-D21,"") -> 0.0015706933 | G21: 沙拉(141) | H21: =SUM('（４）訂單數量構成比'!AA38:AA67) -> 795199 | I21: =IFERROR(H21/$B$7,"") -> 0.15519524 | J21: 0.15969867 | K21: =IFERROR(I21-J21,"") -> -0.0045034308
A22: 便當 | B22: =SUM('（３）業績構成比'!O38:O67)/1000 -> 2041.339 | C22: =IFERROR(B22/$B$6,"") -> 0.012040111 | D22: 0.033059939 | E22: =IFERROR(C22-D22,"") -> -0.021019827 | G22: 便當 | H22: =SUM('（４）訂單數量構成比'!O38:O67) -> 24155 | I22: =IFERROR(H22/$B$7,"") -> 0.0047142175 | J22: 0.013700587 | K22: =IFERROR(I22-J22,"") -> -0.0089863695
C23: =IFERROR(B23/$B$6,"") -> 0 | D23: 0 | E23: =IFERROR(C23-D23,"") -> 0 | I23: =IFERROR(H23/$B$7,"") -> 0 | J23: 0 | K23: =IFERROR(I23-J23,"") -> 0
C24: =SUM(C15:C23) -> 1 | D24: =SUM(D15:D23) -> 1 | I24: =SUM(I15:I23) -> 1 | J24: =SUM(J15:J23) -> 1
A26: （５）品群別人時生產性
A27: 品群 | B27: 當月 | C27: 前月 | D27: 差異 | E27: 累計
A28: 主食(091,092,093,094,095) | B28: ='（５-1）品群別人時生產性（4℃-主食）'!C1 -> 117.62826 | C28: 114.31447 | D28: 0
A29: 熱食義麵(122,123,124,126) | B29: 0 | C29: 0 | D29: 0
A30: 季節調理麵(111,112) | B30: 0 | C30: 0 | D30: 0
A31: 微波小吃(153,154,155) | B31: ='（５-4）品群別人時生產性（4℃-微波小吃)'!C1 -> 84.392499 | C31: 81.52163 | D31: 0
A32: 三明治(106) | B32: ='（５-5）品群別人時生產性（4℃-三明治)'!C1 -> 132.79715 | C32: 128.6599 | D32: 0
A33: 調理麵包(107) | B33: ='（５-6）品群別人時生產性（4℃-調理麵包)'!C1 -> 286.68959 | C33: 275.60819 | D33: 0
A34: 沙拉(141) | B34: ='（５-7）品群別人時生產性（4℃-沙拉)'!C1 -> 105.93587 | C34: 99.461944 | D34: 0
A35: 便當 | B35: ='（５-1）品群別人時生產性（4℃-便當）'!C1 -> #DIV/0! | C35: 134.13533 | D35: 0
D36: 0
A39: 三明治 １０６
A40: 調理麵包 １０７
A41: 沙拉 １４１

Sheet 生產管理報表(週) 
A1: 新豐廠生產管理報表
A3: 月別 | B3: 10 | C3: 週別 | D3: W2 | E3: 工廠 | F3: ='生產管理報表(月)'!D3 -> 屏榮新豐廠
A4: （１）收支狀況 | E4: ※單位：千元 | G4: （２）ＫＰＩ達成進度
A5: 項目 | B5: 當週 | C5: 前週 | D5: 差異 | E5: 累計 | G5: 項目 | H5: KPI | I5: 當週 | J5: 前週 | K5: 累計 | L5: ※補充
A6: 業績金額 | B6: ='（１）收支狀況'!G72:G72/1000 -> 38039.755 | C6: 37041.131 | D6: =B6-C6 -> 998.62444 | E6: ='（１）收支狀況'!H66:H66/1000 -> 68840.509 | G6: 人時性(個/週均) | H6: 150.5 | I6: ='（２）ＫＰＩ達成進度'!G72 -> 146.75714 | J6: 146.45714 | K6: ='（２）ＫＰＩ達成進度'!H66 -> 146.78462 | L6: 個／MH
A7: 訂單數量 | B7: ='（１）收支狀況'!J72:J72 -> 1166245 | C7: 1146243 | D7: =B7-C7 -> 20002 | E7: ='（１）收支狀況'!K66:K66 -> 2119105 | G7: 人時達成率(%/週均) | H7: 0.8 | I7: ='（２）ＫＰＩ達成進度'!J72 -> 0.97513052 | J7: 0.97313716 | K7: ='（２）ＫＰＩ達成進度'!K66 -> 0.97531306 | L7: 達成率
A8: 材料費 | B8: ='（１）收支狀況'!M72:M72/1000 -> 26763.704 | C8: 25894.137 | D8: =B8-C8 -> 869.56657 | E8: ='（１）收支狀況'!N66:N66/1000 -> 48318.206 | G8: 半成品-報廢(%) | H8: 0.0025 | I8: ='（２）ＫＰＩ達成進度'!M72 -> 0.0024217523 | J8: 0.002419751 | K8: ='（２）ＫＰＩ達成進度'!N66 -> 0.0024189558 | L8: 報廢率
A9: 材料費率 | B9: ='（１）收支狀況'!P72 -> 0.70357194 | C9: 0.69906445 | D9: =B9-C9 -> 0.0045074877 | E9: ='（１）收支狀況'!Q66 -> 0.70188625 | G9: 半成品-超用(%) | H9: 0.004 | I9: ='（２）ＫＰＩ達成進度'!P72 -> 0.0073597213 | J9: 0.0073152536 | K9: ='（２）ＫＰＩ達成進度'!Q66 -> 0.0073188614 | L9: 超用率
A10: 勞務成本 | B10: ='（１）收支狀況'!S72:S72/1000 -> 6494.3504 | C10: 6589.7489 | D10: =B10-C10 -> -95.398582 | E10: ='（１）收支狀況'!T66:T66/1000 -> 12053.477 | G10: 固定產線-導入率(%) | H10: 0.8 | I10: ='（２）ＫＰＩ達成進度'!S72 -> 0.8 | J10: 0.8 | K10: ='（２）ＫＰＩ達成進度'!T66 -> 0.8 | L10: 導入率
A11: 勞務費率 | B11: ='（１）收支狀況'!V72:V72 -> 0.17072535 | C11: 0.17790356 | D11: =B11-C11 -> -0.007178212 | E11: ='（１）收支狀況'!W66:W66 -> 0.1750928 | G11: 教育訓練-實施率(%) | H11: 1 | I11: ='（２）ＫＰＩ達成進度'!V72 -> 0.75 | J11: 0.75 | K11: ='（２）ＫＰＩ達成進度'!W66 -> 0.75 | L11: 實施率
A13: （３）業績構成比 | E13: ※單位：千元 | G13: （４）訂單數量構成比 | K13: ※單位：個
A14: 品群 | B14: 當週 | C14: 比例 | D14: 前週 | E14: 差異 | G14: 品群 | H14: 當週 | I14: 比例 | J14: 前週 | K14: 差異
A15: 主食(091,092,093,094,095) | B15: =SUM('（３）業績構成比'!M74:M80)/1000 -> 9076.4819 | C15: =IFERROR(B15/$B$6,"") -> 0.23860516 | D15: 0.24943554 | E15: =IFERROR(C15-D15,"") -> -0.010830383 | G15: 主食(091,092,093,094,095) | H15: =SUM('（４）訂單數量構成比'!M74:M80) -> 170302 | I15: =IFERROR(H15/$B$7,"") -> 0.14602592 | J15: 0.15130038 | K15: =IFERROR(I15-J15,"") -> -0.0052744579
A16: 熱食義麵(122,123,124,126) | B16: =SUM('（３）業績構成比'!Q74:Q80)/1000 -> 0 | C16: =IFERROR(B16/$B$6,"") -> 0 | D16: 0 | E16: =IFERROR(C16-D16,"") -> 0 | G16: 熱食義麵(122,123,124,126) | H16: 0 | I16: =IFERROR(H16/$B$7,"") -> 0 | J16: 0 | K16: =IFERROR(I16-J16,"") -> 0
A17: 季節調理麵(111,112) | B17: =SUM('（３）業績構成比'!S74:S80)/1000 -> 0 | C17: =IFERROR(B17/$B$6,"") -> 0 | D17: 0 | E17: =IFERROR(C17-D17,"") -> 0 | G17: 季節調理麵(111,112) | H17: 0 | I17: =IFERROR(H17/$B$7,"") -> 0 | J17: 0 | K17: =IFERROR(I17-J17,"") -> 0
A18: 微波小吃(153,154,155) | B18: =SUM('（３）業績構成比'!U74:U80)/1000 -> 946.62416 | C18: =IFERROR(B18/$B$6,"") -> 0.024885128 | D18: 0.02475664 | E18: =IFERROR(C18-D18,"") -> 0.00012848753 | G18: 微波小吃(153,154,155) | H18: =SUM('（４）訂單數量構成比'!U74:U80) -> 22632 | I18: =IFERROR(H18/$B$7,"") -> 0.019405871 | J18: 0.019115493 | K18: =IFERROR(I18-J18,"") -> 0.00029037802
A19: 三明治(106) | B19: =SUM('（３）業績構成比'!W74:W80)/1000 -> 13898.94 | C19: =IFERROR(B19/$B$6,"") -> 0.36537932 | D19: 0.395444 | E19: =IFERROR(C19-D19,"") -> -0.030064677 | G19: 三明治(106) | H19: =SUM('（４）訂單數量構成比'!W74:W80) -> 565182 | I19: =IFERROR(H19/$B$7,"") -> 0.48461687 | J19: 0.51957482 | K19: =IFERROR(I19-J19,"") -> -0.034957951
A20: 調理麵包(107) | B20: =SUM('（３）業績構成比'!Y74:Y80)/1000 -> 7980.1998 | C20: =IFERROR(B20/$B$6,"") -> 0.20978578 | D20: 0.16018385 | E20: =IFERROR(C20-D20,"") -> 0.049601939 | G20: 調理麵包(107) | H20: =SUM('（４）訂單數量構成比'!Y74:Y80) -> 252639 | I20: =IFERROR(H20/$B$7,"") -> 0.21662601 | J20: 0.1708294 | K20: =IFERROR(I20-J20,"") -> 0.045796613
A21: 沙拉(141) | B21: =SUM('（３）業績構成比'!AA74:AA80)/1000 -> 6137.5093 | C21: =IFERROR(B21/$B$6,"") -> 0.16134461 | D21: 0.17017997 | E21: =IFERROR(C21-D21,"") -> -0.0088353668 | G21: 沙拉(141) | H21: =SUM('（４）訂單數量構成比'!AA74:AA80) -> 155490 | I21: =IFERROR(H21/$B$7,"") -> 0.13332533 | J21: 0.13917991 | K21: =IFERROR(I21-J21,"") -> -0.0058545817
A22: 便當 | B22: =SUM('（３）業績構成比'!O74:O80)/1000 -> 0 | C22: =IFERROR(B22/$B$6,"") -> 0 | D22: 0 | E22: =IFERROR(C22-D22,"") -> 0 | G22: 便當 | H22: =SUM('（４）訂單數量構成比'!O74:O80) -> 0 | I22: =IFERROR(H22/$B$7,"") -> 0 | J22: 0 | K22: =IFERROR(I22-J22,"") -> 0
C23: =IFERROR(B23/$B$6,"") -> 0 | D23: 0 | E23: =IFERROR(C23-D23,"") -> 0 | I23: =IFERROR(H23/$B$7,"") -> 0 | J23: 0 | K23: =IFERROR(I23-J23,"") -> 0
C24: =SUM(C15:C23) -> 1 | D24: =SUM(D15:D23) -> 1 | I24: =SUM(I15:I23) -> 1 | J24: =SUM(J15:J23) -> 1
A26: （５）品群別人時生產性
A27: 品群 | B27: 當週 | C27: 前週 | D27: 差異 | E27: 累計
A28: 主食(091,092,093,094,095) | B28: ='（５-1）品群別人時生產性（4℃-主食）'!L207 -> 117.68198 | C28: 117.57454 | D28: =B28-C28 -> 0.10743716 | E28: ='（５-1）品群別人時生產性（4℃-主食）'!C1 -> 117.62826
A29: 熱食義麵(122,123,124,126) | B29: 0 | C29: 0 | D29: =B29-C29 -> 0 | E29: 0
A30: 季節調理麵(111,112) | B30: 0 | C30: 0 | D30: =B30-C30 -> 0 | E30: 0
A31: 微波小吃(153,154,155) | B31: ='（５-4）品群別人時生產性（4℃-微波小吃)'!L207 -> 84.577141 | C31: 84.207856 | D31: =B31-C31 -> 0.3692848 | E31: ='（５-4）品群別人時生產性（4℃-微波小吃)'!C1 -> 84.392499
A32: 三明治(106) | B32: ='（５-5）品群別人時生產性（4℃-三明治)'!L228 -> 132.73287 | C32: 132.86143 | D32: =B32-C32 -> -0.12855954 | E32: ='（５-5）品群別人時生產性（4℃-三明治)'!C1 -> 132.79715
A33: 調理麵包(107) | B33: ='（５-6）品群別人時生產性（4℃-調理麵包)'!L207 -> 293.11241 | C33: 280.26677 | D33: =B33-C33 -> 12.845636 | E33: ='（５-6）品群別人時生產性（4℃-調理麵包)'!C1 -> 286.68959
A34: 沙拉(141) | B34: ='（５-7）品群別人時生產性（4℃-沙拉)'!L207 -> 105.85411 | C34: 106.01762 | D34: =B34-C34 -> -0.16350848 | E34: ='（５-7）品群別人時生產性（4℃-沙拉)'!C1 -> 105.93587
A35: 便當 | B35: ='（５-1）品群別人時生產性（4℃-便當）'!L207 -> - | C35: - | D35: =B35-C35 -> #VALUE! | E35: ='（５-1）品群別人時生產性（4℃-便當）'!C1 -> #DIV/0!
D36: 0
A39: 三明治 １０６
A40: 調理麵包 １０７
A41: 沙拉 １４１

Sheet （１）收支狀況
B2: （１）收支狀況
B3: 資料繳交日 | C3: 月份 | D3: 日期 | F3: 營業額(元) | I3: 訂單數量(個) | L3: 材料費(元) | O3: 材料費率（材料費／營業額） | R3: 勞務成本（全廠人事成本） | U3: 勞務費率（勞務成本／營業額）
F4: 日 | G4: 週累積 | H4: 月累積 | I4: 日 | J4: 週累積 | K4: 月累積 | L4: 日 | M4: 週累積 | N4: 月累積 | O4: 日 | P4: 週累積 | Q4: 月累積 | R4: 日 | S4: 週累積 | T4: 月累積 | U4: 日 | V4: 週累積 | W4: 月累積
B5: =D17 -> 45882 | C5: 八 | D5: 45870 | E5: 五 | F5: ='（３）業績構成比'!F7 -> 4376902.4 | G5: =SUM(F5:F8) -> 20827993 | H5: =SUM(F5:F35) -> 1.7063649e+08 | I5: ='（４）訂單數量構成比'!F7 -> 126626 | J5: =SUM(I5:I8) -> 603449 | K5: =SUM(I5:I35) -> 4956065 | L5: 2914701.1 | M5: =SUM(L5:L8) -> 14609030 | N5: =SUM(L5:L35) -> 1.2031567e+08 | O5: =IFERROR(L5/F5,"") -> 0.66592784 | P5: =M5/G5 -> 0.70141323 | Q5: =N5/H5 -> 0.70509929 | R5: 879473.39 | S5: =SUM(R5:R8) -> 3602566.4 | T5: =SUM(R5:R35) -> 28193858 | U5: =IFERROR(R5/F5,"") -> 0.20093512 | V5: =S5/G5 -> 0.17296752 | W5: =T5/H5 -> 0.1652276
D6: 45871 | E6: 六 | F6: ='（３）業績構成比'!F8 -> 4635761.7 | I6: ='（４）訂單數量構成比'!F8 -> 132231 | L6: 3336553.7 | O6: =IFERROR(L6/F6,"") -> 0.71974227 | R6: 890278.88 | U6: =IFERROR(R6/F6,"") -> 0.19204587
D7: 45872 | E7: 日 | F7: ='（３）業績構成比'!F9 -> 5941913.1 | I7: ='（４）訂單數量構成比'!F9 -> 172946 | L7: 4251530.7 | O7: =IFERROR(L7/F7,"") -> 0.71551546 | R7: 873942.43 | U7: =IFERROR(R7/F7,"") -> 0.14708098
D8: 45873 | E8: 一 | F8: ='（３）業績構成比'!F10 -> 5873416.1 | I8: ='（４）訂單數量構成比'!F10 -> 171646 | L8: 4106244.5 | O8: =IFERROR(L8/F8,"") -> 0.69912371 | R8: 958871.67 | U8: =IFERROR(R8/F8,"") -> 0.16325621
D9: 45874 | E9: 二 | F9: ='（３）業績構成比'!F11 -> 6182700.1 | G9: =SUM(F9:F15) -> 38973977 | I9: ='（４）訂單數量構成比'!F11 -> 185947 | J9: =SUM(I9:I15) -> 1159872 | L9: 4317373.1 | M9: =SUM(L9:L15) -> 27196273 | O9: =IFERROR(L9/F9,"") -> 0.69829897 | P9: =M9/G9 -> 0.69780596 | R9: 973458.53 | S9: =SUM(R9:R15) -> 6523306.9 | U9: =IFERROR(R9/F9,"") -> 0.15744877 | V9: =S9/G9 -> 0.16737596
D10: 45875 | E10: 三 | F10: ='（３）業績構成比'!F12 -> 6008483.6 | I10: ='（４）訂單數量構成比'!F12 -> 179806 | L10: 4167843.5 | O10: =IFERROR(L10/F10,"") -> 0.69365979 | R10: 1011615.9 | U10: =IFERROR(R10/F10,"") -> 0.16836459
D11: 45876 | E11: 四 | F11: ='（３）業績構成比'!F13 -> 5578775.7 | I11: ='（４）訂單數量構成比'!F13 -> 167846 | L11: 3948565.4 | O11: =IFERROR(L11/F11,"") -> 0.70778351 | R11: 958610.28 | U11: =IFERROR(R11/F11,"") -> 0.17183166
D12: 45877 | E12: 五 | F12: ='（３）業績構成比'!F14 -> 4540704.5 | I12: ='（４）訂單數量構成比'!F14 -> 133441 | L12: 3136128.8 | O12: =IFERROR(L12/F12,"") -> 0.6906701 | R12: 918456.39 | U12: =IFERROR(R12/F12,"") -> 0.20227178
D13: 45878 | E13: 六 | F13: ='（３）業績構成比'!F15 -> 4698363 | I13: ='（４）訂單數量構成比'!F15 -> 136383 | L13: 3324455.1 | O13: =IFERROR(L13/F13,"") -> 0.70757732 | R13: 846441.95 | U13: =IFERROR(R13/F13,"") -> 0.18015678
D14: 45879 | E14: 日 | F14: ='（３）業績構成比'!F16 -> 6020434.1 | I14: ='（４）訂單數量構成比'!F16 -> 179198 | L14: 4164340.5 | O14: =IFERROR(L14/F14,"") -> 0.69170103 | R14: 855877.17 | U14: =IFERROR(R14/F14,"") -> 0.14216204
D15: 45880 | E15: 一 | F15: ='（３）業績構成比'!F17 -> 5944516 | I15: ='（４）訂單數量構成比'!F17 -> 177251 | L15: 4137567 | O15: =IFERROR(L15/F15,"") -> 0.69603093 | R15: 958846.71 | U15: =IFERROR(R15/F15,"") -> 0.16129937
B16: =D24 -> 45889 | D16: 45881 | E16: 二 | F16: ='（３）業績構成比'!F18 -> 5571060 | G16: =SUM(F16:F22) -> 36769734 | I16: ='（４）訂單數量構成比'!F18 -> 163807 | J16: =SUM(I16:I22) -> 1082673 | L16: 3965503.5 | M16: =SUM(L16:L22) -> 25835317 | O16: =IFERROR(L16/F16,"") -> 0.71180412 | P16: =M16/G16 -> 0.70262454 | R16: 941877.15 | S16: =SUM(R16:R22) -> 6176194.7 | U16: =IFERROR(R16/F16,"") -> 0.16906606 | V16: =S16/G16 -> 0.16796953
D17: 45882 | E17: 三 | F17: ='（３）業績構成比'!F19 -> 5601894.3 | I17: ='（４）訂單數量構成比'!F19 -> 165300 | L17: 3927389.9 | O17: =IFERROR(L17/F17,"") -> 0.70108247 | R17: 918616.62 | U17: =IFERROR(R17/F17,"") -> 0.16398321
D18: 45883 | E18: 四 | F18: ='（３）業績構成比'!F20 -> 5220507.7 | I18: ='（４）訂單數量構成比'!F20 -> 154459 | L18: 3599190.2 | O18: =IFERROR(L18/F18,"") -> 0.68943299 | R18: 892023.12 | U18: =IFERROR(R18/F18,"") -> 0.17086904
D19: 45884 | E19: 五 | F19: ='（３）業績構成比'!F21 -> 4456648 | I19: ='（４）訂單數量構成比'!F21 -> 129575 | L19: 3145612.5 | O19: =IFERROR(L19/F19,"") -> 0.70582474 | R19: 852394.56 | U19: =IFERROR(R19/F19,"") -> 0.1912636
D20: 45885 | E20: 六 | F20: ='（３）業績構成比'!F22 -> 4483117.5 | I20: ='（４）訂單數量構成比'!F22 -> 129760 | L20: 3180471.4 | O20: =IFERROR(L20/F20,"") -> 0.70943299 | R20: 826415.92 | U20: =IFERROR(R20/F20,"") -> 0.18433956
D21: 45886 | E21: 日 | F21: ='（３）業績構成比'!F23 -> 5735188.3 | I21: ='（４）訂單數量構成比'!F23 -> 169934 | L21: 4087060.7 | O21: =IFERROR(L21/F21,"") -> 0.71262887 | R21: 826385.08 | U21: =IFERROR(R21/F21,"") -> 0.14409031
D22: 45887 | E22: 一 | F22: ='（３）業績構成比'!F24 -> 5701317.8 | I22: ='（４）訂單數量構成比'!F24 -> 169838 | L22: 3930088.8 | O22: =IFERROR(L22/F22,"") -> 0.6893299 | R22: 918482.3 | U22: =IFERROR(R22/F22,"") -> 0.1611
B23: =D31 -> 45896 | D23: 45888 | E23: 二 | F23: ='（３）業績構成比'!F25 -> 6939236.5 | G23: =SUM(F23:F29) -> 41790039 | I23: ='（４）訂單數量構成比'!F25 -> 193634 | J23: =SUM(I23:I29) -> 1179305 | L23: 5126092.7 | M23: =SUM(L23:L29) -> 29847662 | O23: =IFERROR(L23/F23,"") -> 0.73871134 | P23: =M23/G23 -> 0.7142291 | R23: 917891.66 | S23: =SUM(R23:R29) -> 6478375.8 | U23: =IFERROR(R23/F23,"") -> 0.1322756 | V23: =S23/G23 -> 0.15502201
D24: 45889 | E24: 三 | F24: ='（３）業績構成比'!F26 -> 6333786.4 | I24: ='（４）訂單數量構成比'!F26 -> 180887 | L24: 4556734.9 | O24: =IFERROR(L24/F24,"") -> 0.71943299 | R24: 1030986.5 | U24: =IFERROR(R24/F24,"") -> 0.1627757
D25: 45890 | E25: 四 | F25: ='（３）業績構成比'!F27 -> 5963895.7 | I25: ='（４）訂單數量構成比'!F27 -> 170601 | L25: 4187331.1 | O25: =IFERROR(L25/F25,"") -> 0.7021134 | R25: 967364.37 | U25: =IFERROR(R25/F25,"") -> 0.16220344
D26: 45891 | E26: 五 | F26: ='（３）業績構成比'!F28 -> 4909451 | I26: ='（４）訂單數量構成比'!F28 -> 134952 | L26: 3583140 | O26: =IFERROR(L26/F26,"") -> 0.72984536 | R26: 895981.97 | U26: =IFERROR(R26/F26,"") -> 0.18250146
D27: 45892 | E27: 六 | F27: ='（３）業績構成比'!F29 -> 5147138.7 | I27: ='（４）訂單數量構成比'!F29 -> 140531 | L27: 3664285.2 | O27: =IFERROR(L27/F27,"") -> 0.71190722 | R27: 839624.8 | U27: =IFERROR(R27/F27,"") -> 0.16312457
D28: 45893 | E28: 日 | F28: ='（３）業績構成比'!F30 -> 6385967.1 | I28: ='（４）訂單數量構成比'!F30 -> 182419 | L28: 4502765.2 | O28: =IFERROR(L28/F28,"") -> 0.70510309 | R28: 869487.04 | U28: =IFERROR(R28/F28,"") -> 0.13615589
D29: 45894 | E29: 一 | F29: ='（３）業績構成比'!F31 -> 6110563.6 | I29: ='（４）訂單數量構成比'!F31 -> 176281 | L29: 4227313.1 | O29: =IFERROR(L29/F29,"") -> 0.69180412 | R29: 957039.43 | U29: =IFERROR(R29/F29,"") -> 0.15662048
B30: =D38 -> 45903 | D30: 45895 | E30: 二 | F30: ='（３）業績構成比'!F32 -> 5751890.8 | G30: =SUM(F30:F36) -> 38277517 | I30: ='（４）訂單數量構成比'!F32 -> 166644 | J30: =SUM(I30:I36) -> 1105998 | L30: 4112601.9 | M30: =SUM(L30:L36) -> 27040774 | O30: =IFERROR(L30/F30,"") -> 0.715 | P30: =M30/G30 -> 0.70644011 | R30: 953162.47 | S30: =SUM(R30:R36) -> 6420325.2 | U30: =IFERROR(R30/F30,"") -> 0.16571289 | V30: =S30/G30 -> 0.16773097
D31: 45896 | E31: 三 | F31: ='（３）業績構成比'!F33 -> 5656058.4 | I31: ='（４）訂單數量構成比'!F33 -> 164419 | L31: 4056909.9 | O31: =IFERROR(L31/F31,"") -> 0.71726804 | R31: 922677.27 | U31: =IFERROR(R31/F31,"") -> 0.16313079
D32: 45897 | E32: 四 | F32: ='（３）業績構成比'!F34 -> 5359266.3 | I32: ='（４）訂單數量構成比'!F34 -> 155645 | L32: 3756182.7 | O32: =IFERROR(L32/F32,"") -> 0.70087629 | R32: 915926.48 | U32: =IFERROR(R32/F32,"") -> 0.1709052
D33: 45898 | E33: 五 | F33: ='（３）業績構成比'!F35 -> 4553981.3 | I33: ='（４）訂單數量構成比'!F35 -> 129900 | L33: 3202106.1 | O33: =IFERROR(L33/F33,"") -> 0.70314433 | R33: 903047.26 | U33: =IFERROR(R33/F33,"") -> 0.19829841
D34: 45899 | E34: 六 | F34: ='（３）業績構成比'!F36 -> 4840642 | I34: ='（４）訂單數量構成比'!F36 -> 136235 | L34: 3386203.8 | O34: =IFERROR(L34/F34,"") -> 0.69953608 | R34: 836362.97 | U34: =IFERROR(R34/F34,"") -> 0.17277935
D35: 45900 | E35: 日 | F35: ='（３）業績構成比'!F37 -> 6112909.4 | I35: ='（４）訂單數量構成比'!F37 -> 177923 | L35: 4313382.3 | O35: =IFERROR(L35/F35,"") -> 0.70561856 | R35: 882237.65 | U35: =IFERROR(R35/F35,"") -> 0.14432369
C36: 九 | D36: 45901 | E36: 一 | F36: ='（３）業績構成比'!F38 -> 6002768.9 | H36: =SUM(F36:F65) -> 1.6954486e+08 | I36: ='（４）訂單數量構成比'!F38 -> 175232 | K36: =SUM(I36:I65) -> 5123862 | L36: 4213386.8 | N36: =SUM(L36:L65) -> 1.1799664e+08 | O36: =IFERROR(L36/F36,"") -> 0.70190722 | Q36: =N36/H36 -> 0.69596115 | R36: 1006911.1 | T36: =SUM(R36:R65) -> 28554124 | U36: =IFERROR(R36/F36,"") -> 0.1677411 | W36: =T36/H36 -> 0.16841633
D37: 45902 | E37: 二 | F37: ='（３）業績構成比'!F39 -> 6639488.4 | G37: =SUM(F37:F43) -> 40192283 | I37: ='（４）訂單數量構成比'!F39 -> 193593 | J37: =SUM(I37:I43) -> 1186458 | L37: 4697951.4 | M37: =SUM(L37:L43) -> 27970289 | O37: =IFERROR(L37/F37,"") -> 0.70757732 | P37: =M37/G37 -> 0.69591193 | R37: 1063249.6 | S37: =SUM(R37:R43) -> 6810329.3 | U37: =IFERROR(R37/F37,"") -> 0.16014029 | V37: =S37/G37 -> 0.16944371
D38: 45903 | E38: 三 | F38: ='（３）業績構成比'!F40 -> 6228436.4 | I38: ='（４）訂單數量構成比'!F40 -> 182804 | L38: 4292163.2 | O38: =IFERROR(L38/F38,"") -> 0.68912371 | R38: 988761.34 | U38: =IFERROR(R38/F38,"") -> 0.15874953
D39: 45904 | E39: 四 | F39: ='（３）業績構成比'!F41 -> 5632441.8 | I39: ='（４）訂單數量構成比'!F41 -> 168001 | L39: 3958677.5 | O39: =IFERROR(L39/F39,"") -> 0.70283505 | R39: 971018.78 | U39: =IFERROR(R39/F39,"") -> 0.17239748
D40: 45905 | E40: 五 | F40: ='（３）業績構成比'!F42 -> 4472239 | I40: ='（４）訂單數量構成比'!F42 -> 132042 | L40: 3171831.8 | O40: =IFERROR(L40/F40,"") -> 0.7092268 | R40: 898496.3 | U40: =IFERROR(R40/F40,"") -> 0.20090525
D41: 45906 | E41: 六 | F41: ='（３）業績構成比'!F43 -> 4788156 | I41: ='（４）訂單數量構成比'!F43 -> 139507 | L41: 3332704.7 | O41: =IFERROR(L41/F41,"") -> 0.69603093 | R41: 920494.31 | U41: =IFERROR(R41/F41,"") -> 0.19224401
D42: 45907 | E42: 日 | F42: ='（３）業績構成比'!F44 -> 6259452.2 | I42: ='（４）訂單數量構成比'!F44 -> 186596 | L42: 4249006.5 | O42: =IFERROR(L42/F42,"") -> 0.67881443 | R42: 988834.26 | U42: =IFERROR(R42/F42,"") -> 0.15797457
D43: 45908 | E43: 一 | F43: ='（３）業績構成比'!F45 -> 6172069 | I43: ='（４）訂單數量構成比'!F45 -> 183915 | L43: 4267953.9 | O43: =IFERROR(L43/F43,"") -> 0.69149485 | R43: 979474.75 | U43: =IFERROR(R43/F43,"") -> 0.15869472
D44: 45909 | E44: 二 | F44: ='（３）業績構成比'!F46 -> 5945144.5 | G44: =SUM(F44:F50) -> 39067121 | I44: ='（４）訂單數量構成比'!F46 -> 177865 | J44: =SUM(I44:I50) -> 1166143 | L44: 4111036.7 | M44: =SUM(L44:L50) -> 27164783 | O44: =IFERROR(L44/F44,"") -> 0.69149485 | P44: =M44/G44 -> 0.69533618 | R44: 992611.8 | S44: =SUM(R44:R50) -> 6685984.6 | U44: =IFERROR(R44/F44,"") -> 0.16696176 | V44: =S44/G44 -> 0.17114096
D45: 45910 | E45: 三 | F45: ='（３）業績構成比'!F47 -> 5803938.3 | I45: ='（４）訂單數量構成比'!F47 -> 175592 | L45: 4074424.5 | O45: =IFERROR(L45/F45,"") -> 0.70201031 | R45: 967643.43 | U45: =IFERROR(R45/F45,"") -> 0.16672187
D46: 45911 | E46: 四 | F46: ='（３）業績構成比'!F48 -> 5409403.6 | I46: ='（４）訂單數量構成比'!F48 -> 164410 | L46: 3789092 | O46: =IFERROR(L46/F46,"") -> 0.70046392 | R46: 961124.56 | U46: =IFERROR(R46/F46,"") -> 0.17767662
D47: 45912 | E47: 五 | F47: ='（３）業績構成比'!F49 -> 4572249 | I47: ='（４）訂單數量構成比'!F49 -> 134348 | L47: 3156972.9 | O47: =IFERROR(L47/F47,"") -> 0.69046392 | R47: 957542.32 | U47: =IFERROR(R47/F47,"") -> 0.2094248
D48: 45913 | E48: 六 | F48: ='（３）業績構成比'!F50 -> 4851151.9 | I48: ='（４）訂單數量構成比'!F50 -> 140458 | L48: 3335041.9 | O48: =IFERROR(L48/F48,"") -> 0.68747423 | R48: 902781.5 | U48: =IFERROR(R48/F48,"") -> 0.18609632
D49: 45914 | E49: 日 | F49: ='（３）業績構成比'!F51 -> 6253868.8 | I49: ='（４）訂單數量構成比'!F51 -> 186761 | L49: 4463134.7 | O49: =IFERROR(L49/F49,"") -> 0.71365979 | R49: 918406 | U49: =IFERROR(R49/F49,"") -> 0.14685406
D50: 45915 | E50: 一 | F50: ='（３）業績構成比'!F52 -> 6231365.4 | I50: ='（４）訂單數量構成比'!F52 -> 186709 | L50: 4235080.1 | O50: =IFERROR(L50/F50,"") -> 0.67963918 | R50: 985875 | U50: =IFERROR(R50/F50,"") -> 0.15821171
D51: 45916 | E51: 二 | F51: ='（３）業績構成比'!F53 -> 6265697.1 | G51: =SUM(F51:F57) -> 40141737 | I51: ='（４）訂單數量構成比'!F53 -> 194375 | J51: =SUM(I51:I57) -> 1236089 | L51: 4378559.5 | M51: =SUM(L51:L57) -> 27746243 | O51: =IFERROR(L51/F51,"") -> 0.69881443 | P51: =M51/G51 -> 0.69120683 | R51: 1044919.6 | S51: =SUM(R51:R57) -> 6658005.7 | U51: =IFERROR(R51/F51,"") -> 0.1667683 | V51: =S51/G51 -> 0.16586242
D52: 45917 | E52: 三 | F52: ='（３）業績構成比'!F54 -> 6072276.3 | I52: ='（４）訂單數量構成比'!F54 -> 188216 | L52: 4237760.2 | O52: =IFERROR(L52/F52,"") -> 0.6978866 | R52: 986591.17 | U52: =IFERROR(R52/F52,"") -> 0.16247468
D53: 45918 | E53: 四 | F53: ='（３）業績構成比'!F55 -> 5709151.7 | I53: ='（４）訂單數量構成比'!F55 -> 177826 | L53: 4029660.5 | O53: =IFERROR(L53/F53,"") -> 0.70582474 | R53: 993574.99 | U53: =IFERROR(R53/F53,"") -> 0.17403198
D54: 45919 | E54: 五 | F54: ='（３）業績構成比'!F56 -> 4674568.3 | I54: ='（４）訂單數量構成比'!F56 -> 142595 | L54: 3258945.2 | O54: =IFERROR(L54/F54,"") -> 0.69716495 | R54: 874519.47 | U54: =IFERROR(R54/F54,"") -> 0.18708026
D55: 45920 | E55: 六 | F55: ='（３）業績構成比'!F57 -> 4900519.3 | I55: ='（４）訂單數量構成比'!F57 -> 148182 | L55: 3409397.3 | O55: =IFERROR(L55/F55,"") -> 0.69572165 | R55: 910351.55 | U55: =IFERROR(R55/F55,"") -> 0.18576634
D56: 45921 | E56: 日 | F56: ='（３）業績構成比'!F58 -> 6327228.9 | I56: ='（４）訂單數量構成比'!F58 -> 194633 | L56: 4349154.5 | O56: =IFERROR(L56/F56,"") -> 0.68737113 | R56: 922554.43 | U56: =IFERROR(R56/F56,"") -> 0.14580703
D57: 45922 | E57: 一 | F57: ='（３）業績構成比'!F59 -> 6192295.3 | I57: ='（４）訂單數量構成比'!F59 -> 190262 | L57: 4082765.5 | O57: =IFERROR(L57/F57,"") -> 0.6593299 | R57: 925494.48 | U57: =IFERROR(R57/F57,"") -> 0.14945903
D58: 45923 | E58: 二 | F58: ='（３）業績構成比'!F60 -> 6204692.1 | G58: =SUM(F58:F64) -> 37900576 | I58: ='（４）訂單數量構成比'!F60 -> 193580 | J58: =SUM(I58:I64) -> 1166557 | L58: 4268764.2 | M58: =SUM(L58:L64) -> 26562301 | O58: =IFERROR(L58/F58,"") -> 0.68798969 | P58: =M58/G58 -> 0.70084163 | R58: 984454.1 | S58: =SUM(R58:R64) -> 6362270.8 | U58: =IFERROR(R58/F58,"") -> 0.15866285 | V58: =S58/G58 -> 0.16786739
D59: 45924 | E59: 三 | F59: ='（３）業績構成比'!F61 -> 6068582.9 | I59: ='（４）訂單數量構成比'!F61 -> 188192 | L59: 4206403.8 | O59: =IFERROR(L59/F59,"") -> 0.69314433 | R59: 954135.71 | U59: =IFERROR(R59/F59,"") -> 0.15722546
D60: 45925 | E60: 四 | F60: ='（３）業績構成比'!F62 -> 5545534.9 | I60: ='（４）訂單數量構成比'!F62 -> 172278 | L60: 3903313.3 | O60: =IFERROR(L60/F60,"") -> 0.70386598 | R60: 955466.57 | U60: =IFERROR(R60/F60,"") -> 0.17229475
D61: 45926 | E61: 五 | F61: ='（３）業績構成比'!F63 -> 4389261 | I61: ='（４）訂單數量構成比'!F63 -> 133617 | L61: 3151896.7 | O61: =IFERROR(L61/F61,"") -> 0.71809278 | R61: 861427.57 | U61: =IFERROR(R61/F61,"") -> 0.196258
D62: 45927 | E62: 六 | F62: ='（３）業績構成比'!F64 -> 4423149.8 | I62: ='（４）訂單數量構成比'!F64 -> 133344 | L62: 3144768.3 | O62: =IFERROR(L62/F62,"") -> 0.71097938 | R62: 827723.39 | U62: =IFERROR(R62/F62,"") -> 0.18713438
D63: 45928 | E63: 日 | F63: ='（３）業績構成比'!F65 -> 4811205.6 | I63: ='（４）訂單數量構成比'!F65 -> 145605 | L63: 3389419.9 | O63: =IFERROR(L63/F63,"") -> 0.70448454 | R63: 825068.11 | U63: =IFERROR(R63/F63,"") -> 0.17148885
D64: 45929 | E64: 一 | F64: ='（３）業績構成比'!F66 -> 6458149.9 | I64: ='（４）訂單數量構成比'!F66 -> 199941 | L64: 4497735.3 | O64: =IFERROR(L64/F64,"") -> 0.6964433 | R64: 953995.36 | U64: =IFERROR(R64/F64,"") -> 0.1477196
D65: 45930 | E65: 二 | F65: ='（３）業績構成比'!F67 -> 6240376.6 | G65: =SUM(F65:F71) -> 37041131 | I65: ='（４）訂單數量構成比'!F67 -> 193383 | J65: =SUM(I65:I71) -> 1146243 | L65: 4339635.1 | M65: =SUM(L65:L71) -> 25894137 | O65: =IFERROR(L65/F65,"") -> 0.69541237 | P65: =M65/G65 -> 0.69906445 | R65: 1030622 | S65: =SUM(R65:R71) -> 6589748.9 | U65: =IFERROR(R65/F65,"") -> 0.16515382 | V65: =S65/G65 -> 0.17790356
C66: 十 | D66: 45931 | E66: =RIGHT(TEXT(D66,"aaa"),1) -> 三 | F66: ='（３）業績構成比'!F68 -> 5968684.4 | H66: =SUM(F66:F96) -> 68840509 | I66: ='（４）訂單數量構成比'!F68 -> 186725 | K66: =SUM(I66:I96) -> 2119105 | L66: 4086702.8 | N66: =SUM(L66:L96) -> 48318206 | O66: =IFERROR(L66/F66,"") -> 0.68469072 | Q66: =N66/H66 -> 0.70188625 | R66: 986270.12 | T66: =SUM(R66:R96) -> 12053477 | U66: =IFERROR(R66/F66,"") -> 0.16524079 | W66: =T66/H66 -> 0.1750928
D67: 45932 | E67: =RIGHT(TEXT(D67,"aaa"),1) -> 四 | F67: ='（３）業績構成比'!F69 -> 5488740.5 | I67: ='（４）訂單數量構成比'!F69 -> 171980 | L67: 3930108 | O67: =IFERROR(L67/F67,"") -> 0.71603093 | R67: 935120.05 | U67: =IFERROR(R67/F67,"") -> 0.17037061
D68: 45933 | E68: =RIGHT(TEXT(D68,"aaa"),1) -> 五 | F68: ='（３）業績構成比'!F70 -> 4274146.5 | I68: ='（４）訂單數量構成比'!F70 -> 131535 | L68: 3074962 | O68: =IFERROR(L68/F68,"") -> 0.71943299 | R68: 843458.32 | U68: =IFERROR(R68/F68,"") -> 0.19733959
D69: 45934 | E69: =RIGHT(TEXT(D69,"aaa"),1) -> 六 | F69: ='（３）業績構成比'!F71 -> 4208871.7 | I69: ='（４）訂單數量構成比'!F71 -> 127425 | L69: 2961179.9 | O69: =IFERROR(L69/F69,"") -> 0.7035567 | R69: 848274.79 | U69: =IFERROR(R69/F69,"") -> 0.20154446
D70: 45935 | E70: =RIGHT(TEXT(D70,"aaa"),1) -> 日 | F70: ='（３）業績構成比'!F72 -> 4683513.2 | I70: ='（４）訂單數量構成比'!F72 -> 143171 | L70: 3192755.8 | O70: =IFERROR(L70/F70,"") -> 0.68170103 | R70: 926249.98 | U70: =IFERROR(R70/F70,"") -> 0.1977682
D71: 45936 | E71: =RIGHT(TEXT(D71,"aaa"),1) -> 一 | F71: ='（３）業績構成比'!F73 -> 6176797.6 | I71: ='（４）訂單數量構成比'!F73 -> 192024 | L71: 4308793.9 | O71: =IFERROR(L71/F71,"") -> 0.69757732 | R71: 1019753.7 | U71: =IFERROR(R71/F71,"") -> 0.16509423
D72: 45937 | E72: =RIGHT(TEXT(D72,"aaa"),1) -> 二 | F72: ='（３）業績構成比'!F74 -> 6380120.7 | G72: =SUM(F72:F78) -> 38039755 | I72: ='（４）訂單數量構成比'!F74 -> 198029 | J72: =SUM(I72:I78) -> 1166245 | L72: 4561786.3 | M72: =SUM(L72:L78) -> 26763704 | O72: =IFERROR(L72/F72,"") -> 0.715 | P72: =M72/G72 -> 0.70357194 | R72: 1040263.1 | S72: =SUM(R72:R78) -> 6494350.4 | U72: =IFERROR(R72/F72,"") -> 0.16304756 | V72: =S72/G72 -> 0.17072535
D73: 45938 | E73: =RIGHT(TEXT(D73,"aaa"),1) -> 三 | F73: ='（３）業績構成比'!F75 -> 5629987.8 | I73: ='（４）訂單數量構成比'!F75 -> 175504 | L73: 3969141.4 | O73: =IFERROR(L73/F73,"") -> 0.705 | R73: 947415.65 | U73: =IFERROR(R73/F73,"") -> 0.16828023
D74: 45939 | E74: =RIGHT(TEXT(D74,"aaa"),1) -> 四 | F74: ='（３）業績構成比'!F76 -> 4565439.8 | I74: ='（４）訂單數量構成比'!F76 -> 139920 | L74: 3213928.4 | O74: =IFERROR(L74/F74,"") -> 0.70396907 | R74: 825542.37 | U74: =IFERROR(R74/F74,"") -> 0.18082428
D75: 45940 | E75: =RIGHT(TEXT(D75,"aaa"),1) -> 五 | F75: ='（３）業績構成比'!F77 -> 4347157.4 | I75: ='（４）訂單數量構成比'!F77 -> 131230 | L75: 3041889.8 | O75: =IFERROR(L75/F75,"") -> 0.69974227 | R75: 854096.27 | U75: =IFERROR(R75/F75,"") -> 0.19647236
D76: 45941 | E76: =RIGHT(TEXT(D76,"aaa"),1) -> 六 | F76: ='（３）業績構成比'!F78 -> 4738977.3 | I76: ='（４）訂單數量構成比'!F78 -> 141185 | L76: 3344398.9 | O76: =IFERROR(L76/F76,"") -> 0.70572165 | R76: 908742.66 | U76: =IFERROR(R76/F76,"") -> 0.19175924
D77: 45942 | E77: =RIGHT(TEXT(D77,"aaa"),1) -> 日 | F77: ='（３）業績構成比'!F79 -> 6231751.4 | I77: ='（４）訂單數量構成比'!F79 -> 191217 | L77: 4378608.4 | O77: =IFERROR(L77/F77,"") -> 0.70262887 | R77: 996481.92 | U77: =IFERROR(R77/F77,"") -> 0.15990399
D78: 45943 | E78: =RIGHT(TEXT(D78,"aaa"),1) -> 一 | F78: ='（３）業績構成比'!F80 -> 6146320.6 | I78: ='（４）訂單數量構成比'!F80 -> 189160 | L78: 4253950.9 | O78: =IFERROR(L78/F78,"") -> 0.6921134 | R78: 921808.35 | U78: =IFERROR(R78/F78,"") -> 0.14997726
D79: 45944 | E79: =RIGHT(TEXT(D79,"aaa"),1) -> 二 | F79: ='（３）業績構成比'!F81 -> 0 | G79: =SUM(F79:F85) -> 0 | I79: ='（４）訂單數量構成比'!F81 -> 0 | J79: =SUM(I79:I85) -> 0 | M79: =SUM(L79:L85) -> 0 | O79: =IFERROR(L79/F79,"") | P79: =M79/G79 -> #DIV/0! | S79: =SUM(R79:R85) -> 0 | U79: =IFERROR(R79/F79,"") | V79: =S79/G79 -> #DIV/0!
D80: 45945 | E80: =RIGHT(TEXT(D80,"aaa"),1) -> 三 | F80: ='（３）業績構成比'!F82 -> 0 | I80: ='（４）訂單數量構成比'!F82 -> 0 | O80: =IFERROR(L80/F80,"") | U80: =IFERROR(R80/F80,"")
D81: 45946 | E81: =RIGHT(TEXT(D81,"aaa"),1) -> 四 | F81: ='（３）業績構成比'!F83 -> 0 | I81: ='（４）訂單數量構成比'!F83 -> 0 | O81: =IFERROR(L81/F81,"") | U81: =IFERROR(R81/F81,"")
D82: 45947 | E82: =RIGHT(TEXT(D82,"aaa"),1) -> 五 | F82: ='（３）業績構成比'!F84 -> 0 | I82: ='（４）訂單數量構成比'!F84 -> 0 | O82: =IFERROR(L82/F82,"") | U82: =IFERROR(R82/F82,"")
D83: 45948 | E83: =RIGHT(TEXT(D83,"aaa"),1) -> 六 | F83: ='（３）業績構成比'!F85 -> 0 | I83: ='（４）訂單數量構成比'!F85 -> 0 | O83: =IFERROR(L83/F83,"") | U83: =IFERROR(R83/F83,"")
D84: 45949 | E84: =RIGHT(TEXT(D84,"aaa"),1) -> 日 | F84: ='（３）業績構成比'!F86 -> 0 | I84: ='（４）訂單數量構成比'!F86 -> 0 | O84: =IFERROR(L84/F84,"") | U84: =IFERROR(R84/F84,"")
D85: 45950 | E85: =RIGHT(TEXT(D85,"aaa"),1) -> 一 | F85: ='（３）業績構成比'!F87 -> 0 | I85: ='（４）訂單數量構成比'!F87 -> 0 | O85: =IFERROR(L85/F85,"") | U85: =IFERROR(R85/F85,"")
D86: 45951 | E86: =RIGHT(TEXT(D86,"aaa"),1) -> 二 | F86: ='（３）業績構成比'!F88 -> 0 | G86: =SUM(F86:F92) -> 0 | I86: ='（４）訂單數量構成比'!F88 -> 0 | J86: =SUM(I86:I92) -> 0 | M86: =SUM(L86:L92) -> 0 | O86: =IFERROR(L86/F86,"") | P86: =M86/G86 -> #DIV/0! | S86: =SUM(R86:R92) -> 0 | U86: =IFERROR(R86/F86,"") | V86: =S86/G86 -> #DIV/0!
D87: 45952 | E87: =RIGHT(TEXT(D87,"aaa"),1) -> 三 | F87: ='（３）業績構成比'!F89 -> 0 | I87: ='（４）訂單數量構成比'!F89 -> 0 | O87: =IFERROR(L87/F87,"") | U87: =IFERROR(R87/F87,"")
D88: 45953 | E88: =RIGHT(TEXT(D88,"aaa"),1) -> 四 | F88: ='（３）業績構成比'!F90 -> 0 | I88: ='（４）訂單數量構成比'!F90 -> 0 | O88: =IFERROR(L88/F88,"") | U88: =IFERROR(R88/F88,"")
D89: 45954 | E89: =RIGHT(TEXT(D89,"aaa"),1) -> 五 | F89: ='（３）業績構成比'!F91 -> 0 | I89: ='（４）訂單數量構成比'!F91 -> 0 | O89: =IFERROR(L89/F89,"") | U89: =IFERROR(R89/F89,"")
D90: 45955 | E90: =RIGHT(TEXT(D90,"aaa"),1) -> 六 | F90: ='（３）業績構成比'!F92 -> 0 | I90: ='（４）訂單數量構成比'!F92 -> 0 | O90: =IFERROR(L90/F90,"") | U90: =IFERROR(R90/F90,"")
D91: 45956 | E91: =RIGHT(TEXT(D91,"aaa"),1) -> 日 | F91: ='（３）業績構成比'!F93 -> 0 | I91: ='（４）訂單數量構成比'!F93 -> 0 | O91: =IFERROR(L91/F91,"") | U91: =IFERROR(R91/F91,"")
D92: 45957 | E92: =RIGHT(TEXT(D92,"aaa"),1) -> 一 | F92: ='（３）業績構成比'!F94 -> 0 | I92: ='（４）訂單數量構成比'!F94 -> 0 | O92: =IFERROR(L92/F92,"") | U92: =IFERROR(R92/F92,"")
D93: 45958 | E93: =RIGHT(TEXT(D93,"aaa"),1) -> 二 | F93: ='（３）業績構成比'!F95 -> 0 | G93: =SUM(F93:F99) -> 0 | I93: ='（４）訂單數量構成比'!F95 -> 0 | J93: =SUM(I93:I99) -> 0 | M93: =SUM(L93:L99) -> 0 | O93: =IFERROR(L93/F93,"") | P93: =M93/G93 -> #DIV/0! | S93: =SUM(R93:R99) -> 0 | U93: =IFERROR(R93/F93,"") | V93: =S93/G93 -> #DIV/0!
D94: 45959 | E94: =RIGHT(TEXT(D94,"aaa"),1) -> 三 | F94: ='（３）業績構成比'!F96 -> 0 | I94: ='（４）訂單數量構成比'!F96 -> 0 | O94: =IFERROR(L94/F94,"") | U94: =IFERROR(R94/F94,"")
D95: 45960 | E95: =RIGHT(TEXT(D95,"aaa"),1) -> 四 | F95: ='（３）業績構成比'!F97 -> 0 | I95: ='（４）訂單數量構成比'!F97 -> 0 | O95: =IFERROR(L95/F95,"") | U95: =IFERROR(R95/F95,"")
D96: 45961 | E96: =RIGHT(TEXT(D96,"aaa"),1) -> 五 | F96: ='（３）業績構成比'!F98 -> 0 | I96: ='（４）訂單數量構成比'!F98 -> 0 | O96: =IFERROR(L96/F96,"") | U96: =IFERROR(R96/F96,"")

Sheet （２）ＫＰＩ達成進度
B1: 人時生產性基準值 | C1: 150.5
B2: （２）ＫＰＩ達成進度
B3: 資料繳交日 | C3: 月份 | D3: 日期 | F3: 人時生產性(個/人) | I3: 人時生產性達成率(%) | L3: 半成品報廢(%) | O3: 半成品超用(%) | R3: 固定產線-導入率(固定產線數/總產線數) | U3: 教育訓練-實施率(進度/計畫)
F4: 日 | G4: 週平均 | H4: 月平均 | I4: 日 | J4: 週平均 | K4: 月平均 | L4: 日 | M4: 週平均 | N4: 月平均 | O4: 日 | P4: 週平均 | Q4: 月平均 | R4: 日 | S4: 週平均 | T4: 月平均 | U4: 日 | V4: 週平均 | W4: 月平均
B5: =D17 -> 45882 | C5: 八 | D5: 45870 | E5: 五 | F5: 130.1 | G5: =AVERAGE(F5:F8) -> 134.7 | H5: =AVERAGEIF(F5:F35,"<>0") -> 136.63548 | I5: =F5/$C$1 -> 0.86445183 | J5: =AVERAGE(I5:I8) -> 0.89501661 | K5: =AVERAGEIF(I5:I35,"<>0") -> 0.90787697 | L5: 0.0024042963 | M5: =AVERAGE(L5:L8) -> 0.0024211186 | N5: =AVERAGEIF(L5:L35,"<>0") -> 0.0024262338 | O5: 0.0085958988 | P5: =AVERAGE(O5:O8) -> 0.0085787423 | Q5: =AVERAGEIF(O5:O35,"<>0") -> 0.0083806862 | R5: =(10-2)/10 -> 0.8 | S5: =AVERAGE(R5:R8) -> 0.8 | T5: =AVERAGEIF(R5:R35,"<>0") -> 0.8 | U5: 0.583 | V5: =AVERAGE(U5:U8) -> 0.583 | W5: =AVERAGEIF(U5:U35,"<>0") -> 0.60867742
D6: 45871 | E6: 六 | F6: 135.9 | I6: =F6/$C$1 -> 0.90299003 | L6: 0.0024062432 | O6: 0.0085932975 | R6: =(10-2)/10 -> 0.8 | U6: 0.583
D7: 45872 | E7: 日 | F7: 136.3 | I7: =F7/$C$1 -> 0.90564784 | L7: 0.0024375045 | O7: 0.0085624022 | R7: =(10-2)/10 -> 0.8 | U7: 0.583
D8: 45873 | E8: 一 | F8: 136.5 | I8: =F8/$C$1 -> 0.90697674 | L8: 0.0024364305 | O8: 0.0085633708 | R8: =(10-2)/10 -> 0.8 | U8: 0.583
D9: 45874 | E9: 二 | F9: 137.4 | G9: =AVERAGE(F9:F15) -> 137.35714 | I9: =F9/$C$1 -> 0.91295681 | J9: =AVERAGE(I9:I15) -> 0.91267205 | L9: 0.0024501382 | M9: =AVERAGE(L9:L15) -> 0.0024313113 | O9: 0.0085497936 | P9: =AVERAGE(O9:O15) -> 0.0085685374 | R9: =(10-2)/10 -> 0.8 | S9: =AVERAGE(R9:R15) -> 0.8 | U9: 0.583 | V9: =AVERAGE(U9:U15) -> 0.583
D10: 45875 | E10: 三 | F10: 137.3 | I10: =F10/$C$1 -> 0.91229236 | L10: 0.0024394275 | O10: 0.0085603163 | R10: =(10-2)/10 -> 0.8 | U10: 0.583
D11: 45876 | E11: 四 | F11: 137.5 | I11: =F11/$C$1 -> 0.91362126 | L11: 0.0024293054 | O11: 0.0085706045 | R11: =(10-2)/10 -> 0.8 | U11: 0.583
D12: 45877 | E12: 五 | F12: 137.2 | I12: =F12/$C$1 -> 0.91162791 | L12: 0.0024038032 | O12: 0.0085963468 | R12: =(10-2)/10 -> 0.8 | U12: 0.583
D13: 45878 | E13: 六 | F13: 137.2 | I13: =F13/$C$1 -> 0.91162791 | L13: 0.0024070235 | O13: 0.0085928994 | R13: =(10-2)/10 -> 0.8 | U13: 0.583
D14: 45879 | E14: 日 | F14: 137.5 | I14: =F14/$C$1 -> 0.91362126 | L14: 0.0024394553 | O14: 0.0085601469 | R14: =(10-2)/10 -> 0.8 | U14: 0.583
D15: 45880 | E15: 一 | F15: 137.4 | I15: =F15/$C$1 -> 0.91295681 | L15: 0.0024500262 | O15: 0.0085496548 | R15: =(10-2)/10 -> 0.8 | U15: 0.583
B16: =D24 -> 45889 | D16: 45881 | E16: 二 | F16: 138.2 | G16: =AVERAGE(F16:F22) -> 138.07143 | I16: =F16/$C$1 -> 0.91827243 | J16: =AVERAGE(I16:I22) -> 0.91741813 | L16: 0.0024293618 | M16: =AVERAGE(L16:L22) -> 0.002413715 | O16: 0.0085707263 | P16: =AVERAGE(O16:O22) -> 0.0085862571 | R16: =(10-2)/10 -> 0.8 | S16: =AVERAGE(R16:R22) -> 0.8 | U16: 0.583 | V16: =AVERAGE(U16:U22) -> 0.583
D17: 45882 | E17: 三 | F17: 138.2 | I17: =F17/$C$1 -> 0.91827243 | L17: 0.002399649 | O17: 0.0086003176 | R17: =(10-2)/10 -> 0.8 | U17: 0.583
D18: 45883 | E18: 四 | F18: 138.4 | I18: =F18/$C$1 -> 0.91960133 | L18: 0.0024003719 | O18: 0.0085997441 | R18: =(10-2)/10 -> 0.8 | U18: 0.583
D19: 45884 | E19: 五 | F19: 137.9 | I19: =F19/$C$1 -> 0.91627907 | L19: 0.0023998036 | O19: 0.0085998938 | R19: =(10-2)/10 -> 0.8 | U19: 0.583
D20: 45885 | E20: 六 | F20: 137.8 | I20: =F20/$C$1 -> 0.91561462 | L20: 0.0024021253 | O20: 0.0085977805 | R20: =(10-2)/10 -> 0.8 | U20: 0.583
D21: 45886 | E21: 日 | F21: 138 | I21: =F21/$C$1 -> 0.91694352 | L21: 0.002432445 | O21: 0.0085678268 | R21: =(10-2)/10 -> 0.8 | U21: 0.583
D22: 45887 | E22: 一 | F22: 138 | I22: =F22/$C$1 -> 0.91694352 | L22: 0.0024322482 | O22: 0.0085675104 | R22: =(10-2)/10 -> 0.8 | U22: 0.583
B23: =D24 -> 45889 | D23: 45888 | E23: 二 | F23: 134.9 | G23: =AVERAGE(F23:F29) -> 135.7 | I23: =F23/$C$1 -> 0.89634551 | J23: =AVERAGE(I23:I29) -> 0.90166113 | L23: 0.0024503402 | M23: =AVERAGE(L23:L29) -> 0.0024341466 | O23: 0.0085499535 | P23: =AVERAGE(O23:O29) -> 0.0084877557 | R23: =(10-2)/10 -> 0.8 | S23: =AVERAGE(R23:R29) -> 0.8 | U23: 0.625 | V23: =AVERAGE(U23:U29) -> 0.625
D24: 45889 | E24: 三 | F24: 135.2 | I24: =F24/$C$1 -> 0.89833887 | L24: 0.0024366578 | O24: 0.0085632838 | R24: =(10-2)/10 -> 0.8 | U24: 0.625
D25: 45890 | E25: 四 | F25: 135 | I25: =F25/$C$1 -> 0.89700997 | L25: 0.0024285636 | O25: 0.0085710722 | R25: =(10-2)/10 -> 0.8 | U25: 0.625
D26: 45891 | E26: 五 | F26: 136.4 | I26: =F26/$C$1 -> 0.90631229 | L26: 0.0024122249 | O26: 0.0085874348 | R26: =(10-2)/10 -> 0.8 | U26: 0.625
D27: 45892 | E27: 六 | F27: 136.5 | I27: =F27/$C$1 -> 0.90697674 | L27: 0.0024223342 | O27: 0.0085781175 | R27: =(10-2)/10 -> 0.8 | U27: 0.625
D28: 45893 | E28: 日 | F28: 136.4 | I28: =F28/$C$1 -> 0.90631229 | L28: 0.0024471141 | O28: 0.00855249 | R28: =(10-2)/10 -> 0.8 | U28: 0.625
D29: 45894 | E29: 一 | F29: 135.5 | I29: =F29/$C$1 -> 0.90033223 | L29: 0.0024417911 | O29: 0.0080119385 | R29: =(10-2)/10 -> 0.8 | U29: 0.625
B30: =D38 -> 45903 | D30: 45895 | E30: 二 | F30: 136.4 | G30: =AVERAGE(F30:F36) -> 136.7 | I30: =F30/$C$1 -> 0.90631229 | J30: =AVERAGE(I30:I36) -> 0.90830565 | L30: 0.0024306372 | M30: =AVERAGE(L30:L36) -> 0.0024304495 | O30: 0.0077275789 | P30: =AVERAGE(O30:O36) -> 0.0076896107 | R30: =(10-2)/10 -> 0.8 | S30: =AVERAGE(R30:R36) -> 0.8 | U30: 0.66666667 | V30: =AVERAGE(U30:U36) -> 0.66666667
D31: 45896 | E31: 三 | F31: 136.8 | I31: =F31/$C$1 -> 0.9089701 | L31: 0.0024267235 | O31: 0.0076750676 | R31: =(10-2)/10 -> 0.8 | U31: 0.66666667
D32: 45897 | E32: 四 | F32: 136.5 | I32: =F32/$C$1 -> 0.90697674 | L32: 0.0024308701 | O32: 0.0075018907 | R32: =(10-2)/10 -> 0.8 | U32: 0.66666667
D33: 45898 | E33: 五 | F33: 136.5 | I33: =F33/$C$1 -> 0.90697674 | L33: 0.0024039998 | O33: 0.0075406459 | R33: =(10-2)/10 -> 0.8 | U33: 0.66666667
D34: 45899 | E34: 六 | F34: 136 | I34: =F34/$C$1 -> 0.90365449 | L34: 0.0024406039 | O34: 0.0076337477 | R34: =(10-2)/10 -> 0.8 | U34: 0.66666667
D35: 45900 | E35: 日 | F35: 136.8 | I35: =F35/$C$1 -> 0.9089701 | L35: 0.0024417277 | O35: 0.0079095218 | R35: =(10-2)/10 -> 0.8 | U35: 0.66666667
C36: 九 | D36: 45901 | E36: 一 | F36: 137.9 | H36: =AVERAGEIF(F36:F65,"<>0") -> 140.37333 | I36: =F36/$C$1 -> 0.91627907 | K36: =AVERAGEIF(I36:I65,"<>0") -> 0.93271318 | L36: 0.0024385846 | N36: =AVERAGEIF(L36:L65,"<>0") -> 0.0024304511 | O36: 0.0078388225 | Q36: =AVERAGEIF(O36:O65,"<>0") -> 0.0076554308 | R36: =(10-2)/10 -> 0.8 | T36: =AVERAGEIF(R36:R65,"<>0") -> 0.8 | U36: 0.66666667 | W36: =AVERAGEIF(U36:U65,"<>0") -> 0.69868889
D37: 45902 | E37: 二 | F37: 136.9 | G37: =AVERAGE(F37:F43) -> 137.05714 | I37: =F37/$C$1 -> 0.90963455 | J37: =AVERAGE(I37:I43) -> 0.91067869 | L37: 0.0024493122 | M37: =AVERAGE(L37:L43) -> 0.0024304197 | O37: 0.0078141759 | P37: =AVERAGE(O37:O43) -> 0.0077841864 | R37: =(10-2)/10 -> 0.8 | S37: =AVERAGE(R37:R43) -> 0.8 | U37: 0.667 | V37: =AVERAGE(U37:U43) -> 0.667
D38: 45903 | E38: 三 | F38: 137 | I38: =F38/$C$1 -> 0.910299 | L38: 0.0024435314 | O38: 0.0075679299 | R38: =(10-2)/10 -> 0.8 | U38: 0.667
D39: 45904 | E39: 四 | F39: 137.4 | I39: =F39/$C$1 -> 0.91295681 | L39: 0.0024319417 | O39: 0.0077711837 | R39: =(10-2)/10 -> 0.8 | U39: 0.667
D40: 45905 | E40: 五 | F40: 137 | I40: =F40/$C$1 -> 0.910299 | L40: 0.0024020072 | O40: 0.0077562492 | R40: =(10-2)/10 -> 0.8 | U40: 0.667
D41: 45906 | E41: 六 | F41: 136.8 | I41: =F41/$C$1 -> 0.9089701 | L41: 0.0023997046 | O41: 0.0079002605 | R41: =(10-2)/10 -> 0.8 | U41: 0.667
D42: 45907 | E42: 日 | F42: 137 | I42: =F42/$C$1 -> 0.910299 | L42: 0.0024396176 | O42: 0.0077881048 | R42: =(10-2)/10 -> 0.8 | U42: 0.667
D43: 45908 | E43: 一 | F43: 137.3 | I43: =F43/$C$1 -> 0.91229236 | L43: 0.0024468229 | O43: 0.0078914008 | R43: =(10-2)/10 -> 0.8 | U43: 0.667
D44: 45909 | E44: 二 | F44: 139.8 | G44: =AVERAGE(F44:F50) -> 139.72857 | I44: =F44/$C$1 -> 0.92890365 | J44: =AVERAGE(I44:I50) -> 0.92842905 | L44: 0.0024471197 | M44: =AVERAGE(L44:L50) -> 0.0024318507 | O44: 0.0078526099 | P44: =AVERAGE(O44:O50) -> 0.0078135498 | R44: =(10-2)/10 -> 0.8 | S44: =AVERAGE(R44:R50) -> 0.8 | U44: 0.667 | V44: =AVERAGE(U44:U50) -> 0.667
D45: 45910 | E45: 三 | F45: 139.8 | I45: =F45/$C$1 -> 0.92890365 | L45: 0.0024496315 | O45: 0.0079738011 | R45: =(10-2)/10 -> 0.8 | U45: 0.667
D46: 45911 | E46: 四 | F46: 139.9 | I46: =F46/$C$1 -> 0.92956811 | L46: 0.0024355458 | O46: 0.007996534 | R46: =(10-2)/10 -> 0.8 | U46: 0.667
D47: 45912 | E47: 五 | F47: 139.8 | I47: =F47/$C$1 -> 0.92890365 | L47: 0.0024428985 | O47: 0.0075905316 | R47: =(10-2)/10 -> 0.8 | U47: 0.667
D48: 45913 | E48: 六 | F48: 139.9 | I48: =F48/$C$1 -> 0.92956811 | L48: 0.0024107409 | O48: 0.0079563392 | R48: =(10-2)/10 -> 0.8 | U48: 0.667
D49: 45914 | E49: 日 | F49: 139.3 | I49: =F49/$C$1 -> 0.9255814 | L49: 0.0024134021 | O49: 0.0076299666 | R49: =(10-2)/10 -> 0.8 | U49: 0.667
D50: 45915 | E50: 一 | F50: 139.6 | I50: =F50/$C$1 -> 0.92757475 | L50: 0.0024236165 | O50: 0.0076950663 | R50: =(10-2)/10 -> 0.8 | U50: 0.667
D51: 45916 | E51: 二 | F51: 142.3 | G51: =AVERAGE(F51:F57) -> 142.02857 | I51: =F51/$C$1 -> 0.94551495 | J51: =AVERAGE(I51:I57) -> 0.94371144 | L51: 0.0024475665 | M51: =AVERAGE(L51:L57) -> 0.0024317341 | O51: 0.0076764787 | P51: =AVERAGE(O51:O57) -> 0.0074741835 | R51: =(10-2)/10 -> 0.8 | S51: =AVERAGE(R51:R57) -> 0.8 | U51: 0.708 | V51: =AVERAGE(U51:U57) -> 0.708
D52: 45917 | E52: 三 | F52: 142 | I52: =F52/$C$1 -> 0.94352159 | L52: 0.0024504007 | O52: 0.0075272926 | R52: =(10-2)/10 -> 0.8 | U52: 0.708
D53: 45918 | E53: 四 | F53: 141.9 | I53: =F53/$C$1 -> 0.94285714 | L53: 0.0024501608 | O53: 0.0073771415 | R53: =(10-2)/10 -> 0.8 | U53: 0.708
D54: 45919 | E54: 五 | F54: 142.5 | I54: =F54/$C$1 -> 0.94684385 | L54: 0.0024087722 | O54: 0.0075177701 | R54: =(10-2)/10 -> 0.8 | U54: 0.708
D55: 45920 | E55: 六 | F55: 142.1 | I55: =F55/$C$1 -> 0.94418605 | L55: 0.0024122627 | O55: 0.0072931863 | R55: =(10-2)/10 -> 0.8 | U55: 0.708
D56: 45921 | E56: 日 | F56: 141.5 | I56: =F56/$C$1 -> 0.94019934 | L56: 0.002408089 | O56: 0.0074707492 | R56: =(10-2)/10 -> 0.8 | U56: 0.708
D57: 45922 | E57: 一 | F57: 141.9 | I57: =F57/$C$1 -> 0.94285714 | L57: 0.0024448866 | O57: 0.0074566663 | R57: =(10-2)/10 -> 0.8 | U57: 0.708
D58: 45923 | E58: 二 | F58: 143.4 | G58: =AVERAGE(F58:F64) -> 142.47143 | I58: =F58/$C$1 -> 0.95282392 | J58: =AVERAGE(I58:I64) -> 0.94665401 | L58: 0.0024437409 | M58: =AVERAGE(L58:L64) -> 0.0024246883 | O58: 0.0075853724 | P58: =AVERAGE(O58:O64) -> 0.0075344338 | R58: =(10-2)/10 -> 0.8 | S58: =AVERAGE(R58:R64) -> 0.8 | U58: 0.75 | V58: =AVERAGE(U58:U64) -> 0.75
D59: 45924 | E59: 三 | F59: 142.2 | I59: =F59/$C$1 -> 0.9448505 | L59: 0.0024410921 | O59: 0.0073500224 | R59: =(10-2)/10 -> 0.8 | U59: 0.75
D60: 45925 | E60: 四 | F60: 142.2 | I60: =F60/$C$1 -> 0.9448505 | L60: 0.002428873 | O60: 0.0075588813 | R60: =(10-2)/10 -> 0.8 | U60: 0.75
D61: 45926 | E61: 五 | F61: 142.6 | I61: =F61/$C$1 -> 0.94750831 | L61: 0.0023988594 | O61: 0.0075742978 | R61: =(10-2)/10 -> 0.8 | U61: 0.75
D62: 45927 | E62: 六 | F62: 142.5 | I62: =F62/$C$1 -> 0.94684385 | L62: 0.0024008932 | O62: 0.0074919326 | R62: =(10-2)/10 -> 0.8 | U62: 0.75
D63: 45928 | E63: 日 | F63: 142.3 | I63: =F63/$C$1 -> 0.94551495 | L63: 0.0024096829 | O63: 0.0075824779 | R63: =(10-2)/10 -> 0.8 | U63: 0.75
D64: 45929 | E64: 一 | F64: 142.1 | I64: =F64/$C$1 -> 0.94418605 | L64: 0.0024496768 | O64: 0.0075980521 | R64: =(10-2)/10 -> 0.8 | U64: 0.75
D65: 45930 | E65: 二 | F65: 144.3 | G65: =AVERAGE(F65:F71) -> 146.45714 | I65: =F65/$C$1 -> 0.95880399 | J65: =AVERAGE(I65:I71) -> 0.97313716 | L65: 0.0024440977 | M65: =AVERAGE(L65:L71) -> 0.002419751 | O65: 0.0075796259 | P65: =AVERAGE(O65:O71) -> 0.0073152536 | R65: =(10-2)/10 -> 0.8 | S65: =AVERAGE(R65:R71) -> 0.8 | U65: 0.75 | V65: =AVERAGE(U65:U71) -> 0.75
C66: 十 | D66: 45931 | E66: =RIGHT(TEXT(D66,"aaa"),1) -> 三 | F66: 146 | H66: =AVERAGEIF(F66:F96,"<>0") -> 146.78462 | I66: =F66/$C$1 -> 0.97009967 | K66: =AVERAGEIF(I66:I96,"<>0") -> 0.97531306 | L66: 0.0024301348 | N66: =AVERAGEIF(L66:L96,"<>0") -> 0.0024189558 | O66: 0.0073538083 | Q66: =AVERAGEIF(O66:O96,"<>0") -> 0.0073188614 | R66: =(10-2)/10 -> 0.8 | T66: =AVERAGEIF(R66:R96,"<>0") -> 0.8 | U66: 0.75 | W66: =AVERAGEIF(U66:U96,"<>0") -> 0.75
D67: 45932 | E67: =RIGHT(TEXT(D67,"aaa"),1) -> 四 | F67: 145.7 | I67: =F67/$C$1 -> 0.96810631 | L67: 0.0024288831 | O67: 0.007232542 | R67: =(10-2)/10 -> 0.8 | U67: 0.75
D68: 45933 | E68: =RIGHT(TEXT(D68,"aaa"),1) -> 五 | F68: 147.2 | I68: =F68/$C$1 -> 0.97807309 | L68: 0.0023938323 | O68: 0.0073604893 | R68: =(10-2)/10 -> 0.8 | U68: 0.75
D69: 45934 | E69: =RIGHT(TEXT(D69,"aaa"),1) -> 六 | F69: 147.1 | I69: =F69/$C$1 -> 0.97740864 | L69: 0.0023957418 | O69: 0.0072021702 | R69: =(10-2)/10 -> 0.8 | U69: 0.75
D70: 45935 | E70: =RIGHT(TEXT(D70,"aaa"),1) -> 日 | F70: 146.6 | I70: =F70/$C$1 -> 0.97408638 | L70: 0.0024056898 | O70: 0.0072335827 | R70: =(10-2)/10 -> 0.8 | U70: 0.75
D71: 45936 | E71: =RIGHT(TEXT(D71,"aaa"),1) -> 一 | F71: 148.3 | I71: =F71/$C$1 -> 0.98538206 | L71: 0.0024398776 | O71: 0.0072445566 | R71: =(10-2)/10 -> 0.8 | U71: 0.75
D72: 45937 | E72: =RIGHT(TEXT(D72,"aaa"),1) -> 二 | F72: 149.7 | G72: =AVERAGE(F72:F78) -> 146.75714 | I72: =F72/$C$1 -> 0.99468439 | J72: =AVERAGE(I72:I78) -> 0.97513052 | L72: 0.0024393363 | M72: =AVERAGE(L72:L78) -> 0.0024217523 | O72: 0.00731515 | P72: =AVERAGE(O72:O78) -> 0.0073597213 | R72: =(10-2)/10 -> 0.8 | S72: =AVERAGE(R72:R78) -> 0.8 | U72: 0.75 | V72: =AVERAGE(U72:U78) -> 0.75
D73: 45938 | E73: =RIGHT(TEXT(D73,"aaa"),1) -> 三 | F73: 145.7 | I73: =F73/$C$1 -> 0.96810631 | L73: 0.0024237406 | O73: 0.0073618614 | R73: =(10-2)/10 -> 0.8 | U73: 0.75
D74: 45939 | E74: =RIGHT(TEXT(D74,"aaa"),1) -> 四 | F74: 145.9 | I74: =F74/$C$1 -> 0.96943522 | L74: 0.0024031967 | O74: 0.0074320682 | R74: =(10-2)/10 -> 0.8 | U74: 0.75
D75: 45940 | E75: =RIGHT(TEXT(D75,"aaa"),1) -> 五 | F75: 146.1 | I75: =F75/$C$1 -> 0.97076412 | L75: 0.0023990689 | O75: 0.0072551572 | R75: =(10-2)/10 -> 0.8 | U75: 0.75
D76: 45941 | E76: =RIGHT(TEXT(D76,"aaa"),1) -> 六 | F76: 146.5 | I76: =F76/$C$1 -> 0.97342193 | L76: 0.0024083741 | O76: 0.0073425188 | R76: =(10-2)/10 -> 0.8 | U76: 0.75
D77: 45942 | E77: =RIGHT(TEXT(D77,"aaa"),1) -> 日 | F77: 146.6 | I77: =F77/$C$1 -> 0.97408638 | L77: 0.0024389147 | O77: 0.0074226212 | R77: =(10-2)/10 -> 0.8 | U77: 0.75
D78: 45943 | E78: =RIGHT(TEXT(D78,"aaa"),1) -> 一 | F78: 146.8 | I78: =F78/$C$1 -> 0.97541528 | L78: 0.0024396352 | O78: 0.0073886725 | R78: =(10-2)/10 -> 0.8 | U78: 0.75
D79: 45944 | E79: =RIGHT(TEXT(D79,"aaa"),1) -> 二 | G79: =AVERAGE(F79:F85) -> #DIV/0! | I79: =F79/$C$1 -> 0 | J79: =AVERAGE(I79:I85) -> 0 | M79: =AVERAGE(L79:L85) -> #DIV/0! | P79: =AVERAGE(O79:O85) -> #DIV/0! | S79: =AVERAGE(R79:R85) -> #DIV/0! | V79: =AVERAGE(U79:U85) -> #DIV/0!
D80: 45945 | E80: =RIGHT(TEXT(D80,"aaa"),1) -> 三 | I80: =F80/$C$1 -> 0
D81: 45946 | E81: =RIGHT(TEXT(D81,"aaa"),1) -> 四 | I81: =F81/$C$1 -> 0
D82: 45947 | E82: =RIGHT(TEXT(D82,"aaa"),1) -> 五 | I82: =F82/$C$1 -> 0
D83: 45948 | E83: =RIGHT(TEXT(D83,"aaa"),1) -> 六 | I83: =F83/$C$1 -> 0
D84: 45949 | E84: =RIGHT(TEXT(D84,"aaa"),1) -> 日 | I84: =F84/$C$1 -> 0
D85: 45950 | E85: =RIGHT(TEXT(D85,"aaa"),1) -> 一 | I85: =F85/$C$1 -> 0
D86: 45951 | E86: =RIGHT(TEXT(D86,"aaa"),1) -> 二 | G86: =AVERAGE(F86:F92) -> #DIV/0! | I86: =F86/$C$1 -> 0 | J86: =AVERAGE(I86:I92) -> 0 | M86: =AVERAGE(L86:L92) -> #DIV/0! | P86: =AVERAGE(O86:O92) -> #DIV/0! | S86: =AVERAGE(R86:R92) -> #DIV/0! | V86: =AVERAGE(U86:U92) -> #DIV/0!
D87: 45952 | E87: =RIGHT(TEXT(D87,"aaa"),1) -> 三 | I87: =F87/$C$1 -> 0
D88: 45953 | E88: =RIGHT(TEXT(D88,"aaa"),1) -> 四 | I88: =F88/$C$1 -> 0
D89: 45954 | E89: =RIGHT(TEXT(D89,"aaa"),1) -> 五 | I89: =F89/$C$1 -> 0
D90: 45955 | E90: =RIGHT(TEXT(D90,"aaa"),1) -> 六 | I90: =F90/$C$1 -> 0
D91: 45956 | E91: =RIGHT(TEXT(D91,"aaa"),1) -> 日 | I91: =F91/$C$1 -> 0
D92: 45957 | E92: =RIGHT(TEXT(D92,"aaa"),1) -> 一 | I92: =F92/$C$1 -> 0
D93: 45958 | E93: =RIGHT(TEXT(D93,"aaa"),1) -> 二 | G93: =AVERAGE(F93:F99) -> #DIV/0! | I93: =F93/$C$1 -> 0 | J93: =AVERAGE(I93:I99) -> 0 | M93: =AVERAGE(L93:L99) -> #DIV/0! | P93: =AVERAGE(O93:O99) -> #DIV/0! | S93: =AVERAGE(R93:R99) -> #DIV/0! | V93: =AVERAGE(U93:U99) -> #DIV/0!
D94: 45959 | E94: =RIGHT(TEXT(D94,"aaa"),1) -> 三 | I94: =F94/$C$1 -> 0
D95: 45960 | E95: =RIGHT(TEXT(D95,"aaa"),1) -> 四 | I95: =F95/$C$1 -> 0
D96: 45961 | E96: =RIGHT(TEXT(D96,"aaa"),1) -> 五 | I96: =F96/$C$1 -> 0

Sheet （３）業績構成比
B2: （3）業績構成比
B3: 資料繳交日 | C3: 月份 | D3: 日期 | F3: 營業額 | I3: 品類業績
I4: 主食 | O4: 便當 | Q4: 熱食義麵 | S4: 季節調理麵 | U4: 微波小吃 | W4: 三明治 | Y4: 調理麵包 | AA4: 沙拉
F5: 日 | G5: 週累積 | H5: 月累積 | I5: 一配 | K5: 二配 | M5: 合計 | O5: 一配 | Q5: 一配 | S5: 一配 | U5: 一配 | W5: 一配 | Y5: 一配 | AA5: 一配
I6: 業績(元) | J6: 比例(%) | K6: 業績(元) | L6: 比例(%) | M6: 業績(元) | N6: 比例(%) | O6: 業績(元) | P6: 比例(%) | Q6: 業績(元) | R6: 比例(%) | S6: 業績(元) | T6: 比例(%) | U6: 業績(元) | V6: 比例(%) | W6: 業績(元) | X6: 比例(%) | Y6: 業績(元) | Z6: 比例(%) | AA6: 業績(元) | AB6: 比例(%)
B7: =D19 -> 45882 | C7: 八 | D7: 45870 | E7: 五 | F7: =SUM(M7,Q7,S7,U7,W7,Y7,AA7) -> 4376902.4 | G7: =SUM(F7:F10) -> 20827993 | H7: =SUM(F7:F37) -> 1.7063649e+08 | I7: 372515.59 | J7: =I7/$F7 -> 0.085109412 | K7: 888085.12 | L7: =K7/$F7 -> 0.20290266 | M7: =SUM(I7+K7) -> 1260600.7 | N7: =M7/$F7 -> 0.28801207 | P7: =O7/$F7 -> 0 | R7: =Q7/$F7 -> 0 | T7: =S7/$F7 -> 0 | U7: 105036.38 | V7: =U7/$F7 -> 0.02399788 | W7: 1263256.8 | X7: =W7/$F7 -> 0.28861892 | Y7: 865376.31 | Z7: =Y7/$F7 -> 0.19771433 | AA7: 882632.15 | AB7: =AA7/$F7 -> 0.20165681
D8: 45871 | E8: 六 | F8: =SUM(M8,Q8,S8,U8,W8,Y8,AA8) -> 4635761.7 | I8: 405225.99 | J8: =I8/$F8 -> 0.087413032 | K8: 1044135.4 | L8: =K8/$F8 -> 0.22523492 | M8: =SUM(I8+K8) -> 1449361.4 | N8: =M8/$F8 -> 0.31264796 | P8: =O8/$F8 -> 0 | R8: =Q8/$F8 -> 0 | T8: =S8/$F8 -> 0 | U8: 113598.28 | V8: =U8/$F8 -> 0.024504771 | W8: 1270206.8 | X8: =W8/$F8 -> 0.27400174 | Y8: 895354.32 | Z8: =Y8/$F8 -> 0.19314071 | AA8: 907240.95 | AB8: =AA8/$F8 -> 0.19570483
D9: 45872 | E9: 日 | F9: =SUM(M9,Q9,S9,U9,W9,Y9,AA9) -> 5941913.1 | I9: 523628.12 | J9: =I9/$F9 -> 0.088124499 | K9: 1190992.3 | L9: =K9/$F9 -> 0.20043919 | M9: =SUM(I9+K9) -> 1714620.4 | N9: =M9/$F9 -> 0.28856369 | P9: =O9/$F9 -> 0 | R9: =Q9/$F9 -> 0 | T9: =S9/$F9 -> 0 | U9: 136925.1 | V9: =U9/$F9 -> 0.023043942 | W9: 1806951.1 | X9: =W9/$F9 -> 0.30410258 | Y9: 1090606.4 | Z9: =Y9/$F9 -> 0.18354466 | AA9: 1192810.1 | AB9: =AA9/$F9 -> 0.20074513
D10: 45873 | E10: 一 | F10: =SUM(M10,Q10,S10,U10,W10,Y10,AA10) -> 5873416.1 | I10: 511960.82 | J10: =I10/$F10 -> 0.087165767 | K10: 1161653.8 | L10: =K10/$F10 -> 0.19778163 | M10: =SUM(I10+K10) -> 1673614.6 | N10: =M10/$F10 -> 0.28494739 | P10: =O10/$F10 -> 0 | R10: =Q10/$F10 -> 0 | T10: =S10/$F10 -> 0 | U10: 131825.68 | V10: =U10/$F10 -> 0.022444465 | W10: 1829451.6 | X10: =W10/$F10 -> 0.31148 | Y10: 1067402 | Z10: =Y10/$F10 -> 0.18173444 | AA10: 1171122.2 | AB10: =AA10/$F10 -> 0.19939371
D11: 45874 | E11: 二 | F11: =SUM(M11,Q11,S11,U11,W11,Y11,AA11) -> 6182700.1 | G11: =SUM(F11:F17) -> 38973977 | I11: 459052.54 | J11: =I11/$F11 -> 0.074247906 | K11: 1163567.9 | L11: =K11/$F11 -> 0.18819738 | M11: =SUM(I11+K11) -> 1622620.5 | N11: =M11/$F11 -> 0.26244528 | P11: =O11/$F11 -> 0 | R11: =Q11/$F11 -> 0 | T11: =S11/$F11 -> 0 | U11: 132296.62 | V11: =U11/$F11 -> 0.021397871 | W11: 2146003.2 | X11: =W11/$F11 -> 0.34709805 | Y11: 1162367.8 | Z11: =Y11/$F11 -> 0.18800327 | AA11: 1119412 | AB11: =AA11/$F11 -> 0.18105553
D12: 45875 | E12: 三 | F12: =SUM(M12,Q12,S12,U12,W12,Y12,AA12) -> 6008483.6 | I12: 452918.16 | J12: =I12/$F12 -> 0.075379778 | K12: 1130580.7 | L12: =K12/$F12 -> 0.18816406 | M12: =SUM(I12+K12) -> 1583498.8 | N12: =M12/$F12 -> 0.26354384 | P12: =O12/$F12 -> 0 | R12: =Q12/$F12 -> 0 | T12: =S12/$F12 -> 0 | U12: 132169.34 | V12: =U12/$F12 -> 0.021997121 | W12: 2006641.3 | X12: =W12/$F12 -> 0.33396801 | Y12: 1155171.8 | Z12: =Y12/$F12 -> 0.1922568 | AA12: 1131002.3 | AB12: =AA12/$F12 -> 0.18823424
D13: 45876 | E13: 四 | F13: =SUM(M13,Q13,S13,U13,W13,Y13,AA13) -> 5578775.7 | I13: 432857.18 | J13: =I13/$F13 -> 0.077589995 | K13: 973130.68 | L13: =K13/$F13 -> 0.17443445 | M13: =SUM(I13+K13) -> 1405987.9 | N13: =M13/$F13 -> 0.25202445 | P13: =O13/$F13 -> 0 | R13: =Q13/$F13 -> 0 | T13: =S13/$F13 -> 0 | U13: 122332.16 | V13: =U13/$F13 -> 0.021928137 | W13: 1882360.8 | X13: =W13/$F13 -> 0.33741467 | Y13: 1070508.3 | Z13: =Y13/$F13 -> 0.19188946 | AA13: 1097586.6 | AB13: =AA13/$F13 -> 0.19674328
D14: 45877 | E14: 五 | F14: =SUM(M14,Q14,S14,U14,W14,Y14,AA14) -> 4540704.5 | I14: 355964.38 | J14: =I14/$F14 -> 0.078394087 | K14: 897669.55 | L14: =K14/$F14 -> 0.1976939 | M14: =SUM(I14+K14) -> 1253633.9 | N14: =M14/$F14 -> 0.27608798 | P14: =O14/$F14 -> 0 | R14: =Q14/$F14 -> 0 | T14: =S14/$F14 -> 0 | U14: 105236.76 | V14: =U14/$F14 -> 0.023176307 | W14: 1407850.3 | X14: =W14/$F14 -> 0.31005107 | Y14: 862332.2 | Z14: =Y14/$F14 -> 0.18991155 | AA14: 911651.3 | AB14: =AA14/$F14 -> 0.2007731
D15: 45878 | E15: 六 | F15: =SUM(M15,Q15,S15,U15,W15,Y15,AA15) -> 4698363 | I15: 371298.21 | J15: =I15/$F15 -> 0.079027145 | K15: 1030206.9 | L15: =K15/$F15 -> 0.21926932 | M15: =SUM(I15+K15) -> 1401505.1 | N15: =M15/$F15 -> 0.29829647 | P15: =O15/$F15 -> 0 | R15: =Q15/$F15 -> 0 | T15: =S15/$F15 -> 0 | U15: 110372.12 | V15: =U15/$F15 -> 0.023491612 | W15: 1420694.7 | X15: =W15/$F15 -> 0.3023808 | Y15: 849989.61 | Z15: =Y15/$F15 -> 0.18091187 | AA15: 915801.42 | AB15: =AA15/$F15 -> 0.19491926
D16: 45879 | E16: 日 | F16: =SUM(M16,Q16,S16,U16,W16,Y16,AA16) -> 6020434.1 | I16: 497251.32 | J16: =I16/$F16 -> 0.082593931 | K16: 1118899.8 | L16: =K16/$F16 -> 0.18585034 | M16: =SUM(I16+K16) -> 1616151.1 | N16: =M16/$F16 -> 0.26844428 | P16: =O16/$F16 -> 0 | R16: =Q16/$F16 -> 0 | T16: =S16/$F16 -> 0 | U16: 132622.92 | V16: =U16/$F16 -> 0.022028797 | W16: 2019966.6 | X16: =W16/$F16 -> 0.33551843 | Y16: 1063964.8 | Z16: =Y16/$F16 -> 0.17672559 | AA16: 1187728.7 | AB16: =AA16/$F16 -> 0.19728291
D17: 45880 | E17: 一 | F17: =SUM(M17,Q17,S17,U17,W17,Y17,AA17) -> 5944516 | I17: 480214.93 | J17: =I17/$F17 -> 0.080782847 | K17: 1101753.6 | L17: =K17/$F17 -> 0.18533949 | M17: =SUM(I17+K17) -> 1581968.5 | N17: =M17/$F17 -> 0.26612234 | P17: =O17/$F17 -> 0 | R17: =Q17/$F17 -> 0 | T17: =S17/$F17 -> 0 | U17: 125259.26 | V17: =U17/$F17 -> 0.021071398 | W17: 2011777.6 | X17: =W17/$F17 -> 0.3384258 | Y17: 1059609.7 | Z17: =Y17/$F17 -> 0.17824996 | AA17: 1165900.9 | AB17: =AA17/$F17 -> 0.19613051
B18: =D26 -> 45889 | D18: 45881 | E18: 二 | F18: =SUM(M18,Q18,S18,U18,W18,Y18,AA18) -> 5571060 | G18: =SUM(F18:F24) -> 36769734 | I18: 460679.93 | J18: =I18/$F18 -> 0.082691612 | K18: 1106375.6 | L18: =K18/$F18 -> 0.19859337 | M18: =SUM(I18+K18) -> 1567055.5 | N18: =M18/$F18 -> 0.28128498 | P18: =O18/$F18 -> 0 | R18: =Q18/$F18 -> 0 | T18: =S18/$F18 -> 0 | U18: 128326.04 | V18: =U18/$F18 -> 0.023034403 | W18: 1791243 | X18: =W18/$F18 -> 0.32152642 | Y18: 1005441.2 | Z18: =Y18/$F18 -> 0.18047575 | AA18: 1078994.2 | AB18: =AA18/$F18 -> 0.19367844
D19: 45882 | E19: 三 | F19: =SUM(M19,Q19,S19,U19,W19,Y19,AA19) -> 5601894.3 | I19: 427993.78 | J19: =I19/$F19 -> 0.076401617 | K19: 1086150.7 | L19: =K19/$F19 -> 0.1938899 | M19: =SUM(I19+K19) -> 1514144.5 | N19: =M19/$F19 -> 0.27029151 | P19: =O19/$F19 -> 0 | R19: =Q19/$F19 -> 0 | T19: =S19/$F19 -> 0 | U19: 135082.58 | V19: =U19/$F19 -> 0.024113732 | W19: 1804961.4 | X19: =W19/$F19 -> 0.32220554 | Y19: 1028716.8 | Z19: =Y19/$F19 -> 0.1836373 | AA19: 1118989.1 | AB19: =AA19/$F19 -> 0.19975191
D20: 45883 | E20: 四 | F20: =SUM(M20,Q20,S20,U20,W20,Y20,AA20) -> 5220507.7 | I20: 383265.48 | J20: =I20/$F20 -> 0.073415365 | K20: 964763.4 | L20: =K20/$F20 -> 0.1848026 | M20: =SUM(I20+K20) -> 1348028.9 | N20: =M20/$F20 -> 0.25821797 | P20: =O20/$F20 -> 0 | R20: =Q20/$F20 -> 0 | T20: =S20/$F20 -> 0 | U20: 127451.52 | V20: =U20/$F20 -> 0.024413626 | W20: 1684528.2 | X20: =W20/$F20 -> 0.32267517 | Y20: 982165.65 | Z20: =Y20/$F20 -> 0.18813604 | AA20: 1078333.4 | AB20: =AA20/$F20 -> 0.20655719
D21: 45884 | E21: 五 | F21: =SUM(M21,Q21,S21,U21,W21,Y21,AA21) -> 4456648 | I21: 322573.95 | J21: =I21/$F21 -> 0.072380396 | K21: 940366.55 | L21: =K21/$F21 -> 0.2110031 | M21: =SUM(I21+K21) -> 1262940.5 | N21: =M21/$F21 -> 0.2833835 | P21: =O21/$F21 -> 0 | R21: =Q21/$F21 -> 0 | T21: =S21/$F21 -> 0 | U21: 116160.66 | V21: =U21/$F21 -> 0.02606458 | W21: 1317139 | X21: =W21/$F21 -> 0.29554477 | Y21: 852684.58 | Z21: =Y21/$F21 -> 0.19132868 | AA21: 907723.26 | AB21: =AA21/$F21 -> 0.20367847
D22: 45885 | E22: 六 | F22: =SUM(M22,Q22,S22,U22,W22,Y22,AA22) -> 4483117.5 | I22: 324249.31 | J22: =I22/$F22 -> 0.072326748 | K22: 1031142.4 | L22: =K22/$F22 -> 0.23000565 | M22: =SUM(I22+K22) -> 1355391.7 | N22: =M22/$F22 -> 0.3023324 | P22: =O22/$F22 -> 0 | R22: =Q22/$F22 -> 0 | T22: =S22/$F22 -> 0 | U22: 111258.12 | V22: =U22/$F22 -> 0.024817132 | W22: 1316018.7 | X22: =W22/$F22 -> 0.2935499 | Y22: 863058.71 | Z22: =Y22/$F22 -> 0.19251307 | AA22: 837390.29 | AB22: =AA22/$F22 -> 0.1867875
D23: 45886 | E23: 日 | F23: =SUM(M23,Q23,S23,U23,W23,Y23,AA23) -> 5735188.3 | I23: 411696.6 | J23: =I23/$F23 -> 0.071784322 | K23: 1150121.2 | L23: =K23/$F23 -> 0.20053765 | M23: =SUM(I23+K23) -> 1561817.8 | N23: =M23/$F23 -> 0.27232197 | P23: =O23/$F23 -> 0 | R23: =Q23/$F23 -> 0 | T23: =S23/$F23 -> 0 | U23: 133100.62 | V23: =U23/$F23 -> 0.023207716 | W23: 1871886.6 | X23: =W23/$F23 -> 0.32638624 | Y23: 1072765.5 | Z23: =Y23/$F23 -> 0.18704974 | AA23: 1095617.9 | AB23: =AA23/$F23 -> 0.19103433
D24: 45887 | E24: 一 | F24: =SUM(M24,Q24,S24,U24,W24,Y24,AA24) -> 5701317.8 | I24: 403315.41 | J24: =I24/$F24 -> 0.070740734 | K24: 1115944.5 | L24: =K24/$F24 -> 0.19573448 | M24: =SUM(I24+K24) -> 1519259.9 | N24: =M24/$F24 -> 0.26647521 | P24: =O24/$F24 -> 0 | R24: =Q24/$F24 -> 0 | T24: =S24/$F24 -> 0 | U24: 129199.2 | V24: =U24/$F24 -> 0.022661287 | W24: 1906687.8 | X24: =W24/$F24 -> 0.33442931 | Y24: 1065194.1 | Z24: =Y24/$F24 -> 0.18683296 | AA24: 1080976.8 | AB24: =AA24/$F24 -> 0.18960122
B25: =D26 -> 45889 | D25: 45888 | E25: 二 | F25: =SUM(M25,Q25,S25,U25,W25,Y25,AA25,O25) -> 6939236.5 | G25: =SUM(F25:F31) -> 41790039 | I25: 391106.51 | J25: =I25/$F25 -> 0.056361605 | K25: 1139309 | L25: =K25/$F25 -> 0.16418362 | M25: =SUM(I25+K25) -> 1530415.5 | N25: =M25/$F25 -> 0.22054522 | O25: 860084.75 | P25: =O25/$F25 -> 0.12394516 | R25: =Q25/$F25 -> 0 | T25: =S25/$F25 -> 0 | U25: 132364.08 | V25: =U25/$F25 -> 0.019074732 | W25: 2072437.2 | X25: =W25/$F25 -> 0.29865493 | Y25: 1345441.9 | Z25: =Y25/$F25 -> 0.19388904 | AA25: 998493.1 | AB25: =AA25/$F25 -> 0.14389092
D26: 45889 | E26: 三 | F26: =SUM(M26,Q26,S26,U26,W26,Y26,AA26,O26) -> 6333786.4 | I26: 383099.98 | J26: =I26/$F26 -> 0.060485144 | K26: 1054399.7 | L26: =K26/$F26 -> 0.16647225 | M26: =SUM(I26+K26) -> 1437499.6 | N26: =M26/$F26 -> 0.22695739 | O26: 550695.95 | P26: =O26/$F26 -> 0.086945773 | R26: =Q26/$F26 -> 0 | T26: =S26/$F26 -> 0 | U26: 135241.62 | V26: =U26/$F26 -> 0.021352413 | W26: 1974722.6 | X26: =W26/$F26 -> 0.311776 | Y26: 1222776.3 | Z26: =Y26/$F26 -> 0.19305614 | AA26: 1012850.3 | AB26: =AA26/$F26 -> 0.15991229
D27: 45890 | E27: 四 | F27: =SUM(M27,Q27,S27,U27,W27,Y27,AA27,O27) -> 5963895.7 | I27: 346214.05 | J27: =I27/$F27 -> 0.058051661 | K27: 919375.91 | L27: =K27/$F27 -> 0.15415694 | M27: =SUM(I27+K27) -> 1265590 | N27: =M27/$F27 -> 0.2122086 | O27: 574464.1 | P27: =O27/$F27 -> 0.096323634 | R27: =Q27/$F27 -> 0 | T27: =S27/$F27 -> 0 | U27: 133785.56 | V27: =U27/$F27 -> 0.022432579 | W27: 1902200.4 | X27: =W27/$F27 -> 0.31895266 | Y27: 1131054.8 | Z27: =Y27/$F27 -> 0.18965033 | AA27: 956800.9 | AB27: =AA27/$F27 -> 0.1604322
D28: 45891 | E28: 五 | F28: =SUM(M28,Q28,S28,U28,W28,Y28,AA28,O28) -> 4909451 | I28: 282736.28 | J28: =I28/$F28 -> 0.057590203 | K28: 866178.92 | L28: =K28/$F28 -> 0.17643091 | M28: =SUM(I28+K28) -> 1148915.2 | N28: =M28/$F28 -> 0.23402112 | O28: 575090.55 | P28: =O28/$F28 -> 0.11713948 | R28: =Q28/$F28 -> 0 | T28: =S28/$F28 -> 0 | U28: 116678.78 | V28: =U28/$F28 -> 0.023766156 | W28: 1402007.5 | X28: =W28/$F28 -> 0.28557317 | Y28: 869601.73 | Z28: =Y28/$F28 -> 0.1771281 | AA28: 797157.24 | AB28: =AA28/$F28 -> 0.16237197
D29: 45892 | E29: 六 | F29: =SUM(M29,Q29,S29,U29,W29,Y29,AA29,O29) -> 5147138.7 | I29: 294074.44 | J29: =I29/$F29 -> 0.057133576 | K29: 1029693.9 | L29: =K29/$F29 -> 0.20005172 | M29: =SUM(I29+K29) -> 1323768.4 | N29: =M29/$F29 -> 0.25718529 | O29: 556244.82 | P29: =O29/$F29 -> 0.10806875 | R29: =Q29/$F29 -> 0 | T29: =S29/$F29 -> 0 | U29: 120447.62 | V29: =U29/$F29 -> 0.023400889 | W29: 1424678.9 | X29: =W29/$F29 -> 0.27679047 | Y29: 901832.65 | Z29: =Y29/$F29 -> 0.17521048 | AA29: 820166.29 | AB29: =AA29/$F29 -> 0.15934412
D30: 45893 | E30: 日 | F30: =SUM(M30,Q30,S30,U30,W30,Y30,AA30,O30) -> 6385967.1 | I30: 383618.07 | J30: =I30/$F30 -> 0.06007204 | K30: 1118037.3 | L30: =K30/$F30 -> 0.1750772 | M30: =SUM(I30+K30) -> 1501655.3 | N30: =M30/$F30 -> 0.23514924 | O30: 469030.5 | P30: =O30/$F30 -> 0.073447058 | R30: =Q30/$F30 -> 0 | T30: =S30/$F30 -> 0 | U30: 147674.06 | V30: =U30/$F30 -> 0.023124776 | W30: 2028552.9 | X30: =W30/$F30 -> 0.31765791 | Y30: 1155014.8 | Z30: =Y30/$F30 -> 0.18086764 | AA30: 1084039.5 | AB30: =AA30/$F30 -> 0.16975338
D31: 45894 | E31: 一 | F31: =SUM(M31,Q31,S31,U31,W31,Y31,AA31,O31) -> 6110563.6 | I31: 380873.35 | J31: =I31/$F31 -> 0.062330314 | K31: 1130537.5 | L31: =K31/$F31 -> 0.18501362 | M31: =SUM(I31+K31) -> 1511410.9 | N31: =M31/$F31 -> 0.24734393 | O31: 361280.25 | P31: =O31/$F31 -> 0.059123883 | R31: =Q31/$F31 -> 0 | T31: =S31/$F31 -> 0 | U31: 144334.48 | V31: =U31/$F31 -> 0.023620486 | W31: 2014012.7 | X31: =W31/$F31 -> 0.32959525 | Y31: 1018455.3 | Z31: =Y31/$F31 -> 0.16667125 | AA31: 1061070.1 | AB31: =AA31/$F31 -> 0.1736452
B32: =D40 -> 45903 | D32: 45895 | E32: 二 | F32: =SUM(M32,Q32,S32,U32,W32,Y32,AA32,O32) -> 5751890.8 | G32: =SUM(F32:F38) -> 38277517 | I32: 375740.98 | J32: =I32/$F32 -> 0.065324776 | K32: 1086162.5 | L32: =K32/$F32 -> 0.18883573 | M32: =SUM(I32+K32) -> 1461903.5 | N32: =M32/$F32 -> 0.2541605 | O32: 303644.43 | P32: =O32/$F32 -> 0.052790367 | R32: =Q32/$F32 -> 0 | T32: =S32/$F32 -> 0 | U32: 139102.14 | V32: =U32/$F32 -> 0.024183724 | W32: 1861457.6 | X32: =W32/$F32 -> 0.32362534 | Y32: 984346.63 | Z32: =Y32/$F32 -> 0.17113444 | AA32: 1001436.5 | AB32: =AA32/$F32 -> 0.17410562
D33: 45896 | E33: 三 | F33: =SUM(M33,Q33,S33,U33,W33,Y33,AA33,O33) -> 5656058.4 | I33: 355805.25 | J33: =I33/$F33 -> 0.062906927 | K33: 1009049.3 | L33: =K33/$F33 -> 0.1784015 | M33: =SUM(I33+K33) -> 1364854.6 | N33: =M33/$F33 -> 0.24130843 | O33: 304996.59 | P33: =O33/$F33 -> 0.053923876 | R33: =Q33/$F33 -> 0 | T33: =S33/$F33 -> 0 | U33: 138139.88 | V33: =U33/$F33 -> 0.024423348 | W33: 1843223.1 | X33: =W33/$F33 -> 0.32588474 | Y33: 998910.96 | Z33: =Y33/$F33 -> 0.17660903 | AA33: 1005933.3 | AB33: =AA33/$F33 -> 0.17785058
D34: 45897 | E34: 四 | F34: =SUM(M34,Q34,S34,U34,W34,Y34,AA34,O34) -> 5359266.3 | I34: 323566.18 | J34: =I34/$F34 -> 0.060375089 | K34: 928178.23 | L34: =K34/$F34 -> 0.17319129 | M34: =SUM(I34+K34) -> 1251744.4 | N34: =M34/$F34 -> 0.23356638 | O34: 305672.67 | P34: =O34/$F34 -> 0.05703629 | R34: =Q34/$F34 -> 0 | T34: =S34/$F34 -> 0 | U34: 131815.86 | V34: =U34/$F34 -> 0.024595878 | W34: 1731377.2 | X34: =W34/$F34 -> 0.32306235 | Y34: 978404.63 | Z34: =Y34/$F34 -> 0.18256317 | AA34: 960251.57 | AB34: =AA34/$F34 -> 0.17917594
D35: 45898 | E35: 五 | F35: =SUM(M35,Q35,S35,U35,W35,Y35,AA35,O35) -> 4553981.3 | I35: 278500.73 | J35: =I35/$F35 -> 0.061155441 | K35: 888931.77 | L35: =K35/$F35 -> 0.19519882 | M35: =SUM(I35+K35) -> 1167432.5 | N35: =M35/$F35 -> 0.25635426 | O35: 260544.33 | P35: =O35/$F35 -> 0.057212429 | R35: =Q35/$F35 -> 0 | T35: =S35/$F35 -> 0 | U35: 117064.56 | V35: =U35/$F35 -> 0.025705982 | W35: 1343987.6 | X35: =W35/$F35 -> 0.29512366 | Y35: 836771 | Z35: =Y35/$F35 -> 0.18374494 | AA35: 828181.25 | AB35: =AA35/$F35 -> 0.18185873
D36: 45899 | E36: 六 | F36: =SUM(M36,Q36,S36,U36,W36,Y36,AA36,O36) -> 4840642 | I36: 298825.06 | J36: =I36/$F36 -> 0.061732526 | K36: 1089823.6 | L36: =K36/$F36 -> 0.2251403 | M36: =SUM(I36+K36) -> 1388648.7 | N36: =M36/$F36 -> 0.28687283 | O36: 243050.76 | P36: =O36/$F36 -> 0.050210439 | R36: =Q36/$F36 -> 0 | T36: =S36/$F36 -> 0 | U36: 129707.64 | V36: =U36/$F36 -> 0.026795545 | W36: 1356114.9 | X36: =W36/$F36 -> 0.28015186 | Y36: 878969.04 | Z36: =Y36/$F36 -> 0.18158109 | AA36: 844151.06 | AB36: =AA36/$F36 -> 0.17438824
D37: 45900 | E37: 日 | F37: =SUM(M37,Q37,S37,U37,W37,Y37,AA37,O37) -> 6112909.4 | I37: 386861.84 | J37: =I37/$F37 -> 0.063286042 | K37: 1133721.1 | L37: =K37/$F37 -> 0.18546343 | M37: =SUM(I37+K37) -> 1520583 | N37: =M37/$F37 -> 0.24874947 | O37: 276432.21 | P37: =O37/$F37 -> 0.045221055 | R37: =Q37/$F37 -> 0 | T37: =S37/$F37 -> 0 | U37: 152575.58 | V37: =U37/$F37 -> 0.024959568 | W37: 1967941.3 | X37: =W37/$F37 -> 0.32193203 | Y37: 1092110.8 | Z37: =Y37/$F37 -> 0.17865647 | AA37: 1103266.4 | AB37: =AA37/$F37 -> 0.1804814
C38: 九 | D38: 45901 | E38: 一 | F38: =SUM(M38,Q38,S38,U38,W38,Y38,AA38,O38) -> 6002768.9 | H38: =SUM(F38:F67) -> 1.6954486e+08 | I38: 379960.05 | J38: =I38/$F38 -> 0.063297464 | K38: 1160941 | L38: =K38/$F38 -> 0.19340091 | M38: =SUM(I38+K38) -> 1540901 | N38: =M38/$F38 -> 0.25669838 | O38: 236797.02 | P38: =O38/$F38 -> 0.039447965 | R38: =Q38/$F38 -> 0 | T38: =S38/$F38 -> 0 | U38: 149127.98 | V38: =U38/$F38 -> 0.024843198 | W38: 1945256.4 | X38: =W38/$F38 -> 0.32405984 | Y38: 1059370.1 | Z38: =Y38/$F38 -> 0.17648023 | AA38: 1071316.5 | AB38: =AA38/$F38 -> 0.17847038
D39: 45902 | E39: 二 | F39: =SUM(M39,Q39,S39,U39,W39,Y39,AA39,O39) -> 6639488.4 | G39: =SUM(F39:F45) -> 40192283 | I39: 642171.27 | J39: =I39/$F39 -> 0.096719993 | K39: 1150709.1 | L39: =K39/$F39 -> 0.17331292 | M39: =SUM(I39+K39) -> 1792880.4 | N39: =M39/$F39 -> 0.27003292 | O39: 205950.87 | P39: =O39/$F39 -> 0.031019087 | R39: =Q39/$F39 -> 0 | T39: =S39/$F39 -> 0 | U39: 140033.76 | V39: =U39/$F39 -> 0.021091047 | W39: 2126449.5 | X39: =W39/$F39 -> 0.3202731 | Y39: 1042351.9 | Z39: =Y39/$F39 -> 0.1569928 | AA39: 1331821.9 | AB39: =AA39/$F39 -> 0.20059105
D40: 45903 | E40: 三 | F40: =SUM(M40,Q40,S40,U40,W40,Y40,AA40,O40) -> 6228436.4 | I40: 596146.7 | J40: =I40/$F40 -> 0.095713701 | K40: 1051043.3 | L40: =K40/$F40 -> 0.16874914 | M40: =SUM(I40+K40) -> 1647190 | N40: =M40/$F40 -> 0.26446284 | O40: 169696.08 | P40: =O40/$F40 -> 0.027245374 | R40: =Q40/$F40 -> 0 | T40: =S40/$F40 -> 0 | U40: 144052.54 | V40: =U40/$F40 -> 0.023128203 | W40: 2021656.6 | X40: =W40/$F40 -> 0.32458493 | Y40: 1018128.1 | Z40: =Y40/$F40 -> 0.16346448 | AA40: 1227713.1 | AB40: =AA40/$F40 -> 0.19711417
D41: 45904 | E41: 四 | F41: =SUM(M41,Q41,S41,U41,W41,Y41,AA41,O41) -> 5632441.8 | I41: 465250.56 | J41: =I41/$F41 -> 0.082601929 | K41: 867218.43 | L41: =K41/$F41 -> 0.15396847 | M41: =SUM(I41+K41) -> 1332469 | N41: =M41/$F41 -> 0.2365704 | O41: 155836.44 | P41: =O41/$F41 -> 0.027667652 | R41: =Q41/$F41 -> 0 | T41: =S41/$F41 -> 0 | U41: 134755.46 | V41: =U41/$F41 -> 0.023924874 | W41: 1911944.3 | X41: =W41/$F41 -> 0.33945212 | Y41: 940100.69 | Z41: =Y41/$F41 -> 0.16690819 | AA41: 1157335.9 | AB41: =AA41/$F41 -> 0.20547676
D42: 45905 | E42: 五 | F42: =SUM(M42,Q42,S42,U42,W42,Y42,AA42,O42) -> 4472239 | I42: 213109.94 | J42: =I42/$F42 -> 0.047651734 | K42: 821451.73 | L42: =K42/$F42 -> 0.18367796 | M42: =SUM(I42+K42) -> 1034561.7 | N42: =M42/$F42 -> 0.23132969 | O42: 134793.45 | P42: =O42/$F42 -> 0.030140037 | R42: =Q42/$F42 -> 0 | T42: =S42/$F42 -> 0 | U42: 113346.4 | V42: =U42/$F42 -> 0.025344442 | W42: 1463306.1 | X42: =W42/$F42 -> 0.32719766 | Y42: 776924.23 | Z42: =Y42/$F42 -> 0.17372154 | AA42: 949307.1 | AB42: =AA42/$F42 -> 0.21226663
D43: 45906 | E43: 六 | F43: =SUM(M43,Q43,S43,U43,W43,Y43,AA43,O43) -> 4788156 | I43: 217977.39 | J43: =I43/$F43 -> 0.045524287 | K43: 984321.1 | L43: =K43/$F43 -> 0.20557415 | M43: =SUM(I43+K43) -> 1202298.5 | N43: =M43/$F43 -> 0.25109843 | O43: 134032.86 | P43: =O43/$F43 -> 0.027992584 | R43: =Q43/$F43 -> 0 | T43: =S43/$F43 -> 0 | U43: 125778.06 | V43: =U43/$F43 -> 0.02626858 | W43: 1488353.9 | X43: =W43/$F43 -> 0.31084073 | Y43: 828963.21 | Z43: =Y43/$F43 -> 0.17312786 | AA43: 1008729.5 | AB43: =AA43/$F43 -> 0.21067181
D44: 45907 | E44: 日 | F44: =SUM(M44,Q44,S44,U44,W44,Y44,AA44,O44) -> 6259452.2 | I44: 312789.85 | J44: =I44/$F44 -> 0.049970802 | K44: 1131246.9 | L44: =K44/$F44 -> 0.18072618 | M44: =SUM(I44+K44) -> 1444036.8 | N44: =M44/$F44 -> 0.23069699 | O44: 165132.54 | P44: =O44/$F44 -> 0.026381308 | R44: =Q44/$F44 -> 0 | T44: =S44/$F44 -> 0 | U44: 153323.6 | V44: =U44/$F44 -> 0.024494731 | W44: 2152649.5 | X44: =W44/$F44 -> 0.34390381 | Y44: 1064588.9 | Z44: =Y44/$F44 -> 0.17007701 | AA44: 1279720.9 | AB44: =AA44/$F44 -> 0.20444615
D45: 45908 | E45: 一 | F45: =SUM(M45,Q45,S45,U45,W45,Y45,AA45,O45) -> 6172069 | I45: 322882.82 | J45: =I45/$F45 -> 0.052313547 | K45: 1137243.1 | L45: =K45/$F45 -> 0.18425638 | M45: =SUM(I45+K45) -> 1460125.9 | N45: =M45/$F45 -> 0.23656992 | O45: 143582.49 | P45: =O45/$F45 -> 0.023263267 | R45: =Q45/$F45 -> 0 | T45: =S45/$F45 -> 0 | U45: 147956.78 | V45: =U45/$F45 -> 0.023971991 | W45: 2107043 | X45: =W45/$F45 -> 0.34138357 | Y45: 1070586 | Z45: =Y45/$F45 -> 0.17345658 | AA45: 1242774.9 | AB45: =AA45/$F45 -> 0.20135466
D46: 45909 | E46: 二 | F46: =SUM(M46,Q46,S46,U46,W46,Y46,AA46,O46) -> 5945144.5 | G46: =SUM(F46:F52) -> 39067121 | I46: 314020.34 | J46: =I46/$F46 -> 0.052819632 | K46: 1114847 | L46: =K46/$F46 -> 0.18752227 | M46: =SUM(I46+K46) -> 1428867.3 | N46: =M46/$F46 -> 0.2403419 | O46: 129807.36 | P46: =O46/$F46 -> 0.021834181 | R46: =Q46/$F46 -> 0 | T46: =S46/$F46 -> 0 | U46: 138142.36 | V46: =U46/$F46 -> 0.023236165 | W46: 2051082.1 | X46: =W46/$F46 -> 0.34500122 | Y46: 1025802.7 | Z46: =Y46/$F46 -> 0.17254463 | AA46: 1171442.6 | AB46: =AA46/$F46 -> 0.19704191
D47: 45910 | E47: 三 | F47: =SUM(M47,Q47,S47,U47,W47,Y47,AA47,O47) -> 5803938.3 | I47: 283514.44 | J47: =I47/$F47 -> 0.048848631 | K47: 995899.73 | L47: =K47/$F47 -> 0.17159034 | M47: =SUM(I47+K47) -> 1279414.2 | N47: =M47/$F47 -> 0.22043897 | O47: 103271.22 | P47: =O47/$F47 -> 0.017793301 | R47: =Q47/$F47 -> 0 | T47: =S47/$F47 -> 0 | U47: 135729.44 | V47: =U47/$F47 -> 0.023385748 | W47: 2047567.2 | X47: =W47/$F47 -> 0.35278927 | Y47: 1035902.7 | Z47: =Y47/$F47 -> 0.17848273 | AA47: 1202053.6 | AB47: =AA47/$F47 -> 0.20710999
D48: 45911 | E48: 四 | F48: =SUM(M48,Q48,S48,U48,W48,Y48,AA48,O48) -> 5409403.6 | I48: 255949.71 | J48: =I48/$F48 -> 0.047315698 | K48: 870039.3 | L48: =K48/$F48 -> 0.1608383 | M48: =SUM(I48+K48) -> 1125989 | N48: =M48/$F48 -> 0.208154 | O48: 91270.8 | P48: =O48/$F48 -> 0.016872618 | R48: =Q48/$F48 -> 0 | T48: =S48/$F48 -> 0 | U48: 125574.18 | V48: =U48/$F48 -> 0.023214053 | W48: 1959659.9 | X48: =W48/$F48 -> 0.36226912 | Y48: 964635.8 | Z48: =Y48/$F48 -> 0.17832572 | AA48: 1142273.9 | AB48: =AA48/$F48 -> 0.21116448
D49: 45912 | E49: 五 | F49: =SUM(M49,Q49,S49,U49,W49,Y49,AA49,O49) -> 4572249 | I49: 388822.82 | J49: =I49/$F49 -> 0.085039731 | K49: 853762.79 | L49: =K49/$F49 -> 0.1867271 | M49: =SUM(I49+K49) -> 1242585.6 | N49: =M49/$F49 -> 0.27176683 | O49: 83918.43 | P49: =O49/$F49 -> 0.018353863 | R49: =Q49/$F49 -> 0 | T49: =S49/$F49 -> 0 | U49: 109971.8 | V49: =U49/$F49 -> 0.024052015 | W49: 1480003.4 | X49: =W49/$F49 -> 0.32369265 | Y49: 815398.48 | Z49: =Y49/$F49 -> 0.17833641 | AA49: 840371.25 | AB49: =AA49/$F49 -> 0.18379823
D50: 45913 | E50: 六 | F50: =SUM(M50,Q50,S50,U50,W50,Y50,AA50,O50) -> 4851151.9 | I50: 413740.67 | J50: =I50/$F50 -> 0.085287099 | K50: 1021955.4 | L50: =K50/$F50 -> 0.21066242 | M50: =SUM(I50+K50) -> 1435696.1 | N50: =M50/$F50 -> 0.29594952 | O50: 88650.99 | P50: =O50/$F50 -> 0.018274215 | R50: =Q50/$F50 -> 0 | T50: =S50/$F50 -> 0 | U50: 123745.42 | V50: =U50/$F50 -> 0.025508461 | W50: 1481534.6 | X50: =W50/$F50 -> 0.30539851 | Y50: 859835.54 | Z50: =Y50/$F50 -> 0.17724358 | AA50: 861689.29 | AB50: =AA50/$F50 -> 0.17762571
D51: 45914 | E51: 日 | F51: =SUM(M51,Q51,S51,U51,W51,Y51,AA51,O51) -> 6253868.8 | I51: 421877.57 | J51: =I51/$F51 -> 0.067458654 | K51: 1184972.6 | L51: =K51/$F51 -> 0.18947832 | M51: =SUM(I51+K51) -> 1606850.1 | N51: =M51/$F51 -> 0.25693697 | O51: 106144.56 | P51: =O51/$F51 -> 0.016972623 | R51: =Q51/$F51 -> 0 | T51: =S51/$F51 -> 0 | U51: 148645.22 | V51: =U51/$F51 -> 0.023768522 | W51: 2180734.4 | X51: =W51/$F51 -> 0.34870165 | Y51: 1068612.3 | Z51: =Y51/$F51 -> 0.1708722 | AA51: 1142882.2 | AB51: =AA51/$F51 -> 0.18274803
D52: 45915 | E52: 一 | F52: =SUM(M52,Q52,S52,U52,W52,Y52,AA52,O52) -> 6231365.4 | I52: 424396.27 | J52: =I52/$F52 -> 0.068106465 | K52: 1170838.9 | L52: =K52/$F52 -> 0.18789443 | M52: =SUM(I52+K52) -> 1595235.1 | N52: =M52/$F52 -> 0.2560009 | O52: 92453.94 | P52: =O52/$F52 -> 0.014836867 | R52: =Q52/$F52 -> 0 | T52: =S52/$F52 -> 0 | U52: 145785.92 | V52: =U52/$F52 -> 0.023395502 | W52: 2190550.9 | X52: =W52/$F52 -> 0.35153626 | Y52: 1081349.9 | Z52: =Y52/$F52 -> 0.17353338 | AA52: 1125989.6 | AB52: =AA52/$F52 -> 0.18069709
D53: 45916 | E53: 二 | F53: =SUM(M53,Q53,S53,U53,W53,Y53,AA53,O53) -> 6265697.1 | G53: =SUM(F53:F59) -> 40141737 | I53: 493887.42 | J53: =I53/$F53 -> 0.078824018 | K53: 1126165.3 | L53: =K53/$F53 -> 0.17973504 | M53: =SUM(I53+K53) -> 1620052.7 | N53: =M53/$F53 -> 0.25855906 | P53: =O53/$F53 -> 0 | R53: =Q53/$F53 -> 0 | T53: =S53/$F53 -> 0 | U53: 135764.26 | V53: =U53/$F53 -> 0.021667862 | W53: 2488659.6 | X53: =W53/$F53 -> 0.39718799 | Y53: 934205.79 | Z53: =Y53/$F53 -> 0.14909846 | AA53: 1087014.7 | AB53: =AA53/$F53 -> 0.17348663
D54: 45917 | E54: 三 | F54: =SUM(M54,Q54,S54,U54,W54,Y54,AA54,O54) -> 6072276.3 | I54: 493443.19 | J54: =I54/$F54 -> 0.08126165 | K54: 1002641.1 | L54: =K54/$F54 -> 0.16511784 | M54: =SUM(I54+K54) -> 1496084.3 | N54: =M54/$F54 -> 0.24637949 | P54: =O54/$F54 -> 0 | R54: =Q54/$F54 -> 0 | T54: =S54/$F54 -> 0 | U54: 141313.9 | V54: =U54/$F54 -> 0.023271981 | W54: 2358303.2 | X54: =W54/$F54 -> 0.38837219 | Y54: 962509.34 | Z54: =Y54/$F54 -> 0.15850882 | AA54: 1114065.5 | AB54: =AA54/$F54 -> 0.18346752
D55: 45918 | E55: 四 | F55: =SUM(M55,Q55,S55,U55,W55,Y55,AA55,O55) -> 5709151.7 | I55: 504214.76 | J55: =I55/$F55 -> 0.088316931 | K55: 851299.13 | L55: =K55/$F55 -> 0.14911132 | M55: =SUM(I55+K55) -> 1355513.9 | N55: =M55/$F55 -> 0.23742825 | P55: =O55/$F55 -> 0 | R55: =Q55/$F55 -> 0 | T55: =S55/$F55 -> 0 | U55: 131958.36 | V55: =U55/$F55 -> 0.023113479 | W55: 2253315.7 | X55: =W55/$F55 -> 0.39468485 | Y55: 909319.48 | Z55: =Y55/$F55 -> 0.15927401 | AA55: 1059044.3 | AB55: =AA55/$F55 -> 0.18549941
D56: 45919 | E56: 五 | F56: =SUM(M56,Q56,S56,U56,W56,Y56,AA56,O56) -> 4674568.3 | I56: 432737.01 | J56: =I56/$F56 -> 0.092572614 | K56: 802623.26 | L56: =K56/$F56 -> 0.17169997 | M56: =SUM(I56+K56) -> 1235360.3 | N56: =M56/$F56 -> 0.26427259 | P56: =O56/$F56 -> 0 | R56: =Q56/$F56 -> 0 | T56: =S56/$F56 -> 0 | U56: 108236.52 | V56: =U56/$F56 -> 0.023154335 | W56: 1748367 | X56: =W56/$F56 -> 0.37401678 | Y56: 737615.72 | Z56: =Y56/$F56 -> 0.15779333 | AA56: 844988.83 | AB56: =AA56/$F56 -> 0.18076297
D57: 45920 | E57: 六 | F57: =SUM(M57,Q57,S57,U57,W57,Y57,AA57,O57) -> 4900519.3 | I57: 432171.78 | J57: =I57/$F57 -> 0.088188977 | K57: 935026.19 | L57: =K57/$F57 -> 0.19080145 | M57: =SUM(I57+K57) -> 1367198 | N57: =M57/$F57 -> 0.27899043 | P57: =O57/$F57 -> 0 | R57: =Q57/$F57 -> 0 | T57: =S57/$F57 -> 0 | U57: 121231.14 | V57: =U57/$F57 -> 0.024738427 | W57: 1781181.6 | X57: =W57/$F57 -> 0.36346794 | Y57: 770785.95 | Z57: =Y57/$F57 -> 0.15728659 | AA57: 860122.58 | AB57: =AA57/$F57 -> 0.17551662
D58: 45921 | E58: 日 | F58: =SUM(M58,Q58,S58,U58,W58,Y58,AA58,O58) -> 6327228.9 | I58: 497964.59 | J58: =I58/$F58 -> 0.078701846 | K58: 1091604.9 | L58: =K58/$F58 -> 0.17252495 | M58: =SUM(I58+K58) -> 1589569.4 | N58: =M58/$F58 -> 0.2512268 | P58: =O58/$F58 -> 0 | R58: =Q58/$F58 -> 0 | T58: =S58/$F58 -> 0 | U58: 148917.82 | V58: =U58/$F58 -> 0.023536025 | W58: 2441037.2 | X58: =W58/$F58 -> 0.38579878 | Y58: 994244.43 | Z58: =Y58/$F58 -> 0.15713742 | AA58: 1153460 | AB58: =AA58/$F58 -> 0.18230098
D59: 45922 | E59: 一 | F59: =SUM(M59,Q59,S59,U59,W59,Y59,AA59,O59) -> 6192295.3 | I59: 478278.16 | J59: =I59/$F59 -> 0.077237621 | K59: 1084987.9 | L59: =K59/$F59 -> 0.17521579 | M59: =SUM(I59+K59) -> 1563266.1 | N59: =M59/$F59 -> 0.25245342 | P59: =O59/$F59 -> 0 | R59: =Q59/$F59 -> 0 | T59: =S59/$F59 -> 0 | U59: 146699.2 | V59: =U59/$F59 -> 0.023690601 | W59: 2374889.9 | X59: =W59/$F59 -> 0.38352336 | Y59: 994117.99 | Z59: =Y59/$F59 -> 0.16054111 | AA59: 1113322.1 | AB59: =AA59/$F59 -> 0.17979151
D60: 45923 | E60: 二 | F60: =SUM(M60,Q60,S60,U60,W60,Y60,AA60,O60) -> 6204692.1 | G60: =SUM(F60:F66) -> 37900576 | I60: 459354.6 | J60: =I60/$F60 -> 0.074033424 | K60: 1060456.9 | L60: =K60/$F60 -> 0.1709121 | M60: =SUM(I60+K60) -> 1519811.5 | N60: =M60/$F60 -> 0.24494552 | P60: =O60/$F60 -> 0 | R60: =Q60/$F60 -> 0 | T60: =S60/$F60 -> 0 | U60: 142903.32 | V60: =U60/$F60 -> 0.023031493 | W60: 2527527.1 | X60: =W60/$F60 -> 0.40735738 | Y60: 948669.59 | Z60: =Y60/$F60 -> 0.15289551 | AA60: 1065780.6 | AB60: =AA60/$F60 -> 0.1717701
D61: 45924 | E61: 三 | F61: =SUM(M61,Q61,S61,U61,W61,Y61,AA61,O61) -> 6068582.9 | I61: 489412.33 | J61: =I61/$F61 -> 0.080646889 | K61: 1024690.4 | L61: =K61/$F61 -> 0.16885167 | M61: =SUM(I61+K61) -> 1514102.7 | N61: =M61/$F61 -> 0.24949856 | P61: =O61/$F61 -> 0 | R61: =Q61/$F61 -> 0 | T61: =S61/$F61 -> 0 | U61: 145280.98 | V61: =U61/$F61 -> 0.023939853 | W61: 2421645.6 | X61: =W61/$F61 -> 0.3990463 | Y61: 933817.86 | Z61: =Y61/$F61 -> 0.15387742 | AA61: 1053735.8 | AB61: =AA61/$F61 -> 0.17363787
D62: 45925 | E62: 四 | F62: =SUM(M62,Q62,S62,U62,W62,Y62,AA62,O62) -> 5545534.9 | I62: 449514.75 | J62: =I62/$F62 -> 0.081058862 | K62: 921601.17 | L62: =K62/$F62 -> 0.16618797 | M62: =SUM(I62+K62) -> 1371115.9 | N62: =M62/$F62 -> 0.24724683 | P62: =O62/$F62 -> 0 | R62: =Q62/$F62 -> 0 | T62: =S62/$F62 -> 0 | U62: 136582.8 | V62: =U62/$F62 -> 0.024629328 | W62: 2222701.9 | X62: =W62/$F62 -> 0.40080928 | Y62: 883437.04 | Z62: =Y62/$F62 -> 0.15930601 | AA62: 931697.26 | AB62: =AA62/$F62 -> 0.16800855
D63: 45926 | E63: 五 | F63: =SUM(M63,Q63,S63,U63,W63,Y63,AA63,O63) -> 4389261 | I63: 337407.45 | J63: =I63/$F63 -> 0.076871129 | K63: 843606 | L63: =K63/$F63 -> 0.19219773 | M63: =SUM(I63+K63) -> 1181013.4 | N63: =M63/$F63 -> 0.26906886 | P63: =O63/$F63 -> 0 | R63: =Q63/$F63 -> 0 | T63: =S63/$F63 -> 0 | U63: 120682.14 | V63: =U63/$F63 -> 0.027494865 | W63: 1616399 | X63: =W63/$F63 -> 0.36826222 | Y63: 750466.13 | Z63: =Y63/$F63 -> 0.17097779 | AA63: 720700.32 | AB63: =AA63/$F63 -> 0.16419628
D64: 45927 | E64: 六 | F64: =SUM(M64,Q64,S64,U64,W64,Y64,AA64,O64) -> 4423149.8 | I64: 338994.39 | J64: =I64/$F64 -> 0.076640948 | K64: 900651.04 | L64: =K64/$F64 -> 0.2036221 | M64: =SUM(I64+K64) -> 1239645.4 | N64: =M64/$F64 -> 0.28026305 | P64: =O64/$F64 -> 0 | R64: =Q64/$F64 -> 0 | T64: =S64/$F64 -> 0 | U64: 123106.88 | V64: =U64/$F64 -> 0.027832401 | W64: 1553429.3 | X64: =W64/$F64 -> 0.35120432 | Y64: 767932.75 | Z64: =Y64/$F64 -> 0.17361672 | AA64: 739035.4 | AB64: =AA64/$F64 -> 0.16708351
D65: 45928 | E65: 日 | F65: =SUM(M65,Q65,S65,U65,W65,Y65,AA65,O65) -> 4811205.6 | I65: 356820.62 | J65: =I65/$F65 -> 0.074164493 | K65: 1002809.8 | L65: =K65/$F65 -> 0.20843212 | M65: =SUM(I65+K65) -> 1359630.4 | N65: =M65/$F65 -> 0.28259661 | P65: =O65/$F65 -> 0 | R65: =Q65/$F65 -> 0 | T65: =S65/$F65 -> 0 | U65: 125596.5 | V65: =U65/$F65 -> 0.026104996 | W65: 1732063 | X65: =W65/$F65 -> 0.36000603 | Y65: 828829.15 | Z65: =Y65/$F65 -> 0.17227058 | AA65: 765086.52 | AB65: =AA65/$F65 -> 0.15902179
D66: 45929 | E66: 一 | F66: =SUM(M66,Q66,S66,U66,W66,Y66,AA66,O66) -> 6458149.9 | I66: 511938.96 | J66: =I66/$F66 -> 0.079270219 | K66: 1106044.1 | L66: =K66/$F66 -> 0.1712633 | M66: =SUM(I66+K66) -> 1617983 | N66: =M66/$F66 -> 0.25053352 | P66: =O66/$F66 -> 0 | R66: =Q66/$F66 -> 0 | T66: =S66/$F66 -> 0 | U66: 157046.28 | V66: =U66/$F66 -> 0.024317534 | W66: 2565349.3 | X66: =W66/$F66 -> 0.39722665 | Y66: 1015066.8 | Z66: =Y66/$F66 -> 0.1571761 | AA66: 1102704.6 | AB66: =AA66/$F66 -> 0.1707462
D67: 45930 | E67: 二 | F67: =SUM(M67,Q67,S67,U67,W67,Y67,AA67,O67) -> 6240376.6 | G67: =SUM(F67:F73) -> 37041131 | I67: 471375.46 | J67: =I67/$F67 -> 0.075536381 | K67: 1090735.9 | L67: =K67/$F67 -> 0.17478687 | M67: =SUM(I67+K67) -> 1562111.4 | N67: =M67/$F67 -> 0.25032325 | P67: =O67/$F67 -> 0 | R67: =Q67/$F67 -> 0 | T67: =S67/$F67 -> 0 | U67: 146903.86 | V67: =U67/$F67 -> 0.023540865 | W67: 2503950 | X67: =W67/$F67 -> 0.40124983 | Y67: 973166.03 | Z67: =Y67/$F67 -> 0.15594668 | AA67: 1054245.3 | AB67: =AA67/$F67 -> 0.16893937
C68: 十 | D68: 45931 | E68: =RIGHT(TEXT(D68,"AAA"),1) -> 三 | F68: =SUM(M68,Q68,S68,U68,W68,Y68,AA68,O68) -> 5968684.4 | H68: =SUM(F68:F98) -> 68840509 | I68: 446471.79 | J68: =I68/$F68 -> 0.074802378 | K68: 957866.52 | L68: =K68/$F68 -> 0.16048202 | M68: =SUM(I68+K68) -> 1404338.3 | N68: =M68/$F68 -> 0.2352844 | P68: =O68/$F68 -> 0 | R68: =Q68/$F68 -> 0 | T68: =S68/$F68 -> 0 | U68: 139539.86 | V68: =U68/$F68 -> 0.023378663 | W68: 2465790.9 | X68: =W68/$F68 -> 0.41312134 | Y68: 927810.08 | Z68: =Y68/$F68 -> 0.15544633 | AA68: 1031205.3 | AB68: =AA68/$F68 -> 0.17276927
D69: 45932 | E69: =RIGHT(TEXT(D69,"AAA"),1) -> 四 | F69: =SUM(M69,Q69,S69,U69,W69,Y69,AA69,O69) -> 5488740.5 | I69: 397636.39 | J69: =I69/$F69 -> 0.072445835 | K69: 849429.48 | L69: =K69/$F69 -> 0.15475854 | M69: =SUM(I69+K69) -> 1247065.9 | N69: =M69/$F69 -> 0.22720438 | P69: =O69/$F69 -> 0 | R69: =Q69/$F69 -> 0 | T69: =S69/$F69 -> 0 | U69: 133080.34 | V69: =U69/$F69 -> 0.024246062 | W69: 2268480.8 | X69: =W69/$F69 -> 0.41329715 | Y69: 874513.21 | Z69: =Y69/$F69 -> 0.15932858 | AA69: 965600.25 | AB69: =AA69/$F69 -> 0.17592383
D70: 45933 | E70: =RIGHT(TEXT(D70,"AAA"),1) -> 五 | F70: =SUM(M70,Q70,S70,U70,W70,Y70,AA70,O70) -> 4274146.5 | I70: 307470.98 | J70: =I70/$F70 -> 0.071937398 | K70: 781207.63 | L70: =K70/$F70 -> 0.18277512 | M70: =SUM(I70+K70) -> 1088678.6 | N70: =M70/$F70 -> 0.25471251 | P70: =O70/$F70 -> 0 | R70: =Q70/$F70 -> 0 | T70: =S70/$F70 -> 0 | U70: 113696.04 | V70: =U70/$F70 -> 0.026600876 | W70: 1622520.1 | X70: =W70/$F70 -> 0.37961264 | Y70: 729114.09 | Z70: =Y70/$F70 -> 0.17058706 | AA70: 720137.73 | AB70: =AA70/$F70 -> 0.16848691
D71: 45934 | E71: =RIGHT(TEXT(D71,"AAA"),1) -> 六 | F71: =SUM(M71,Q71,S71,U71,W71,Y71,AA71,O71) -> 4208871.7 | I71: 310607.06 | J71: =I71/$F71 -> 0.073798178 | K71: 834286.49 | L71: =K71/$F71 -> 0.19822094 | M71: =SUM(I71+K71) -> 1144893.5 | N71: =M71/$F71 -> 0.27201912 | P71: =O71/$F71 -> 0 | R71: =Q71/$F71 -> 0 | T71: =S71/$F71 -> 0 | U71: 115737.14 | V71: =U71/$F71 -> 0.027498377 | W71: 1512547 | X71: =W71/$F71 -> 0.35937113 | Y71: 718240.41 | Z71: =Y71/$F71 -> 0.17064916 | AA71: 717453.61 | AB71: =AA71/$F71 -> 0.17046222
D72: 45935 | E72: =RIGHT(TEXT(D72,"AAA"),1) -> 日 | F72: =SUM(M72,Q72,S72,U72,W72,Y72,AA72,O72) -> 4683513.2 | I72: 325032.96 | J72: =I72/$F72 -> 0.06939939 | K72: 940580.77 | L72: =K72/$F72 -> 0.20082804 | M72: =SUM(I72+K72) -> 1265613.7 | N72: =M72/$F72 -> 0.27022743 | P72: =O72/$F72 -> 0 | R72: =Q72/$F72 -> 0 | T72: =S72/$F72 -> 0 | U72: 119389.74 | V72: =U72/$F72 -> 0.025491492 | W72: 1777683.3 | X72: =W72/$F72 -> 0.37956193 | Y72: 766961.37 | Z72: =Y72/$F72 -> 0.1637577 | AA72: 753865.06 | AB72: =AA72/$F72 -> 0.16096145
D73: 45936 | E73: =RIGHT(TEXT(D73,"AAA"),1) -> 一 | F73: =SUM(M73,Q73,S73,U73,W73,Y73,AA73,O73) -> 6176797.6 | I73: 458993.08 | J73: =I73/$F73 -> 0.07430923 | K73: 1067680 | L73: =K73/$F73 -> 0.17285333 | M73: =SUM(I73+K73) -> 1526673.1 | N73: =M73/$F73 -> 0.24716256 | P73: =O73/$F73 -> 0 | R73: =Q73/$F73 -> 0 | T73: =S73/$F73 -> 0 | U73: 148666.96 | V73: =U73/$F73 -> 0.024068614 | W73: 2496720.6 | X73: =W73/$F73 -> 0.40420956 | Y73: 943585.54 | Z73: =Y73/$F73 -> 0.1527629 | AA73: 1061151.4 | AB73: =AA73/$F73 -> 0.17179637
D74: 45937 | E74: =RIGHT(TEXT(D74,"AAA"),1) -> 二 | F74: =SUM(M74,Q74,S74,U74,W74,Y74,AA74,O74) -> 6380120.7 | G74: =SUM(F74:F80) -> 38039755 | I74: 411579.44 | J74: =I74/$F74 -> 0.064509663 | K74: 1008799.9 | L74: =K74/$F74 -> 0.15811612 | M74: =SUM(I74+K74) -> 1420379.4 | N74: =M74/$F74 -> 0.22262578 | P74: =O74/$F74 -> 0 | R74: =Q74/$F74 -> 0 | T74: =S74/$F74 -> 0 | U74: 135979.62 | V74: =U74/$F74 -> 0.021313017 | W74: 2413759.4 | X74: =W74/$F74 -> 0.37832503 | Y74: 1410208.9 | Z74: =Y74/$F74 -> 0.2210317 | AA74: 999793.45 | AB74: =AA74/$F74 -> 0.15670447
D75: 45938 | E75: =RIGHT(TEXT(D75,"AAA"),1) -> 三 | F75: =SUM(M75,Q75,S75,U75,W75,Y75,AA75,O75) -> 5629987.8 | I75: 369136.69 | J75: =I75/$F75 -> 0.065566162 | K75: 880088.55 | L75: =K75/$F75 -> 0.15632157 | M75: =SUM(I75+K75) -> 1249225.2 | N75: =M75/$F75 -> 0.22188773 | P75: =O75/$F75 -> 0 | R75: =Q75/$F75 -> 0 | T75: =S75/$F75 -> 0 | U75: 137046.3 | V75: =U75/$F75 -> 0.024342202 | W75: 2177405.4 | X75: =W75/$F75 -> 0.38675134 | Y75: 1148140.8 | Z75: =Y75/$F75 -> 0.20393308 | AA75: 918170.13 | AB75: =AA75/$F75 -> 0.16308563
D76: 45939 | E76: =RIGHT(TEXT(D76,"AAA"),1) -> 四 | F76: =SUM(M76,Q76,S76,U76,W76,Y76,AA76,O76) -> 4565439.8 | I76: 304925.35 | J76: =I76/$F76 -> 0.066789918 | K76: 779459.27 | L76: =K76/$F76 -> 0.17073038 | M76: =SUM(I76+K76) -> 1084384.6 | N76: =M76/$F76 -> 0.2375203 | P76: =O76/$F76 -> 0 | R76: =Q76/$F76 -> 0 | T76: =S76/$F76 -> 0 | U76: 124659.14 | V76: =U76/$F76 -> 0.027304958 | W76: 1628830.8 | X76: =W76/$F76 -> 0.35677413 | Y76: 1008550.1 | Z76: =Y76/$F76 -> 0.22090974 | AA76: 719015.09 | AB76: =AA76/$F76 -> 0.15749087
D77: 45940 | E77: =RIGHT(TEXT(D77,"AAA"),1) -> 五 | F77: =SUM(M77,Q77,S77,U77,W77,Y77,AA77,O77) -> 4347157.4 | I77: 261659.07 | J77: =I77/$F77 -> 0.060190844 | K77: 847265.94 | L77: =K77/$F77 -> 0.19490114 | M77: =SUM(I77+K77) -> 1108925 | N77: =M77/$F77 -> 0.25509199 | P77: =O77/$F77 -> 0 | R77: =Q77/$F77 -> 0 | T77: =S77/$F77 -> 0 | U77: 124118.6 | V77: =U77/$F77 -> 0.028551669 | W77: 1487425.2 | X77: =W77/$F77 -> 0.34216042 | Y77: 928086.55 | Z77: =Y77/$F77 -> 0.21349274 | AA77: 698602.04 | AB77: =AA77/$F77 -> 0.16070319
D78: 45941 | E78: =RIGHT(TEXT(D78,"AAA"),1) -> 六 | F78: =SUM(M78,Q78,S78,U78,W78,Y78,AA78,O78) -> 4738977.3 | I78: 294026.13 | J78: =I78/$F78 -> 0.062044216 | K78: 982471.4 | L78: =K78/$F78 -> 0.20731718 | M78: =SUM(I78+K78) -> 1276497.5 | N78: =M78/$F78 -> 0.26936139 | P78: =O78/$F78 -> 0 | R78: =Q78/$F78 -> 0 | T78: =S78/$F78 -> 0 | U78: 130427.64 | V78: =U78/$F78 -> 0.027522318 | W78: 1545309.3 | X78: =W78/$F78 -> 0.32608498 | Y78: 1045555.2 | Z78: =Y78/$F78 -> 0.22062887 | AA78: 741187.61 | AB78: =AA78/$F78 -> 0.15640244
D79: 45942 | E79: =RIGHT(TEXT(D79,"AAA"),1) -> 日 | F79: =SUM(M79,Q79,S79,U79,W79,Y79,AA79,O79) -> 6231751.4 | I79: 379489.58 | J79: =I79/$F79 -> 0.060896136 | K79: 1087246.4 | L79: =K79/$F79 -> 0.17446884 | M79: =SUM(I79+K79) -> 1466736 | N79: =M79/$F79 -> 0.23536498 | P79: =O79/$F79 -> 0 | R79: =Q79/$F79 -> 0 | T79: =S79/$F79 -> 0 | U79: 146701 | V79: =U79/$F79 -> 0.023540894 | W79: 2306022.4 | X79: =W79/$F79 -> 0.37004403 | Y79: 1282935.4 | Z79: =Y79/$F79 -> 0.20587077 | AA79: 1029356.5 | AB79: =AA79/$F79 -> 0.16517933
D80: 45943 | E80: =RIGHT(TEXT(D80,"AAA"),1) -> 一 | F80: =SUM(M80,Q80,S80,U80,W80,Y80,AA80,O80) -> 6146320.6 | I80: 368306.15 | J80: =I80/$F80 -> 0.059923029 | K80: 1102027.9 | L80: =K80/$F80 -> 0.1792988 | M80: =SUM(I80+K80) -> 1470334.1 | N80: =M80/$F80 -> 0.23922183 | P80: =O80/$F80 -> 0 | R80: =Q80/$F80 -> 0 | T80: =S80/$F80 -> 0 | U80: 147691.86 | V80: =U80/$F80 -> 0.024029313 | W80: 2340187.4 | X80: =W80/$F80 -> 0.38074607 | Y80: 1156722.9 | Z80: =Y80/$F80 -> 0.18819761 | AA80: 1031384.4 | AB80: =AA80/$F80 -> 0.16780518
D81: 45944 | E81: =RIGHT(TEXT(D81,"AAA"),1) -> 二 | F81: =SUM(M81,Q81,S81,U81,W81,Y81,AA81,O81) -> 0 | G81: =SUM(F81:F87) -> 0 | J81: =I81/$F81 -> #DIV/0! | L81: =K81/$F81 -> #DIV/0! | M81: =SUM(I81+K81) -> 0 | N81: =M81/$F81 -> #DIV/0! | P81: =O81/$F81 -> #DIV/0! | R81: =Q81/$F81 -> #DIV/0! | T81: =S81/$F81 -> #DIV/0! | V81: =U81/$F81 -> #DIV/0! | X81: =W81/$F81 -> #DIV/0! | Z81: =Y81/$F81 -> #DIV/0! | AB81: =AA81/$F81 -> #DIV/0!
D82: 45945 | E82: =RIGHT(TEXT(D82,"AAA"),1) -> 三 | F82: =SUM(M82,Q82,S82,U82,W82,Y82,AA82,O82) -> 0 | J82: =I82/$F82 -> #DIV/0! | L82: =K82/$F82 -> #DIV/0! | M82: =SUM(I82+K82) -> 0 | N82: =M82/$F82 -> #DIV/0! | P82: =O82/$F82 -> #DIV/0! | R82: =Q82/$F82 -> #DIV/0! | T82: =S82/$F82 -> #DIV/0! | V82: =U82/$F82 -> #DIV/0! | X82: =W82/$F82 -> #DIV/0! | Z82: =Y82/$F82 -> #DIV/0! | AB82: =AA82/$F82 -> #DIV/0!
D83: 45946 | E83: =RIGHT(TEXT(D83,"AAA"),1) -> 四 | F83: =SUM(M83,Q83,S83,U83,W83,Y83,AA83,O83) -> 0 | J83: =I83/$F83 -> #DIV/0! | L83: =K83/$F83 -> #DIV/0! | M83: =SUM(I83+K83) -> 0 | N83: =M83/$F83 -> #DIV/0! | P83: =O83/$F83 -> #DIV/0! | R83: =Q83/$F83 -> #DIV/0! | T83: =S83/$F83 -> #DIV/0! | V83: =U83/$F83 -> #DIV/0! | X83: =W83/$F83 -> #DIV/0! | Z83: =Y83/$F83 -> #DIV/0! | AB83: =AA83/$F83 -> #DIV/0!
D84: 45947 | E84: =RIGHT(TEXT(D84,"AAA"),1) -> 五 | F84: =SUM(M84,Q84,S84,U84,W84,Y84,AA84,O84) -> 0 | J84: =I84/$F84 -> #DIV/0! | L84: =K84/$F84 -> #DIV/0! | M84: =SUM(I84+K84) -> 0 | N84: =M84/$F84 -> #DIV/0! | P84: =O84/$F84 -> #DIV/0! | R84: =Q84/$F84 -> #DIV/0! | T84: =S84/$F84 -> #DIV/0! | V84: =U84/$F84 -> #DIV/0! | X84: =W84/$F84 -> #DIV/0! | Z84: =Y84/$F84 -> #DIV/0! | AB84: =AA84/$F84 -> #DIV/0!
D85: 45948 | E85: =RIGHT(TEXT(D85,"AAA"),1) -> 六 | F85: =SUM(M85,Q85,S85,U85,W85,Y85,AA85,O85) -> 0 | J85: =I85/$F85 -> #DIV/0! | L85: =K85/$F85 -> #DIV/0! | M85: =SUM(I85+K85) -> 0 | N85: =M85/$F85 -> #DIV/0! | P85: =O85/$F85 -> #DIV/0! | R85: =Q85/$F85 -> #DIV/0! | T85: =S85/$F85 -> #DIV/0! | V85: =U85/$F85 -> #DIV/0! | X85: =W85/$F85 -> #DIV/0! | Z85: =Y85/$F85 -> #DIV/0! | AB85: =AA85/$F85 -> #DIV/0!
D86: 45949 | E86: =RIGHT(TEXT(D86,"AAA"),1) -> 日 | F86: =SUM(M86,Q86,S86,U86,W86,Y86,AA86,O86) -> 0 | J86: =I86/$F86 -> #DIV/0! | L86: =K86/$F86 -> #DIV/0! | M86: =SUM(I86+K86) -> 0 | N86: =M86/$F86 -> #DIV/0! | P86: =O86/$F86 -> #DIV/0! | R86: =Q86/$F86 -> #DIV/0! | T86: =S86/$F86 -> #DIV/0! | V86: =U86/$F86 -> #DIV/0! | X86: =W86/$F86 -> #DIV/0! | Z86: =Y86/$F86 -> #DIV/0! | AB86: =AA86/$F86 -> #DIV/0!
D87: 45950 | E87: =RIGHT(TEXT(D87,"AAA"),1) -> 一 | F87: =SUM(M87,Q87,S87,U87,W87,Y87,AA87,O87) -> 0 | J87: =I87/$F87 -> #DIV/0! | L87: =K87/$F87 -> #DIV/0! | M87: =SUM(I87+K87) -> 0 | N87: =M87/$F87 -> #DIV/0! | P87: =O87/$F87 -> #DIV/0! | R87: =Q87/$F87 -> #DIV/0! | T87: =S87/$F87 -> #DIV/0! | V87: =U87/$F87 -> #DIV/0! | X87: =W87/$F87 -> #DIV/0! | Z87: =Y87/$F87 -> #DIV/0! | AB87: =AA87/$F87 -> #DIV/0!
D88: 45951 | E88: =RIGHT(TEXT(D88,"AAA"),1) -> 二 | F88: =SUM(M88,Q88,S88,U88,W88,Y88,AA88,O88) -> 0 | G88: =SUM(F88:F94) -> 0 | J88: =I88/$F88 -> #DIV/0! | L88: =K88/$F88 -> #DIV/0! | M88: =SUM(I88+K88) -> 0 | N88: =M88/$F88 -> #DIV/0! | P88: =O88/$F88 -> #DIV/0! | R88: =Q88/$F88 -> #DIV/0! | T88: =S88/$F88 -> #DIV/0! | V88: =U88/$F88 -> #DIV/0! | X88: =W88/$F88 -> #DIV/0! | Z88: =Y88/$F88 -> #DIV/0! | AB88: =AA88/$F88 -> #DIV/0!
D89: 45952 | E89: =RIGHT(TEXT(D89,"AAA"),1) -> 三 | F89: =SUM(M89,Q89,S89,U89,W89,Y89,AA89,O89) -> 0 | J89: =I89/$F89 -> #DIV/0! | L89: =K89/$F89 -> #DIV/0! | M89: =SUM(I89+K89) -> 0 | N89: =M89/$F89 -> #DIV/0! | P89: =O89/$F89 -> #DIV/0! | R89: =Q89/$F89 -> #DIV/0! | T89: =S89/$F89 -> #DIV/0! | V89: =U89/$F89 -> #DIV/0! | X89: =W89/$F89 -> #DIV/0! | Z89: =Y89/$F89 -> #DIV/0! | AB89: =AA89/$F89 -> #DIV/0!
D90: 45953 | E90: =RIGHT(TEXT(D90,"AAA"),1) -> 四 | F90: =SUM(M90,Q90,S90,U90,W90,Y90,AA90,O90) -> 0 | J90: =I90/$F90 -> #DIV/0! | L90: =K90/$F90 -> #DIV/0! | M90: =SUM(I90+K90) -> 0 | N90: =M90/$F90 -> #DIV/0! | P90: =O90/$F90 -> #DIV/0! | R90: =Q90/$F90 -> #DIV/0! | T90: =S90/$F90 -> #DIV/0! | V90: =U90/$F90 -> #DIV/0! | X90: =W90/$F90 -> #DIV/0! | Z90: =Y90/$F90 -> #DIV/0! | AB90: =AA90/$F90 -> #DIV/0!
D91: 45954 | E91: =RIGHT(TEXT(D91,"AAA"),1) -> 五 | F91: =SUM(M91,Q91,S91,U91,W91,Y91,AA91,O91) -> 0 | J91: =I91/$F91 -> #DIV/0! | L91: =K91/$F91 -> #DIV/0! | M91: =SUM(I91+K91) -> 0 | N91: =M91/$F91 -> #DIV/0! | P91: =O91/$F91 -> #DIV/0! | R91: =Q91/$F91 -> #DIV/0! | T91: =S91/$F91 -> #DIV/0! | V91: =U91/$F91 -> #DIV/0! | X91: =W91/$F91 -> #DIV/0! | Z91: =Y91/$F91 -> #DIV/0! | AB91: =AA91/$F91 -> #DIV/0!
D92: 45955 | E92: =RIGHT(TEXT(D92,"AAA"),1) -> 六 | F92: =SUM(M92,Q92,S92,U92,W92,Y92,AA92,O92) -> 0 | J92: =I92/$F92 -> #DIV/0! | L92: =K92/$F92 -> #DIV/0! | M92: =SUM(I92+K92) -> 0 | N92: =M92/$F92 -> #DIV/0! | P92: =O92/$F92 -> #DIV/0! | R92: =Q92/$F92 -> #DIV/0! | T92: =S92/$F92 -> #DIV/0! | V92: =U92/$F92 -> #DIV/0! | X92: =W92/$F92 -> #DIV/0! | Z92: =Y92/$F92 -> #DIV/0! | AB92: =AA92/$F92 -> #DIV/0!
D93: 45956 | E93: =RIGHT(TEXT(D93,"AAA"),1) -> 日 | F93: =SUM(M93,Q93,S93,U93,W93,Y93,AA93,O93) -> 0 | J93: =I93/$F93 -> #DIV/0! | L93: =K93/$F93 -> #DIV/0! | M93: =SUM(I93+K93) -> 0 | N93: =M93/$F93 -> #DIV/0! | P93: =O93/$F93 -> #DIV/0! | R93: =Q93/$F93 -> #DIV/0! | T93: =S93/$F93 -> #DIV/0! | V93: =U93/$F93 -> #DIV/0! | X93: =W93/$F93 -> #DIV/0! | Z93: =Y93/$F93 -> #DIV/0! | AB93: =AA93/$F93 -> #DIV/0!
D94: 45957 | E94: =RIGHT(TEXT(D94,"AAA"),1) -> 一 | F94: =SUM(M94,Q94,S94,U94,W94,Y94,AA94,O94) -> 0 | J94: =I94/$F94 -> #DIV/0! | L94: =K94/$F94 -> #DIV/0! | M94: =SUM(I94+K94) -> 0 | N94: =M94/$F94 -> #DIV/0! | P94: =O94/$F94 -> #DIV/0! | R94: =Q94/$F94 -> #DIV/0! | T94: =S94/$F94 -> #DIV/0! | V94: =U94/$F94 -> #DIV/0! | X94: =W94/$F94 -> #DIV/0! | Z94: =Y94/$F94 -> #DIV/0! | AB94: =AA94/$F94 -> #DIV/0!
D95: 45958 | E95: =RIGHT(TEXT(D95,"AAA"),1) -> 二 | F95: =SUM(M95,Q95,S95,U95,W95,Y95,AA95,O95) -> 0 | G95: =SUM(F95:F101) -> 0 | J95: =I95/$F95 -> #DIV/0! | L95: =K95/$F95 -> #DIV/0! | M95: =SUM(I95+K95) -> 0 | N95: =M95/$F95 -> #DIV/0! | P95: =O95/$F95 -> #DIV/0! | R95: =Q95/$F95 -> #DIV/0! | T95: =S95/$F95 -> #DIV/0! | V95: =U95/$F95 -> #DIV/0! | X95: =W95/$F95 -> #DIV/0! | Z95: =Y95/$F95 -> #DIV/0! | AB95: =AA95/$F95 -> #DIV/0!
D96: 45959 | E96: =RIGHT(TEXT(D96,"AAA"),1) -> 三 | F96: =SUM(M96,Q96,S96,U96,W96,Y96,AA96,O96) -> 0 | J96: =I96/$F96 -> #DIV/0! | L96: =K96/$F96 -> #DIV/0! | M96: =SUM(I96+K96) -> 0 | N96: =M96/$F96 -> #DIV/0! | P96: =O96/$F96 -> #DIV/0! | R96: =Q96/$F96 -> #DIV/0! | T96: =S96/$F96 -> #DIV/0! | V96: =U96/$F96 -> #DIV/0! | X96: =W96/$F96 -> #DIV/0! | Z96: =Y96/$F96 -> #DIV/0! | AB96: =AA96/$F96 -> #DIV/0!
D97: 45960 | E97: =RIGHT(TEXT(D97,"AAA"),1) -> 四 | F97: =SUM(M97,Q97,S97,U97,W97,Y97,AA97,O97) -> 0 | J97: =I97/$F97 -> #DIV/0! | L97: =K97/$F97 -> #DIV/0! | M97: =SUM(I97+K97) -> 0 | N97: =M97/$F97 -> #DIV/0! | P97: =O97/$F97 -> #DIV/0! | R97: =Q97/$F97 -> #DIV/0! | T97: =S97/$F97 -> #DIV/0! | V97: =U97/$F97 -> #DIV/0! | X97: =W97/$F97 -> #DIV/0! | Z97: =Y97/$F97 -> #DIV/0! | AB97: =AA97/$F97 -> #DIV/0!
D98: 45961 | E98: =RIGHT(TEXT(D98,"AAA"),1) -> 五 | F98: =SUM(M98,Q98,S98,U98,W98,Y98,AA98,O98) -> 0 | J98: =I98/$F98 -> #DIV/0! | L98: =K98/$F98 -> #DIV/0! | M98: =SUM(I98+K98) -> 0 | N98: =M98/$F98 -> #DIV/0! | P98: =O98/$F98 -> #DIV/0! | R98: =Q98/$F98 -> #DIV/0! | T98: =S98/$F98 -> #DIV/0! | V98: =U98/$F98 -> #DIV/0! | X98: =W98/$F98 -> #DIV/0! | Z98: =Y98/$F98 -> #DIV/0! | AB98: =AA98/$F98 -> #DIV/0!

Sheet （４）訂單數量構成比
B2: （4）訂單數量構成比
B3: 資料繳交日 | C3: 月份 | D3: 日期 | F3: 訂單量 | I3: 品類訂單量
I4: 主食 | O4: 便當 | Q4: 熱食義麵 | S4: 季節調理麵 | U4: 微波小吃 | W4: 三明治 | Y4: 調理麵包 | AA4: 沙拉
F5: 日 | G5: 週累積 | H5: 月累積 | I5: 一配 | K5: 二配 | M5: 合計 | O5: 一配 | Q5: 一配 | S5: 一配 | U5: 一配 | W5: 一配 | Y5: 一配 | AA5: 一配
I6: 訂單數 | J6: 比例(%) | K6: 訂單數 | L6: 比例(%) | M6: 訂單數 | N6: 比例(%) | O6: 訂單數 | P6: 比例(%) | Q6: 訂單數 | R6: 比例(%) | S6: 訂單數 | T6: 比例(%) | U6: 訂單數 | V6: 比例(%) | W6: 訂單數 | X6: 比例(%) | Y6: 訂單數 | Z6: 比例(%) | AA6: 訂單數 | AB6: 比例(%)
B7: =D19 -> 45882 | C7: 八 | D7: 45870 | E7: 五 | F7: =SUM(M7,Q7,S7,U7,W7,Y7,AA7) -> 126626 | G7: =SUM(F7:F10) -> 603449 | H7: =SUM(F7:F37) -> 4956065 | I7: 6647 | J7: =I7/$F$7 -> 0.052493169 | K7: 16877 | L7: =K7/$F$7 -> 0.13328226 | M7: =SUM(I7+K7) -> 23524 | N7: =M7/$F$7 -> 0.18577543 | P7: =O7/$F$7 -> 0 | R7: =Q7/$F$7 -> 0 | T7: =S7/$F$7 -> 0 | U7: 2514 | V7: =U7/$F$7 -> 0.019853743 | W7: 50685 | X7: =W7/$F$7 -> 0.40027325 | Y7: 27599 | Z7: =Y7/$F$7 -> 0.21795682 | AA7: 22304 | AB7: =AA7/$F$7 -> 0.17614076
D8: 45871 | E8: 六 | F8: =SUM(M8,Q8,S8,U8,W8,Y8,AA8) -> 132231 | I8: 7221 | J8: =I8/$F$7 -> 0.057026203 | K8: 19863 | L8: =K8/$F$7 -> 0.15686352 | M8: =SUM(I8+K8) -> 27084 | N8: =M8/$F$7 -> 0.21388972 | P8: =O8/$F$7 -> 0 | R8: =Q8/$F$7 -> 0 | T8: =S8/$F$7 -> 0 | U8: 2721 | V8: =U8/$F$7 -> 0.021488478 | W8: 50980 | X8: =W8/$F$7 -> 0.40260294 | Y8: 28528 | Z8: =Y8/$F$7 -> 0.22529338 | AA8: 22918 | AB8: =AA8/$F$7 -> 0.18098969
D9: 45872 | E9: 日 | F9: =SUM(M9,Q9,S9,U9,W9,Y9,AA9) -> 172946 | I9: 9328 | J9: =I9/$F$7 -> 0.073665756 | K9: 22654 | L9: =K9/$F$7 -> 0.17890481 | M9: =SUM(I9+K9) -> 31982 | N9: =M9/$F$7 -> 0.25257056 | P9: =O9/$F$7 -> 0 | R9: =Q9/$F$7 -> 0 | T9: =S9/$F$7 -> 0 | U9: 3271 | V9: =U9/$F$7 -> 0.025831978 | W9: 72638 | X9: =W9/$F$7 -> 0.57364206 | Y9: 34986 | Z9: =Y9/$F$7 -> 0.27629397 | AA9: 30069 | AB9: =AA9/$F$7 -> 0.23746308
D10: 45873 | E10: 一 | F10: =SUM(M10,Q10,S10,U10,W10,Y10,AA10) -> 171646 | I10: 9114 | J10: =I10/$F$7 -> 0.07197574 | K10: 22093 | L10: =K10/$F$7 -> 0.17447444 | M10: =SUM(I10+K10) -> 31207 | N10: =M10/$F$7 -> 0.24645018 | P10: =O10/$F$7 -> 0 | R10: =Q10/$F$7 -> 0 | T10: =S10/$F$7 -> 0 | U10: 3152 | V10: =U10/$F$7 -> 0.024892202 | W10: 73508 | X10: =W10/$F$7 -> 0.58051269 | Y10: 34242 | Z10: =Y10/$F$7 -> 0.2704184 | AA10: 29537 | AB10: =AA10/$F$7 -> 0.23326173
D11: 45874 | E11: 二 | F11: =SUM(M11,Q11,S11,U11,W11,Y11,AA11) -> 185947 | G11: =SUM(F11:F17) -> 1159872 | I11: 8179 | J11: =I11/$F$7 -> 0.06459179 | K11: 22129 | L11: =K11/$F$7 -> 0.17475874 | M11: =SUM(I11+K11) -> 30308 | N11: =M11/$F$7 -> 0.23935053 | P11: =O11/$F$7 -> 0 | R11: =Q11/$F$7 -> 0 | T11: =S11/$F$7 -> 0 | U11: 3165 | V11: =U11/$F$7 -> 0.024994867 | W11: 86711 | X11: =W11/$F$7 -> 0.68478038 | Y11: 37532 | Z11: =Y11/$F$7 -> 0.29640042 | AA11: 28231 | AB11: =AA11/$F$7 -> 0.22294789
D12: 45875 | E12: 三 | F12: =SUM(M12,Q12,S12,U12,W12,Y12,AA12) -> 179806 | I12: 8075 | J12: =I12/$F$7 -> 0.063770474 | K12: 21498 | L12: =K12/$F$7 -> 0.16977556 | M12: =SUM(I12+K12) -> 29573 | N12: =M12/$F$7 -> 0.23354603 | P12: =O12/$F$7 -> 0 | R12: =Q12/$F$7 -> 0 | T12: =S12/$F$7 -> 0 | U12: 3162 | V12: =U12/$F$7 -> 0.024971175 | W12: 81227 | X12: =W12/$F$7 -> 0.64147174 | Y12: 37322 | Z12: =Y12/$F$7 -> 0.294742 | AA12: 28522 | AB12: =AA12/$F$7 -> 0.225246
D13: 45876 | E13: 四 | F13: =SUM(M13,Q13,S13,U13,W13,Y13,AA13) -> 167846 | I13: 7726 | J13: =I13/$F$7 -> 0.061014326 | K13: 18509 | L13: =K13/$F$7 -> 0.14617061 | M13: =SUM(I13+K13) -> 26235 | N13: =M13/$F$7 -> 0.20718494 | P13: =O13/$F$7 -> 0 | R13: =Q13/$F$7 -> 0 | T13: =S13/$F$7 -> 0 | U13: 2924 | V13: =U13/$F$7 -> 0.023091624 | W13: 76327 | X13: =W13/$F$7 -> 0.6027751 | Y13: 34642 | Z13: =Y13/$F$7 -> 0.27357731 | AA13: 27718 | AB13: =AA13/$F$7 -> 0.21889659
D14: 45877 | E14: 五 | F14: =SUM(M14,Q14,S14,U14,W14,Y14,AA14) -> 133441 | I14: 6354 | J14: =I14/$F$7 -> 0.050179268 | K14: 17055 | L14: =K14/$F$7 -> 0.13468798 | M14: =SUM(I14+K14) -> 23409 | N14: =M14/$F$7 -> 0.18486725 | P14: =O14/$F$7 -> 0 | R14: =Q14/$F$7 -> 0 | T14: =S14/$F$7 -> 0 | U14: 2518 | V14: =U14/$F$7 -> 0.019885332 | W14: 56755 | X14: =W14/$F$7 -> 0.44820969 | Y14: 27718 | Z14: =Y14/$F$7 -> 0.21889659 | AA14: 23041 | AB14: =AA14/$F$7 -> 0.18196105
D15: 45878 | E15: 六 | F15: =SUM(M15,Q15,S15,U15,W15,Y15,AA15) -> 136383 | I15: 6627 | J15: =I15/$F$7 -> 0.052335223 | K15: 19571 | L15: =K15/$F$7 -> 0.15455752 | M15: =SUM(I15+K15) -> 26198 | N15: =M15/$F$7 -> 0.20689274 | P15: =O15/$F$7 -> 0 | R15: =Q15/$F$7 -> 0 | T15: =S15/$F$7 -> 0 | U15: 2642 | V15: =U15/$F$7 -> 0.020864593 | W15: 57207 | X15: =W15/$F$7 -> 0.45177926 | Y15: 27171 | Z15: =Y15/$F$7 -> 0.21457679 | AA15: 23165 | AB15: =AA15/$F$7 -> 0.18294031
D16: 45879 | E16: 日 | F16: =SUM(M16,Q16,S16,U16,W16,Y16,AA16) -> 179198 | I16: 8869 | J16: =I16/$F$7 -> 0.070040908 | K16: 21271 | L16: =K16/$F$7 -> 0.16798288 | M16: =SUM(I16+K16) -> 30140 | N16: =M16/$F$7 -> 0.23802379 | P16: =O16/$F$7 -> 0 | R16: =Q16/$F$7 -> 0 | T16: =S16/$F$7 -> 0 | U16: 3168 | V16: =U16/$F$7 -> 0.025018559 | W16: 81618 | X16: =W16/$F$7 -> 0.64455957 | Y16: 34318 | Z16: =Y16/$F$7 -> 0.27101859 | AA16: 29954 | AB16: =AA16/$F$7 -> 0.23655489
D17: 45880 | E17: 一 | F17: =SUM(M17,Q17,S17,U17,W17,Y17,AA17) -> 177251 | I17: 8564 | J17: =I17/$F$7 -> 0.06763224 | K17: 20943 | L17: =K17/$F$7 -> 0.16539257 | M17: =SUM(I17+K17) -> 29507 | N17: =M17/$F$7 -> 0.23302481 | P17: =O17/$F$7 -> 0 | R17: =Q17/$F$7 -> 0 | T17: =S17/$F$7 -> 0 | U17: 2992 | V17: =U17/$F$7 -> 0.023628639 | W17: 81203 | X17: =W17/$F$7 -> 0.6412822 | Y17: 34119 | Z17: =Y17/$F$7 -> 0.26944703 | AA17: 29430 | AB17: =AA17/$F$7 -> 0.23241672
B18: =D26 -> 45889 | D18: 45881 | E18: 二 | F18: =SUM(M18,Q18,S18,U18,W18,Y18,AA18) -> 163807 | G18: =SUM(F18:F24) -> 1082673 | I18: 8218 | J18: =I18/$F$7 -> 0.064899784 | K18: 21050 | L18: =K18/$F$7 -> 0.16623758 | M18: =SUM(I18+K18) -> 29268 | N18: =M18/$F$7 -> 0.23113737 | P18: =O18/$F$7 -> 0 | R18: =Q18/$F$7 -> 0 | T18: =S18/$F$7 -> 0 | U18: 3068 | V18: =U18/$F$7 -> 0.024228831 | W18: 72045 | X18: =W18/$F$7 -> 0.56895898 | Y18: 32166 | Z18: =Y18/$F$7 -> 0.25402366 | AA18: 27260 | AB18: =AA18/$F$7 -> 0.21527964
D19: 45882 | E19: 三 | F19: =SUM(M19,Q19,S19,U19,W19,Y19,AA19) -> 165300 | I19: 7540 | J19: =I19/$F$7 -> 0.059545433 | K19: 20658 | L19: =K19/$F$7 -> 0.16314185 | M19: =SUM(I19+K19) -> 28198 | N19: =M19/$F$7 -> 0.22268728 | P19: =O19/$F$7 -> 0 | R19: =Q19/$F$7 -> 0 | T19: =S19/$F$7 -> 0 | U19: 3227 | V19: =U19/$F$7 -> 0.025484498 | W19: 72598 | X19: =W19/$F$7 -> 0.57332617 | Y19: 33055 | Z19: =Y19/$F$7 -> 0.26104434 | AA19: 28222 | AB19: =AA19/$F$7 -> 0.22287682
D20: 45883 | E20: 四 | F20: =SUM(M20,Q20,S20,U20,W20,Y20,AA20) -> 154459 | I20: 6748 | J20: =I20/$F$7 -> 0.053290793 | K20: 18345 | L20: =K20/$F$7 -> 0.14487546 | M20: =SUM(I20+K20) -> 25093 | N20: =M20/$F$7 -> 0.19816625 | P20: =O20/$F$7 -> 0 | R20: =Q20/$F$7 -> 0 | T20: =S20/$F$7 -> 0 | U20: 3045 | V20: =U20/$F$7 -> 0.024047194 | W20: 67535 | X20: =W20/$F$7 -> 0.53334228 | Y20: 31549 | Z20: =Y20/$F$7 -> 0.24915104 | AA20: 27237 | AB20: =AA20/$F$7 -> 0.21509801
D21: 45884 | E21: 五 | F21: =SUM(M21,Q21,S21,U21,W21,Y21,AA21) -> 129575 | I21: 5677 | J21: =I21/$F$7 -> 0.044832815 | K21: 17865 | L21: =K21/$F$7 -> 0.14108477 | M21: =SUM(I21+K21) -> 23542 | N21: =M21/$F$7 -> 0.18591758 | P21: =O21/$F$7 -> 0 | R21: =Q21/$F$7 -> 0 | T21: =S21/$F$7 -> 0 | U21: 2780 | V21: =U21/$F$7 -> 0.021954417 | W21: 52959 | X21: =W21/$F$7 -> 0.41823164 | Y21: 27320 | Z21: =Y21/$F$7 -> 0.21575348 | AA21: 22974 | AB21: =AA21/$F$7 -> 0.18143193
D22: 45885 | E22: 六 | F22: =SUM(M22,Q22,S22,U22,W22,Y22,AA22) -> 129760 | I22: 5707 | J22: =I22/$F$7 -> 0.045069733 | K22: 19589 | L22: =K22/$F$7 -> 0.15469967 | M22: =SUM(I22+K22) -> 25296 | N22: =M22/$F$7 -> 0.1997694 | P22: =O22/$F$7 -> 0 | R22: =Q22/$F$7 -> 0 | T22: =S22/$F$7 -> 0 | U22: 2661 | V22: =U22/$F$7 -> 0.021014642 | W22: 53014 | X22: =W22/$F$7 -> 0.41866599 | Y22: 27659 | Z22: =Y22/$F$7 -> 0.21843065 | AA22: 21130 | AB22: =AA22/$F$7 -> 0.16686936
D23: 45886 | E23: 日 | F23: =SUM(M23,Q23,S23,U23,W23,Y23,AA23) -> 169934 | I23: 7254 | J23: =I23/$F$7 -> 0.057286813 | K23: 21841 | L23: =K23/$F$7 -> 0.17248432 | M23: =SUM(I23+K23) -> 29095 | N23: =M23/$F$7 -> 0.22977114 | P23: =O23/$F$7 -> 0 | R23: =Q23/$F$7 -> 0 | T23: =S23/$F$7 -> 0 | U23: 3182 | V23: =U23/$F$7 -> 0.02512912 | W23: 75485 | X23: =W23/$F$7 -> 0.5961256 | Y23: 34588 | Z23: =Y23/$F$7 -> 0.27315085 | AA23: 27584 | AB23: =AA23/$F$7 -> 0.21783836
D24: 45887 | E24: 一 | F24: =SUM(M24,Q24,S24,U24,W24,Y24,AA24) -> 169838 | I24: 7105 | J24: =I24/$F$7 -> 0.05611012 | K24: 21198 | L24: =K24/$F$7 -> 0.16740638 | M24: =SUM(I24+K24) -> 28303 | N24: =M24/$F$7 -> 0.2235165 | P24: =O24/$F$7 -> 0 | R24: =Q24/$F$7 -> 0 | T24: =S24/$F$7 -> 0 | U24: 3087 | V24: =U24/$F$7 -> 0.02437888 | W24: 76843 | X24: =W24/$F$7 -> 0.60685009 | Y24: 34352 | Z24: =Y24/$F$7 -> 0.2712871 | AA24: 27253 | AB24: =AA24/$F$7 -> 0.21522436
B25: =D33 -> 45896 | D25: 45888 | E25: 二 | F25: =SUM(M25,Q25,S25,U25,W25,Y25,AA25,O25) -> 193634 | G25: =SUM(F25:F31) -> 1179305 | I25: 6894 | J25: =I25/$F$7 -> 0.054443795 | K25: 21639 | L25: =K25/$F$7 -> 0.17088907 | M25: =SUM(I25+K25) -> 28533 | N25: =M25/$F$7 -> 0.22533287 | O25: 10675 | P25: =O25/$F$7 -> 0.084303382 | R25: =Q25/$F$7 -> 0 | T25: =S25/$F$7 -> 0 | U25: 3162 | V25: =U25/$F$7 -> 0.024971175 | W25: 83726 | X25: =W25/$F$7 -> 0.66120702 | Y25: 42339 | Z25: =Y25/$F$7 -> 0.33436261 | AA25: 25199 | AB25: =AA25/$F$7 -> 0.19900336
D26: 45889 | E26: 三 | F26: =SUM(M26,Q26,S26,U26,W26,Y26,AA26,O26) -> 180887 | I26: 6752 | J26: =I26/$F$7 -> 0.053322382 | K26: 20032 | L26: =K26/$F$7 -> 0.15819816 | M26: =SUM(I26+K26) -> 26784 | N26: =M26/$F$7 -> 0.21152054 | O26: 6835 | P26: =O26/$F$7 -> 0.053977856 | R26: =Q26/$F$7 -> 0 | T26: =S26/$F$7 -> 0 | U26: 3229 | V26: =U26/$F$7 -> 0.025500292 | W26: 79744 | X26: =W26/$F$7 -> 0.62976008 | Y26: 38750 | Z26: =Y26/$F$7 -> 0.3060193 | AA26: 25545 | AB26: =AA26/$F$7 -> 0.20173582
D27: 45890 | E27: 四 | F27: =SUM(M27,Q27,S27,U27,W27,Y27,AA27,O27) -> 170601 | I27: 6104 | J27: =I27/$F$7 -> 0.04820495 | K27: 17462 | L27: =K27/$F$7 -> 0.13790217 | M27: =SUM(I27+K27) -> 23566 | N27: =M27/$F$7 -> 0.18610712 | O27: 7130 | P27: =O27/$F$7 -> 0.056307551 | R27: =Q27/$F$7 -> 0 | T27: =S27/$F$7 -> 0 | U27: 3195 | V27: =U27/$F$7 -> 0.025231785 | W27: 76674 | X27: =W27/$F$7 -> 0.60551545 | Y27: 35865 | Z27: =Y27/$F$7 -> 0.28323567 | AA27: 24171 | AB27: =AA27/$F$7 -> 0.19088497
D28: 45891 | E28: 五 | F28: =SUM(M28,Q28,S28,U28,W28,Y28,AA28,O28) -> 134952 | I28: 4984 | J28: =I28/$F$7 -> 0.039360005 | K28: 16432 | L28: =K28/$F$7 -> 0.12976798 | M28: =SUM(I28+K28) -> 21416 | N28: =M28/$F$7 -> 0.16912798 | O28: 6805 | P28: =O28/$F$7 -> 0.053740938 | R28: =Q28/$F$7 -> 0 | T28: =S28/$F$7 -> 0 | U28: 2787 | V28: =U28/$F$7 -> 0.022009698 | W28: 56341 | X28: =W28/$F$7 -> 0.44494022 | Y28: 27439 | Z28: =Y28/$F$7 -> 0.21669325 | AA28: 20164 | AB28: =AA28/$F$7 -> 0.1592406
D29: 45892 | E29: 六 | F29: =SUM(M29,Q29,S29,U29,W29,Y29,AA29,O29) -> 140531 | I29: 5182 | J29: =I29/$F$7 -> 0.040923665 | K29: 19554 | L29: =K29/$F$7 -> 0.15442326 | M29: =SUM(I29+K29) -> 24736 | N29: =M29/$F$7 -> 0.19534693 | O29: 6582 | P29: =O29/$F$7 -> 0.051979846 | R29: =Q29/$F$7 -> 0 | T29: =S29/$F$7 -> 0 | U29: 2876 | V29: =U29/$F$7 -> 0.022712555 | W29: 57209 | X29: =W29/$F$7 -> 0.45179505 | Y29: 28402 | Z29: =Y29/$F$7 -> 0.22429833 | AA29: 20726 | AB29: =AA29/$F$7 -> 0.16367887
D30: 45893 | E30: 日 | F30: =SUM(M30,Q30,S30,U30,W30,Y30,AA30,O30) -> 182419 | I30: 6764 | J30: =I30/$F$7 -> 0.05341715 | K30: 21221 | L30: =K30/$F$7 -> 0.16758802 | M30: =SUM(I30+K30) -> 27985 | N30: =M30/$F$7 -> 0.22100516 | O30: 5550 | P30: =O30/$F$7 -> 0.043829861 | R30: =Q30/$F$7 -> 0 | T30: =S30/$F$7 -> 0 | U30: 3522 | V30: =U30/$F$7 -> 0.027814193 | W30: 81582 | X30: =W30/$F$7 -> 0.64427527 | Y30: 36450 | Z30: =Y30/$F$7 -> 0.28785557 | AA30: 27330 | AB30: =AA30/$F$7 -> 0.21583245
D31: 45894 | E31: 一 | F31: =SUM(M31,Q31,S31,U31,W31,Y31,AA31,O31) -> 176281 | I31: 6717 | J31: =I31/$F$7 -> 0.053045978 | K31: 21462 | L31: =K31/$F$7 -> 0.16949126 | M31: =SUM(I31+K31) -> 28179 | N31: =M31/$F$7 -> 0.22253724 | O31: 4275 | P31: =O31/$F$7 -> 0.033760839 | R31: =Q31/$F$7 -> 0 | T31: =S31/$F$7 -> 0 | U31: 3443 | V31: =U31/$F$7 -> 0.027190308 | W31: 80998 | X31: =W31/$F$7 -> 0.63966326 | Y31: 32621 | Z31: =Y31/$F$7 -> 0.25761692 | AA31: 26765 | AB31: =AA31/$F$7 -> 0.21137049
B32: =D40 -> 45903 | D32: 45895 | E32: 二 | F32: =SUM(M32,Q32,S32,U32,W32,Y32,AA32,O32) -> 166644 | G32: =SUM(F32:F38) -> 1105998 | I32: 6626 | J32: =I32/$F$7 -> 0.052327326 | K32: 20628 | L32: =K32/$F$7 -> 0.16290493 | M32: =SUM(I32+K32) -> 27254 | N32: =M32/$F$7 -> 0.21523226 | O32: 3593 | P32: =O32/$F$7 -> 0.028374899 | R32: =Q32/$F$7 -> 0 | T32: =S32/$F$7 -> 0 | U32: 3317 | V32: =U32/$F$7 -> 0.026195252 | W32: 75465 | X32: =W32/$F$7 -> 0.59596765 | Y32: 31742 | Z32: =Y32/$F$7 -> 0.25067522 | AA32: 25273 | AB32: =AA32/$F$7 -> 0.19958776
D33: 45896 | E33: 三 | F33: =SUM(M33,Q33,S33,U33,W33,Y33,AA33,O33) -> 164419 | I33: 6277 | J33: =I33/$F$7 -> 0.049571178 | K33: 19175 | L33: =K33/$F$7 -> 0.1514302 | M33: =SUM(I33+K33) -> 25452 | N33: =M33/$F$7 -> 0.20100137 | O33: 3609 | P33: =O33/$F$7 -> 0.028501256 | R33: =Q33/$F$7 -> 0 | T33: =S33/$F$7 -> 0 | U33: 3294 | V33: =U33/$F$7 -> 0.026013615 | W33: 74640 | X33: =W33/$F$7 -> 0.5894524 | Y33: 32043 | Z33: =Y33/$F$7 -> 0.2530523 | AA33: 25381 | AB33: =AA33/$F$7 -> 0.20044067
D34: 45897 | E34: 四 | F34: =SUM(M34,Q34,S34,U34,W34,Y34,AA34,O34) -> 155645 | I34: 5708 | J34: =I34/$F$7 -> 0.04507763 | K34: 17636 | L34: =K34/$F$7 -> 0.13927629 | M34: =SUM(I34+K34) -> 23344 | N34: =M34/$F$7 -> 0.18435392 | O34: 3617 | P34: =O34/$F$7 -> 0.028564434 | R34: =Q34/$F$7 -> 0 | T34: =S34/$F$7 -> 0 | U34: 3142 | V34: =U34/$F$7 -> 0.02481323 | W34: 69854 | X34: =W34/$F$7 -> 0.55165606 | Y34: 31438 | Z34: =Y34/$F$7 -> 0.24827445 | AA34: 24250 | AB34: =AA34/$F$7 -> 0.19150885
D35: 45898 | E35: 五 | F35: =SUM(M35,Q35,S35,U35,W35,Y35,AA35,O35) -> 129900 | I35: 4914 | J35: =I35/$F$7 -> 0.038807196 | K35: 16875 | L35: =K35/$F$7 -> 0.13326647 | M35: =SUM(I35+K35) -> 21789 | N35: =M35/$F$7 -> 0.17207367 | O35: 3083 | P35: =O35/$F$7 -> 0.02434729 | R35: =Q35/$F$7 -> 0 | T35: =S35/$F$7 -> 0 | U35: 2795 | V35: =U35/$F$7 -> 0.022072876 | W35: 54599 | X35: =W35/$F$7 -> 0.43118317 | Y35: 26669 | Z35: =Y35/$F$7 -> 0.21061235 | AA35: 20965 | AB35: =AA35/$F$7 -> 0.16556631
D36: 45899 | E36: 六 | F36: =SUM(M36,Q36,S36,U36,W36,Y36,AA36,O36) -> 136235 | I36: 5270 | J36: =I36/$F$7 -> 0.041618625 | K36: 20721 | L36: =K36/$F$7 -> 0.16363938 | M36: =SUM(I36+K36) -> 25991 | N36: =M36/$F$7 -> 0.205258 | O36: 2876 | P36: =O36/$F$7 -> 0.022712555 | R36: =Q36/$F$7 -> 0 | T36: =S36/$F$7 -> 0 | U36: 3097 | V36: =U36/$F$7 -> 0.024457852 | W36: 55019 | X36: =W36/$F$7 -> 0.43450002 | Y36: 27908 | Z36: =Y36/$F$7 -> 0.22039707 | AA36: 21344 | AB36: =AA36/$F$7 -> 0.16855938
D37: 45900 | E37: 日 | F37: =SUM(M37,Q37,S37,U37,W37,Y37,AA37,O37) -> 177923 | I37: 6829 | J37: =I37/$F$7 -> 0.053930472 | K37: 21553 | L37: =K37/$F$7 -> 0.17020991 | M37: =SUM(I37+K37) -> 28382 | N37: =M37/$F$7 -> 0.22414038 | O37: 3271 | P37: =O37/$F$7 -> 0.025831978 | R37: =Q37/$F$7 -> 0 | T37: =S37/$F$7 -> 0 | U37: 3638 | V37: =U37/$F$7 -> 0.028730277 | W37: 79842 | X37: =W37/$F$7 -> 0.63053401 | Y37: 34975 | Z37: =Y37/$F$7 -> 0.2762071 | AA37: 27815 | AB37: =AA37/$F$7 -> 0.21966263
C38: 九 | D38: 45901 | E38: 一 | F38: =SUM(M38,Q38,S38,U38,W38,Y38,AA38,O38) -> 175232 | H38: =SUM(F38:F67) -> 5123862 | I38: 6706 | J38: =I38/$F$7 -> 0.052959108 | K38: 22062 | L38: =K38/$F$7 -> 0.17422962 | M38: =SUM(I38+K38) -> 28768 | N38: =M38/$F$7 -> 0.22718873 | O38: 2802 | P38: =O38/$F$7 -> 0.022128157 | R38: =Q38/$F$7 -> 0 | T38: =S38/$F$7 -> 0 | U38: 3556 | V38: =U38/$F$7 -> 0.0280827 | W38: 79075 | X38: =W38/$F$7 -> 0.62447681 | Y38: 34004 | Z38: =Y38/$F$7 -> 0.26853885 | AA38: 27027 | AB38: =AA38/$F$7 -> 0.21343958
D39: 45902 | E39: 二 | F39: =SUM(M39,Q39,S39,U39,W39,Y39,AA39,O39) -> 193593 | G39: =SUM(F39:F45) -> 1186458 | I39: 11803 | J39: =I39/$F$7 -> 0.093211505 | K39: 21881 | L39: =K39/$F$7 -> 0.17280021 | M39: =SUM(I39+K39) -> 33684 | N39: =M39/$F$7 -> 0.26601172 | O39: 2437 | P39: =O39/$F$7 -> 0.019245653 | R39: =Q39/$F$7 -> 0 | T39: =S39/$F$7 -> 0 | U39: 3338 | V39: =U39/$F$7 -> 0.026361095 | W39: 86444 | X39: =W39/$F$7 -> 0.68267181 | Y39: 33557 | Z39: =Y39/$F$7 -> 0.26500877 | AA39: 34133 | AB39: =AA39/$F$7 -> 0.26955759
D40: 45903 | E40: 三 | F40: =SUM(M40,Q40,S40,U40,W40,Y40,AA40,O40) -> 182804 | I40: 10960 | J40: =I40/$F$7 -> 0.086554104 | K40: 19983 | L40: =K40/$F$7 -> 0.15781119 | M40: =SUM(I40+K40) -> 30943 | N40: =M40/$F$7 -> 0.2443653 | O40: 2008 | P40: =O40/$F$7 -> 0.015857723 | R40: =Q40/$F$7 -> 0 | T40: =S40/$F$7 -> 0 | U40: 3432 | V40: =U40/$F$7 -> 0.027103438 | W40: 82281 | X40: =W40/$F$7 -> 0.64979546 | Y40: 32839 | Z40: =Y40/$F$7 -> 0.25933852 | AA40: 31301 | AB40: =AA40/$F$7 -> 0.24719252
D41: 45904 | E41: 四 | F41: =SUM(M41,Q41,S41,U41,W41,Y41,AA41,O41) -> 168001 | I41: 8653 | J41: =I41/$F$7 -> 0.068335097 | K41: 16478 | L41: =K41/$F$7 -> 0.13013125 | M41: =SUM(I41+K41) -> 25131 | N41: =M41/$F$7 -> 0.19846635 | O41: 1844 | P41: =O41/$F$7 -> 0.01456257 | R41: =Q41/$F$7 -> 0 | T41: =S41/$F$7 -> 0 | U41: 3209 | V41: =U41/$F$7 -> 0.025342347 | W41: 77884 | X41: =W41/$F$7 -> 0.61507115 | Y41: 30369 | Z41: =Y41/$F$7 -> 0.23983226 | AA41: 29564 | AB41: =AA41/$F$7 -> 0.23347496
D42: 45905 | E42: 五 | F42: =SUM(M42,Q42,S42,U42,W42,Y42,AA42,O42) -> 132042 | I42: 3814 | J42: =I42/$F$7 -> 0.030120196 | K42: 15610 | L42: =K42/$F$7 -> 0.12327642 | M42: =SUM(I42+K42) -> 19424 | N42: =M42/$F$7 -> 0.15339662 | O42: 1595 | P42: =O42/$F$7 -> 0.012596149 | R42: =Q42/$F$7 -> 0 | T42: =S42/$F$7 -> 0 | U42: 2704 | V42: =U42/$F$7 -> 0.021354224 | W42: 59370 | X42: =W42/$F$7 -> 0.46886106 | Y42: 24898 | Z42: =Y42/$F$7 -> 0.19662629 | AA42: 24051 | AB42: =AA42/$F$7 -> 0.1899373
D43: 45906 | E43: 六 | F43: =SUM(M43,Q43,S43,U43,W43,Y43,AA43,O43) -> 139507 | I43: 3902 | J43: =I43/$F$7 -> 0.030815156 | K43: 18708 | L43: =K43/$F$7 -> 0.14774217 | M43: =SUM(I43+K43) -> 22610 | N43: =M43/$F$7 -> 0.17855733 | O43: 1586 | P43: =O43/$F$7 -> 0.012525074 | R43: =Q43/$F$7 -> 0 | T43: =S43/$F$7 -> 0 | U43: 3001 | V43: =U43/$F$7 -> 0.023699714 | W43: 60254 | X43: =W43/$F$7 -> 0.47584224 | Y43: 26513 | Z43: =Y43/$F$7 -> 0.20938038 | AA43: 25543 | AB43: =AA43/$F$7 -> 0.20172003
D44: 45907 | E44: 日 | F44: =SUM(M44,Q44,S44,U44,W44,Y44,AA44,O44) -> 186596 | I44: 5598 | J44: =I44/$F$7 -> 0.04420893 | K44: 21498 | L44: =K44/$F$7 -> 0.16977556 | M44: =SUM(I44+K44) -> 27096 | N44: =M44/$F$7 -> 0.21398449 | O44: 1954 | P44: =O44/$F$7 -> 0.01543127 | R44: =Q44/$F$7 -> 0 | T44: =S44/$F$7 -> 0 | U44: 3654 | V44: =U44/$F$7 -> 0.028856633 | W44: 87251 | X44: =W44/$F$7 -> 0.6890449 | Y44: 34316 | Z44: =Y44/$F$7 -> 0.2710028 | AA44: 32325 | AB44: =AA44/$F$7 -> 0.25527933
D45: 45908 | E45: 一 | F45: =SUM(M45,Q45,S45,U45,W45,Y45,AA45,O45) -> 183915 | I45: 5778 | J45: =I45/$F$7 -> 0.045630439 | K45: 21632 | L45: =K45/$F$7 -> 0.17083379 | M45: =SUM(I45+K45) -> 27410 | N45: =M45/$F$7 -> 0.21646423 | O45: 1699 | P45: =O45/$F$7 -> 0.013417466 | R45: =Q45/$F$7 -> 0 | T45: =S45/$F$7 -> 0 | U45: 3529 | V45: =U45/$F$7 -> 0.027869474 | W45: 85430 | X45: =W45/$F$7 -> 0.67466397 | Y45: 34439 | Z45: =Y45/$F$7 -> 0.27197416 | AA45: 31408 | AB45: =AA45/$F$7 -> 0.24803753
D46: 45909 | E46: 二 | F46: =SUM(M46,Q46,S46,U46,W46,Y46,AA46,O46) -> 177865 | G46: =SUM(F46:F52) -> 1166143 | I46: 5624 | J46: =I46/$F$7 -> 0.044414259 | K46: 21210 | L46: =K46/$F$7 -> 0.16750115 | M46: =SUM(I46+K46) -> 26834 | N46: =M46/$F$7 -> 0.2119154 | O46: 1536 | P46: =O46/$F$7 -> 0.01213021 | R46: =Q46/$F$7 -> 0 | T46: =S46/$F$7 -> 0 | U46: 3295 | V46: =U46/$F$7 -> 0.026021512 | W46: 83463 | X46: =W46/$F$7 -> 0.65913004 | Y46: 33146 | Z46: =Y46/$F$7 -> 0.26176299 | AA46: 29591 | AB46: =AA46/$F$7 -> 0.23368818
D47: 45910 | E47: 三 | F47: =SUM(M47,Q47,S47,U47,W47,Y47,AA47,O47) -> 175592 | I47: 5066 | J47: =I47/$F$7 -> 0.040007581 | K47: 18940 | L47: =K47/$F$7 -> 0.14957434 | M47: =SUM(I47+K47) -> 24006 | N47: =M47/$F$7 -> 0.18958192 | O47: 1222 | P47: =O47/$F$7 -> 0.0096504667 | R47: =Q47/$F$7 -> 0 | T47: =S47/$F$7 -> 0 | U47: 3235 | V47: =U47/$F$7 -> 0.025547676 | W47: 83025 | X47: =W47/$F$7 -> 0.65567103 | Y47: 33723 | Z47: =Y47/$F$7 -> 0.26631971 | AA47: 30381 | AB47: =AA47/$F$7 -> 0.23992703
D48: 45911 | E48: 四 | F48: =SUM(M48,Q48,S48,U48,W48,Y48,AA48,O48) -> 164410 | I48: 4578 | J48: =I48/$F$7 -> 0.036153713 | K48: 16538 | L48: =K48/$F$7 -> 0.13060509 | M48: =SUM(I48+K48) -> 21116 | N48: =M48/$F$7 -> 0.1667588 | O48: 1080 | P48: =O48/$F$7 -> 0.0085290541 | R48: =Q48/$F$7 -> 0 | T48: =S48/$F$7 -> 0 | U48: 2993 | V48: =U48/$F$7 -> 0.023636536 | W48: 79059 | X48: =W48/$F$7 -> 0.62435045 | Y48: 31275 | Z48: =Y48/$F$7 -> 0.24698719 | AA48: 28887 | AB48: =AA48/$F$7 -> 0.2281285
D49: 45912 | E49: 五 | F49: =SUM(M49,Q49,S49,U49,W49,Y49,AA49,O49) -> 134348 | I49: 7059 | J49: =I49/$F$7 -> 0.055746845 | K49: 16228 | L49: =K49/$F$7 -> 0.12815693 | M49: =SUM(I49+K49) -> 23287 | N49: =M49/$F$7 -> 0.18390378 | O49: 993 | P49: =O49/$F$7 -> 0.0078419914 | R49: =Q49/$F$7 -> 0 | T49: =S49/$F$7 -> 0 | U49: 2629 | V49: =U49/$F$7 -> 0.020761929 | W49: 59940 | X49: =W49/$F$7 -> 0.4733625 | Y49: 26237 | Z49: =Y49/$F$7 -> 0.20720073 | AA49: 21262 | AB49: =AA49/$F$7 -> 0.1679118
D50: 45913 | E50: 六 | F50: =SUM(M50,Q50,S50,U50,W50,Y50,AA50,O50) -> 140458 | I50: 7509 | J50: =I50/$F$7 -> 0.059300618 | K50: 19442 | L50: =K50/$F$7 -> 0.15353877 | M50: =SUM(I50+K50) -> 26951 | N50: =M50/$F$7 -> 0.21283939 | O50: 1049 | P50: =O50/$F$7 -> 0.0082842386 | R50: =Q50/$F$7 -> 0 | T50: =S50/$F$7 -> 0 | U50: 2958 | V50: =U50/$F$7 -> 0.023360131 | W50: 60065 | X50: =W50/$F$7 -> 0.47434966 | Y50: 27628 | Z50: =Y50/$F$7 -> 0.21818584 | AA50: 21807 | AB50: =AA50/$F$7 -> 0.17221582
D51: 45914 | E51: 日 | F51: =SUM(M51,Q51,S51,U51,W51,Y51,AA51,O51) -> 186761 | I51: 7603 | J51: =I51/$F$7 -> 0.060042961 | K51: 22538 | L51: =K51/$F$7 -> 0.17798872 | M51: =SUM(I51+K51) -> 30141 | N51: =M51/$F$7 -> 0.23803168 | O51: 1256 | P51: =O51/$F$7 -> 0.009918974 | R51: =Q51/$F$7 -> 0 | T51: =S51/$F$7 -> 0 | U51: 3546 | V51: =U51/$F$7 -> 0.028003728 | W51: 88405 | X51: =W51/$F$7 -> 0.69815836 | Y51: 34587 | Z51: =Y51/$F$7 -> 0.27314296 | AA51: 28826 | AB51: =AA51/$F$7 -> 0.22764677
D52: 45915 | E52: 一 | F52: =SUM(M52,Q52,S52,U52,W52,Y52,AA52,O52) -> 186709 | I52: 7648 | J52: =I52/$F$7 -> 0.060398338 | K52: 22270 | L52: =K52/$F$7 -> 0.17587225 | M52: =SUM(I52+K52) -> 29918 | N52: =M52/$F$7 -> 0.23627059 | O52: 1094 | P52: =O52/$F$7 -> 0.0086396159 | R52: =Q52/$F$7 -> 0 | T52: =S52/$F$7 -> 0 | U52: 3476 | V52: =U52/$F$7 -> 0.027450918 | W52: 88776 | X52: =W52/$F$7 -> 0.70108824 | Y52: 35000 | Z52: =Y52/$F$7 -> 0.27640453 | AA52: 28445 | AB52: =AA52/$F$7 -> 0.22463791
D53: 45916 | E53: 二 | F53: =SUM(M53,Q53,S53,U53,W53,Y53,AA53,O53) -> 194375 | G53: =SUM(F53:F59) -> 1236089 | I53: 9140 | J53: =I53/$F$7 -> 0.072181069 | K53: 21414 | L53: =K53/$F$7 -> 0.16911219 | M53: =SUM(I53+K53) -> 30554 | N53: =M53/$F$7 -> 0.24129326 | P53: =O53/$F$7 -> 0 | R53: =Q53/$F$7 -> 0 | T53: =S53/$F$7 -> 0 | U53: 3243 | V53: =U53/$F$7 -> 0.025610854 | W53: 102369 | X53: =W53/$F$7 -> 0.80843587 | Y53: 30764 | Z53: =Y53/$F$7 -> 0.24295168 | AA53: 27445 | AB53: =AA53/$F$7 -> 0.21674064
D54: 45917 | E54: 三 | F54: =SUM(M54,Q54,S54,U54,W54,Y54,AA54,O54) -> 188216 | I54: 9130 | J54: =I54/$F$7 -> 0.072102096 | K54: 19081 | L54: =K54/$F$7 -> 0.15068785 | M54: =SUM(I54+K54) -> 28211 | N54: =M54/$F$7 -> 0.22278995 | P54: =O54/$F$7 -> 0 | R54: =Q54/$F$7 -> 0 | T54: =S54/$F$7 -> 0 | U54: 3377 | V54: =U54/$F$7 -> 0.026669088 | W54: 96700 | X54: =W54/$F$7 -> 0.76366623 | Y54: 31790 | Z54: =Y54/$F$7 -> 0.25105429 | AA54: 28138 | AB54: =AA54/$F$7 -> 0.22221345
D55: 45918 | E55: 四 | F55: =SUM(M55,Q55,S55,U55,W55,Y55,AA55,O55) -> 177826 | I55: 9372 | J55: =I55/$F$7 -> 0.074013236 | K55: 16195 | L55: =K55/$F$7 -> 0.12789632 | M55: =SUM(I55+K55) -> 25567 | N55: =M55/$F$7 -> 0.20190956 | P55: =O55/$F$7 -> 0 | R55: =Q55/$F$7 -> 0 | T55: =S55/$F$7 -> 0 | U55: 3152 | V55: =U55/$F$7 -> 0.024892202 | W55: 92374 | X55: =W55/$F$7 -> 0.72950263 | Y55: 29965 | Z55: =Y55/$F$7 -> 0.23664176 | AA55: 26768 | AB55: =AA55/$F$7 -> 0.21139418
D56: 45919 | E56: 五 | F56: =SUM(M56,Q56,S56,U56,W56,Y56,AA56,O56) -> 142595 | I56: 7919 | J56: =I56/$F$7 -> 0.062538499 | K56: 15258 | L56: =K56/$F$7 -> 0.12049658 | M56: =SUM(I56+K56) -> 23177 | N56: =M56/$F$7 -> 0.18303508 | P56: =O56/$F$7 -> 0 | R56: =Q56/$F$7 -> 0 | T56: =S56/$F$7 -> 0 | U56: 2592 | V56: =U56/$F$7 -> 0.02046973 | W56: 71181 | X56: =W56/$F$7 -> 0.56213574 | Y56: 24267 | Z56: =Y56/$F$7 -> 0.19164311 | AA56: 21378 | AB56: =AA56/$F$7 -> 0.16882789
D57: 45920 | E57: 六 | F57: =SUM(M57,Q57,S57,U57,W57,Y57,AA57,O57) -> 148182 | I57: 7889 | J57: =I57/$F$7 -> 0.062301581 | K57: 17789 | L57: =K57/$F$7 -> 0.14048458 | M57: =SUM(I57+K57) -> 25678 | N57: =M57/$F$7 -> 0.20278616 | P57: =O57/$F$7 -> 0 | R57: =Q57/$F$7 -> 0 | T57: =S57/$F$7 -> 0 | U57: 2902 | V57: =U57/$F$7 -> 0.022917884 | W57: 72551 | X57: =W57/$F$7 -> 0.572955 | Y57: 25285 | Z57: =Y57/$F$7 -> 0.19968253 | AA57: 21766 | AB57: =AA57/$F$7 -> 0.17189203
D58: 45921 | E58: 日 | F58: =SUM(M58,Q58,S58,U58,W58,Y58,AA58,O58) -> 194633 | I58: 9061 | J58: =I58/$F$7 -> 0.071557184 | K58: 20768 | L58: =K58/$F$7 -> 0.16401055 | M58: =SUM(I58+K58) -> 29829 | N58: =M58/$F$7 -> 0.23556773 | P58: =O58/$F$7 -> 0 | R58: =Q58/$F$7 -> 0 | T58: =S58/$F$7 -> 0 | U58: 3561 | V58: =U58/$F$7 -> 0.028122187 | W58: 99287 | X58: =W58/$F$7 -> 0.78409647 | Y58: 32840 | Z58: =Y58/$F$7 -> 0.25934642 | AA58: 29116 | AB58: =AA58/$F$7 -> 0.22993698
D59: 45922 | E59: 一 | F59: =SUM(M59,Q59,S59,U59,W59,Y59,AA59,O59) -> 190262 | I59: 8685 | J59: =I59/$F$7 -> 0.06858781 | K59: 20641 | L59: =K59/$F$7 -> 0.1630076 | M59: =SUM(I59+K59) -> 29326 | N59: =M59/$F$7 -> 0.23159541 | P59: =O59/$F$7 -> 0 | R59: =Q59/$F$7 -> 0 | T59: =S59/$F$7 -> 0 | U59: 3506 | V59: =U59/$F$7 -> 0.027687837 | W59: 96548 | X59: =W59/$F$7 -> 0.76246584 | Y59: 32732 | Z59: =Y59/$F$7 -> 0.25849352 | AA59: 28150 | AB59: =AA59/$F$7 -> 0.22230821
D60: 45923 | E60: 二 | F60: =SUM(M60,Q60,S60,U60,W60,Y60,AA60,O60) -> 193580 | G60: =SUM(F60:F66) -> 1166557 | I60: 8342 | J60: =I60/$F$7 -> 0.065879045 | K60: 20190 | L60: =K60/$F$7 -> 0.15944593 | M60: =SUM(I60+K60) -> 28532 | N60: =M60/$F$7 -> 0.22532497 | P60: =O60/$F$7 -> 0 | R60: =Q60/$F$7 -> 0 | T60: =S60/$F$7 -> 0 | U60: 3413 | V60: =U60/$F$7 -> 0.02695339 | W60: 103408 | X60: =W60/$F$7 -> 0.81664113 | Y60: 31306 | Z60: =Y60/$F$7 -> 0.24723201 | AA60: 26921 | AB60: =AA60/$F$7 -> 0.21260247
D61: 45924 | E61: 三 | F61: =SUM(M61,Q61,S61,U61,W61,Y61,AA61,O61) -> 188192 | I61: 8905 | J61: =I61/$F$7 -> 0.07032521 | K61: 19529 | L61: =K61/$F$7 -> 0.15422583 | M61: =SUM(I61+K61) -> 28434 | N61: =M61/$F$7 -> 0.22455104 | P61: =O61/$F$7 -> 0 | R61: =Q61/$F$7 -> 0 | T61: =S61/$F$7 -> 0 | U61: 3470 | V61: =U61/$F$7 -> 0.027403535 | W61: 98824 | X61: =W61/$F$7 -> 0.78044004 | Y61: 30866 | Z61: =Y61/$F$7 -> 0.24375721 | AA61: 26598 | AB61: =AA61/$F$7 -> 0.21005165
D62: 45925 | E62: 四 | F62: =SUM(M62,Q62,S62,U62,W62,Y62,AA62,O62) -> 172278 | I62: 8179 | J62: =I62/$F$7 -> 0.06459179 | K62: 17553 | L62: =K62/$F$7 -> 0.13862082 | M62: =SUM(I62+K62) -> 25732 | N62: =M62/$F$7 -> 0.20321261 | P62: =O62/$F$7 -> 0 | R62: =Q62/$F$7 -> 0 | T62: =S62/$F$7 -> 0 | U62: 3265 | V62: =U62/$F$7 -> 0.025784594 | W62: 90611 | X62: =W62/$F$7 -> 0.71557974 | Y62: 29125 | Z62: =Y62/$F$7 -> 0.23000806 | AA62: 23545 | AB62: =AA62/$F$7 -> 0.18594128
D63: 45926 | E63: 五 | F63: =SUM(M63,Q63,S63,U63,W63,Y63,AA63,O63) -> 133617 | I63: 6140 | J63: =I63/$F$7 -> 0.048489252 | K63: 16043 | L63: =K63/$F$7 -> 0.12669594 | M63: =SUM(I63+K63) -> 22183 | N63: =M63/$F$7 -> 0.17518519 | P63: =O63/$F$7 -> 0 | R63: =Q63/$F$7 -> 0 | T63: =S63/$F$7 -> 0 | U63: 2886 | V63: =U63/$F$7 -> 0.022791528 | W63: 65734 | X63: =W63/$F$7 -> 0.5191193 | Y63: 24591 | Z63: =Y63/$F$7 -> 0.19420182 | AA63: 18223 | AB63: =AA63/$F$7 -> 0.14391199
D64: 45927 | E64: 六 | F64: =SUM(M64,Q64,S64,U64,W64,Y64,AA64,O64) -> 133344 | I64: 6172 | J64: =I64/$F$7 -> 0.048741965 | K64: 17127 | L64: =K64/$F$7 -> 0.13525658 | M64: =SUM(I64+K64) -> 23299 | N64: =M64/$F$7 -> 0.18399855 | P64: =O64/$F$7 -> 0 | R64: =Q64/$F$7 -> 0 | T64: =S64/$F$7 -> 0 | U64: 2943 | V64: =U64/$F$7 -> 0.023241672 | W64: 63344 | X64: =W64/$F$7 -> 0.50024482 | Y64: 25042 | Z64: =Y64/$F$7 -> 0.19776349 | AA64: 18716 | AB64: =AA64/$F$7 -> 0.14780535
D65: 45928 | E65: 日 | F65: =SUM(M65,Q65,S65,U65,W65,Y65,AA65,O65) -> 145605 | I65: 6481 | J65: =I65/$F$7 -> 0.051182222 | K65: 19073 | L65: =K65/$F$7 -> 0.15062467 | M65: =SUM(I65+K65) -> 25554 | N65: =M65/$F$7 -> 0.2018069 | P65: =O65/$F$7 -> 0 | R65: =Q65/$F$7 -> 0 | T65: =S65/$F$7 -> 0 | U65: 3002 | V65: =U65/$F$7 -> 0.023707611 | W65: 70544 | X65: =W65/$F$7 -> 0.55710518 | Y65: 27144 | Z65: =Y65/$F$7 -> 0.21436356 | AA65: 19361 | AB65: =AA65/$F$7 -> 0.15289909
D66: 45929 | E66: 一 | F66: =SUM(M66,Q66,S66,U66,W66,Y66,AA66,O66) -> 199941 | I66: 9307 | J66: =I66/$F$7 -> 0.073499913 | K66: 21055 | L66: =K66/$F$7 -> 0.16627707 | M66: =SUM(I66+K66) -> 30362 | N66: =M66/$F$7 -> 0.23977698 | P66: =O66/$F$7 -> 0 | R66: =Q66/$F$7 -> 0 | T66: =S66/$F$7 -> 0 | U66: 3752 | V66: =U66/$F$7 -> 0.029630566 | W66: 104378 | X66: =W66/$F$7 -> 0.82430149 | Y66: 33570 | Z66: =Y66/$F$7 -> 0.26511143 | AA66: 27879 | AB66: =AA66/$F$7 -> 0.22016805
D67: 45930 | E67: 二 | F67: =SUM(M67,Q67,S67,U67,W67,Y67,AA67,O67) -> 193383 | G67: =SUM(F67:F73) -> 1146243 | I67: 8559 | J67: =I67/$F$7 -> 0.067592753 | K67: 20760 | L67: =K67/$F$7 -> 0.16394737 | M67: =SUM(I67+K67) -> 29319 | N67: =M67/$F$7 -> 0.23154013 | P67: =O67/$F$7 -> 0 | R67: =Q67/$F$7 -> 0 | T67: =S67/$F$7 -> 0 | U67: 3510 | V67: =U67/$F$7 -> 0.027719426 | W67: 101776 | X67: =W67/$F$7 -> 0.80375278 | Y67: 32134 | Z67: =Y67/$F$7 -> 0.25377095 | AA67: 26644 | AB67: =AA67/$F$7 -> 0.21041492
C68: 十 | D68: 45931 | E68: =RIGHT(TEXT(D68,"AAA"),1) -> 三 | F68: =SUM(M68,Q68,S68,U68,W68,Y68,AA68,O68) -> 186725 | H68: =SUM(F68:F97) -> 2119105 | I68: 8109 | J68: =I68/$F$7 -> 0.064038981 | K68: 18216 | L68: =K68/$F$7 -> 0.14385671 | M68: =SUM(I68+K68) -> 26325 | N68: =M68/$F$7 -> 0.20789569 | P68: =O68/$F$7 -> 0 | R68: =Q68/$F$7 -> 0 | T68: =S68/$F$7 -> 0 | U68: 3333 | V68: =U68/$F$7 -> 0.026321609 | W68: 100369 | X68: =W68/$F$7 -> 0.79264132 | Y68: 30627 | Z68: =Y68/$F$7 -> 0.24186976 | AA68: 26071 | AB68: =AA68/$F$7 -> 0.20588979
D69: 45932 | E69: =RIGHT(TEXT(D69,"AAA"),1) -> 四 | F69: =SUM(M69,Q69,S69,U69,W69,Y69,AA69,O69) -> 171980 | I69: 7219 | J69: =I69/$F$7 -> 0.057010409 | K69: 16173 | L69: =K69/$F$7 -> 0.12772258 | M69: =SUM(I69+K69) -> 23392 | N69: =M69/$F$7 -> 0.18473299 | P69: =O69/$F$7 -> 0 | R69: =Q69/$F$7 -> 0 | T69: =S69/$F$7 -> 0 | U69: 3179 | V69: =U69/$F$7 -> 0.025105429 | W69: 92184 | X69: =W69/$F$7 -> 0.72800215 | Y69: 28839 | Z69: =Y69/$F$7 -> 0.22774944 | AA69: 24386 | AB69: =AA69/$F$7 -> 0.19258288
D70: 45933 | E70: =RIGHT(TEXT(D70,"AAA"),1) -> 五 | F70: =SUM(M70,Q70,S70,U70,W70,Y70,AA70,O70) -> 131535 | I70: 5576 | J70: =I70/$F$7 -> 0.04403519 | K70: 14862 | L70: =K70/$F$7 -> 0.11736926 | M70: =SUM(I70+K70) -> 20438 | N70: =M70/$F$7 -> 0.16140445 | P70: =O70/$F$7 -> 0 | R70: =Q70/$F$7 -> 0 | T70: =S70/$F$7 -> 0 | U70: 2719 | V70: =U70/$F$7 -> 0.021472683 | W70: 66024 | X70: =W70/$F$7 -> 0.52140951 | Y70: 24046 | Z70: =Y70/$F$7 -> 0.18989781 | AA70: 18308 | AB70: =AA70/$F$7 -> 0.14458326
D71: 45934 | E71: =RIGHT(TEXT(D71,"AAA"),1) -> 六 | F71: =SUM(M71,Q71,S71,U71,W71,Y71,AA71,O71) -> 127425 | I71: 5641 | J71: =I71/$F$7 -> 0.044548513 | K71: 15872 | L71: =K71/$F$7 -> 0.12534551 | M71: =SUM(I71+K71) -> 21513 | N71: =M71/$F$7 -> 0.16989402 | P71: =O71/$F$7 -> 0 | R71: =Q71/$F$7 -> 0 | T71: =S71/$F$7 -> 0 | U71: 2768 | V71: =U71/$F$7 -> 0.02185965 | W71: 61455 | X71: =W71/$F$7 -> 0.48532687 | Y71: 23509 | Z71: =Y71/$F$7 -> 0.18565697 | AA71: 18180 | AB71: =AA71/$F$7 -> 0.14357241
D72: 45935 | E72: =RIGHT(TEXT(D72,"AAA"),1) -> 日 | F72: =SUM(M72,Q72,S72,U72,W72,Y72,AA72,O72) -> 143171 | I72: 5885 | J72: =I72/$F$7 -> 0.046475447 | K72: 17897 | L72: =K72/$F$7 -> 0.14133748 | M72: =SUM(I72+K72) -> 23782 | N72: =M72/$F$7 -> 0.18781293 | P72: =O72/$F$7 -> 0 | R72: =Q72/$F$7 -> 0 | T72: =S72/$F$7 -> 0 | U72: 2855 | V72: =U72/$F$7 -> 0.022546712 | W72: 72184 | X72: =W72/$F$7 -> 0.5700567 | Y72: 25227 | Z72: =Y72/$F$7 -> 0.19922449 | AA72: 19123 | AB72: =AA72/$F$7 -> 0.15101954
D73: 45936 | E73: =RIGHT(TEXT(D73,"AAA"),1) -> 一 | F73: =SUM(M73,Q73,S73,U73,W73,Y73,AA73,O73) -> 192024 | I73: 8332 | J73: =I73/$F$7 -> 0.065800073 | K73: 20326 | L73: =K73/$F$7 -> 0.16051996 | M73: =SUM(I73+K73) -> 28658 | N73: =M73/$F$7 -> 0.22632003 | P73: =O73/$F$7 -> 0 | R73: =Q73/$F$7 -> 0 | T73: =S73/$F$7 -> 0 | U73: 3547 | V73: =U73/$F$7 -> 0.028011625 | W73: 101567 | X73: =W73/$F$7 -> 0.80210225 | Y73: 31430 | Z73: =Y73/$F$7 -> 0.24821127 | AA73: 26822 | AB73: =AA73/$F$7 -> 0.21182064
D74: 45937 | E74: =RIGHT(TEXT(D74,"AAA"),1) -> 二 | F74: =SUM(M74,Q74,S74,U74,W74,Y74,AA74,O74) -> 198029 | G74: =SUM(F74:F80) -> 1166245 | I74: 7462 | J74: =I74/$F$7 -> 0.058929446 | K74: 19210 | L74: =K74/$F$7 -> 0.1517066 | M74: =SUM(I74+K74) -> 26672 | N74: =M74/$F$7 -> 0.21063605 | P74: =O74/$F$7 -> 0 | R74: =Q74/$F$7 -> 0 | T74: =S74/$F$7 -> 0 | U74: 3247 | V74: =U74/$F$7 -> 0.025642443 | W74: 98245 | X74: =W74/$F$7 -> 0.77586752 | Y74: 44585 | Z74: =Y74/$F$7 -> 0.35209988 | AA74: 25280 | AB74: =AA74/$F$7 -> 0.19964304
D75: 45938 | E75: =RIGHT(TEXT(D75,"AAA"),1) -> 三 | F75: =SUM(M75,Q75,S75,U75,W75,Y75,AA75,O75) -> 175504 | I75: 6689 | J75: =I75/$F$7 -> 0.052824854 | K75: 16762 | L75: =K75/$F$7 -> 0.13237408 | M75: =SUM(I75+K75) -> 23451 | N75: =M75/$F$7 -> 0.18519893 | P75: =O75/$F$7 -> 0 | R75: =Q75/$F$7 -> 0 | T75: =S75/$F$7 -> 0 | U75: 3275 | V75: =U75/$F$7 -> 0.025863567 | W75: 88731 | X75: =W75/$F$7 -> 0.70073287 | Y75: 36804 | Z75: =Y75/$F$7 -> 0.29065121 | AA75: 23243 | AB75: =AA75/$F$7 -> 0.1835563
D76: 45939 | E76: =RIGHT(TEXT(D76,"AAA"),1) -> 四 | F76: =SUM(M76,Q76,S76,U76,W76,Y76,AA76,O76) -> 139920 | I76: 5514 | J76: =I76/$F$7 -> 0.043545559 | K76: 14833 | L76: =K76/$F$7 -> 0.11714024 | M76: =SUM(I76+K76) -> 20347 | N76: =M76/$F$7 -> 0.1606858 | P76: =O76/$F$7 -> 0 | R76: =Q76/$F$7 -> 0 | T76: =S76/$F$7 -> 0 | U76: 2983 | V76: =U76/$F$7 -> 0.023557563 | W76: 66041 | X76: =W76/$F$7 -> 0.52154376 | Y76: 32276 | Z76: =Y76/$F$7 -> 0.25489236 | AA76: 18273 | AB76: =AA76/$F$7 -> 0.14430686
D77: 45940 | E77: =RIGHT(TEXT(D77,"AAA"),1) -> 五 | F77: =SUM(M77,Q77,S77,U77,W77,Y77,AA77,O77) -> 131230 | I77: 4684 | J77: =I77/$F$7 -> 0.036990823 | K77: 16101 | L77: =K77/$F$7 -> 0.12715398 | M77: =SUM(I77+K77) -> 20785 | N77: =M77/$F$7 -> 0.1641448 | P77: =O77/$F$7 -> 0 | R77: =Q77/$F$7 -> 0 | T77: =S77/$F$7 -> 0 | U77: 2973 | V77: =U77/$F$7 -> 0.02347859 | W77: 60537 | X77: =W77/$F$7 -> 0.47807717 | Y77: 29149 | Z77: =Y77/$F$7 -> 0.23019759 | AA77: 17786 | AB77: =AA77/$F$7 -> 0.14046088
D78: 45941 | E78: =RIGHT(TEXT(D78,"AAA"),1) -> 六 | F78: =SUM(M78,Q78,S78,U78,W78,Y78,AA78,O78) -> 141185 | I78: 5276 | J78: =I78/$F$7 -> 0.041666009 | K78: 18698 | L78: =K78/$F$7 -> 0.1476632 | M78: =SUM(I78+K78) -> 23974 | N78: =M78/$F$7 -> 0.18932921 | P78: =O78/$F$7 -> 0 | R78: =Q78/$F$7 -> 0 | T78: =S78/$F$7 -> 0 | U78: 3125 | V78: =U78/$F$7 -> 0.024678976 | W78: 62771 | X78: =W78/$F$7 -> 0.49571968 | Y78: 32519 | Z78: =Y78/$F$7 -> 0.2568114 | AA78: 18796 | AB78: =AA78/$F$7 -> 0.14843713
D79: 45942 | E79: =RIGHT(TEXT(D79,"AAA"),1) -> 日 | F79: =SUM(M79,Q79,S79,U79,W79,Y79,AA79,O79) -> 191217 | I79: 6805 | J79: =I79/$F$7 -> 0.053740938 | K79: 20695 | L79: =K79/$F$7 -> 0.16343405 | M79: =SUM(I79+K79) -> 27500 | N79: =M79/$F$7 -> 0.21717499 | P79: =O79/$F$7 -> 0 | R79: =Q79/$F$7 -> 0 | T79: =S79/$F$7 -> 0 | U79: 3505 | V79: =U79/$F$7 -> 0.027679939 | W79: 93779 | X79: =W79/$F$7 -> 0.7405983 | Y79: 40413 | Z79: =Y79/$F$7 -> 0.31915246 | AA79: 26020 | AB79: =AA79/$F$7 -> 0.20548702
D80: 45943 | E80: =RIGHT(TEXT(D80,"AAA"),1) -> 一 | F80: =SUM(M80,Q80,S80,U80,W80,Y80,AA80,O80) -> 189160 | I80: 6607 | J80: =I80/$F$7 -> 0.052177278 | K80: 20966 | L80: =K80/$F$7 -> 0.16557421 | M80: =SUM(I80+K80) -> 27573 | N80: =M80/$F$7 -> 0.21775149 | P80: =O80/$F$7 -> 0 | R80: =Q80/$F$7 -> 0 | T80: =S80/$F$7 -> 0 | U80: 3524 | V80: =U80/$F$7 -> 0.027829988 | W80: 95078 | X80: =W80/$F$7 -> 0.75085685 | Y80: 36893 | Z80: =Y80/$F$7 -> 0.29135407 | AA80: 26092 | AB80: =AA80/$F$7 -> 0.20605563
D81: 45944 | E81: =RIGHT(TEXT(D81,"AAA"),1) -> 二 | F81: =SUM(M81,Q81,S81,U81,W81,Y81,AA81,O81) -> 0 | G81: =SUM(F81:F87) -> 0 | J81: =I81/$F$7 -> 0 | L81: =K81/$F$7 -> 0 | M81: =SUM(I81+K81) -> 0 | N81: =M81/$F$7 -> 0 | P81: =O81/$F$7 -> 0 | R81: =Q81/$F$7 -> 0 | T81: =S81/$F$7 -> 0 | V81: =U81/$F$7 -> 0 | X81: =W81/$F$7 -> 0 | Z81: =Y81/$F$7 -> 0 | AB81: =AA81/$F$7 -> 0
D82: 45945 | E82: =RIGHT(TEXT(D82,"AAA"),1) -> 三 | F82: =SUM(M82,Q82,S82,U82,W82,Y82,AA82,O82) -> 0 | J82: =I82/$F$7 -> 0 | L82: =K82/$F$7 -> 0 | M82: =SUM(I82+K82) -> 0 | N82: =M82/$F$7 -> 0 | P82: =O82/$F$7 -> 0 | R82: =Q82/$F$7 -> 0 | T82: =S82/$F$7 -> 0 | V82: =U82/$F$7 -> 0 | X82: =W82/$F$7 -> 0 | Z82: =Y82/$F$7 -> 0 | AB82: =AA82/$F$7 -> 0
D83: 45946 | E83: =RIGHT(TEXT(D83,"AAA"),1) -> 四 | F83: =SUM(M83,Q83,S83,U83,W83,Y83,AA83,O83) -> 0 | J83: =I83/$F$7 -> 0 | L83: =K83/$F$7 -> 0 | M83: =SUM(I83+K83) -> 0 | N83: =M83/$F$7 -> 0 | P83: =O83/$F$7 -> 0 | R83: =Q83/$F$7 -> 0 | T83: =S83/$F$7 -> 0 | V83: =U83/$F$7 -> 0 | X83: =W83/$F$7 -> 0 | Z83: =Y83/$F$7 -> 0 | AB83: =AA83/$F$7 -> 0
D84: 45947 | E84: =RIGHT(TEXT(D84,"AAA"),1) -> 五 | F84: =SUM(M84,Q84,S84,U84,W84,Y84,AA84,O84) -> 0 | J84: =I84/$F$7 -> 0 | L84: =K84/$F$7 -> 0 | M84: =SUM(I84+K84) -> 0 | N84: =M84/$F$7 -> 0 | P84: =O84/$F$7 -> 0 | R84: =Q84/$F$7 -> 0 | T84: =S84/$F$7 -> 0 | V84: =U84/$F$7 -> 0 | X84: =W84/$F$7 -> 0 | Z84: =Y84/$F$7 -> 0 | AB84: =AA84/$F$7 -> 0
D85: 45948 | E85: =RIGHT(TEXT(D85,"AAA"),1) -> 六 | F85: =SUM(M85,Q85,S85,U85,W85,Y85,AA85,O85) -> 0 | J85: =I85/$F$7 -> 0 | L85: =K85/$F$7 -> 0 | M85: =SUM(I85+K85) -> 0 | N85: =M85/$F$7 -> 0 | P85: =O85/$F$7 -> 0 | R85: =Q85/$F$7 -> 0 | T85: =S85/$F$7 -> 0 | V85: =U85/$F$7 -> 0 | X85: =W85/$F$7 -> 0 | Z85: =Y85/$F$7 -> 0 | AB85: =AA85/$F$7 -> 0
D86: 45949 | E86: =RIGHT(TEXT(D86,"AAA"),1) -> 日 | F86: =SUM(M86,Q86,S86,U86,W86,Y86,AA86,O86) -> 0 | J86: =I86/$F$7 -> 0 | L86: =K86/$F$7 -> 0 | M86: =SUM(I86+K86) -> 0 | N86: =M86/$F$7 -> 0 | P86: =O86/$F$7 -> 0 | R86: =Q86/$F$7 -> 0 | T86: =S86/$F$7 -> 0 | V86: =U86/$F$7 -> 0 | X86: =W86/$F$7 -> 0 | Z86: =Y86/$F$7 -> 0 | AB86: =AA86/$F$7 -> 0
D87: 45950 | E87: =RIGHT(TEXT(D87,"AAA"),1) -> 一 | F87: =SUM(M87,Q87,S87,U87,W87,Y87,AA87,O87) -> 0 | J87: =I87/$F$7 -> 0 | L87: =K87/$F$7 -> 0 | M87: =SUM(I87+K87) -> 0 | N87: =M87/$F$7 -> 0 | P87: =O87/$F$7 -> 0 | R87: =Q87/$F$7 -> 0 | T87: =S87/$F$7 -> 0 | V87: =U87/$F$7 -> 0 | X87: =W87/$F$7 -> 0 | Z87: =Y87/$F$7 -> 0 | AB87: =AA87/$F$7 -> 0
D88: 45951 | E88: =RIGHT(TEXT(D88,"AAA"),1) -> 二 | F88: =SUM(M88,Q88,S88,U88,W88,Y88,AA88,O88) -> 0 | G88: =SUM(F88:F94) -> 0 | J88: =I88/$F$7 -> 0 | L88: =K88/$F$7 -> 0 | M88: =SUM(I88+K88) -> 0 | N88: =M88/$F$7 -> 0 | P88: =O88/$F$7 -> 0 | R88: =Q88/$F$7 -> 0 | T88: =S88/$F$7 -> 0 | V88: =U88/$F$7 -> 0 | X88: =W88/$F$7 -> 0 | Z88: =Y88/$F$7 -> 0 | AB88: =AA88/$F$7 -> 0
D89: 45952 | E89: =RIGHT(TEXT(D89,"AAA"),1) -> 三 | F89: =SUM(M89,Q89,S89,U89,W89,Y89,AA89,O89) -> 0 | J89: =I89/$F$7 -> 0 | L89: =K89/$F$7 -> 0 | M89: =SUM(I89+K89) -> 0 | N89: =M89/$F$7 -> 0 | P89: =O89/$F$7 -> 0 | R89: =Q89/$F$7 -> 0 | T89: =S89/$F$7 -> 0 | V89: =U89/$F$7 -> 0 | X89: =W89/$F$7 -> 0 | Z89: =Y89/$F$7 -> 0 | AB89: =AA89/$F$7 -> 0
D90: 45953 | E90: =RIGHT(TEXT(D90,"AAA"),1) -> 四 | F90: =SUM(M90,Q90,S90,U90,W90,Y90,AA90,O90) -> 0 | J90: =I90/$F$7 -> 0 | L90: =K90/$F$7 -> 0 | M90: =SUM(I90+K90) -> 0 | N90: =M90/$F$7 -> 0 | P90: =O90/$F$7 -> 0 | R90: =Q90/$F$7 -> 0 | T90: =S90/$F$7 -> 0 | V90: =U90/$F$7 -> 0 | X90: =W90/$F$7 -> 0 | Z90: =Y90/$F$7 -> 0 | AB90: =AA90/$F$7 -> 0
D91: 45954 | E91: =RIGHT(TEXT(D91,"AAA"),1) -> 五 | F91: =SUM(M91,Q91,S91,U91,W91,Y91,AA91,O91) -> 0 | J91: =I91/$F$7 -> 0 | L91: =K91/$F$7 -> 0 | M91: =SUM(I91+K91) -> 0 | N91: =M91/$F$7 -> 0 | P91: =O91/$F$7 -> 0 | R91: =Q91/$F$7 -> 0 | T91: =S91/$F$7 -> 0 | V91: =U91/$F$7 -> 0 | X91: =W91/$F$7 -> 0 | Z91: =Y91/$F$7 -> 0 | AB91: =AA91/$F$7 -> 0
D92: 45955 | E92: =RIGHT(TEXT(D92,"AAA"),1) -> 六 | F92: =SUM(M92,Q92,S92,U92,W92,Y92,AA92,O92) -> 0 | J92: =I92/$F$7 -> 0 | L92: =K92/$F$7 -> 0 | M92: =SUM(I92+K92) -> 0 | N92: =M92/$F$7 -> 0 | P92: =O92/$F$7 -> 0 | R92: =Q92/$F$7 -> 0 | T92: =S92/$F$7 -> 0 | V92: =U92/$F$7 -> 0 | X92: =W92/$F$7 -> 0 | Z92: =Y92/$F$7 -> 0 | AB92: =AA92/$F$7 -> 0
D93: 45956 | E93: =RIGHT(TEXT(D93,"AAA"),1) -> 日 | F93: =SUM(M93,Q93,S93,U93,W93,Y93,AA93,O93) -> 0 | J93: =I93/$F$7 -> 0 | L93: =K93/$F$7 -> 0 | M93: =SUM(I93+K93) -> 0 | N93: =M93/$F$7 -> 0 | P93: =O93/$F$7 -> 0 | R93: =Q93/$F$7 -> 0 | T93: =S93/$F$7 -> 0 | V93: =U93/$F$7 -> 0 | X93: =W93/$F$7 -> 0 | Z93: =Y93/$F$7 -> 0 | AB93: =AA93/$F$7 -> 0
D94: 45957 | E94: =RIGHT(TEXT(D94,"AAA"),1) -> 一 | F94: =SUM(M94,Q94,S94,U94,W94,Y94,AA94,O94) -> 0 | J94: =I94/$F$7 -> 0 | L94: =K94/$F$7 -> 0 | M94: =SUM(I94+K94) -> 0 | N94: =M94/$F$7 -> 0 | P94: =O94/$F$7 -> 0 | R94: =Q94/$F$7 -> 0 | T94: =S94/$F$7 -> 0 | V94: =U94/$F$7 -> 0 | X94: =W94/$F$7 -> 0 | Z94: =Y94/$F$7 -> 0 | AB94: =AA94/$F$7 -> 0
D95: 45958 | E95: =RIGHT(TEXT(D95,"AAA"),1) -> 二 | F95: =SUM(M95,Q95,S95,U95,W95,Y95,AA95,O95) -> 0 | G95: =SUM(F95:F101) -> 0 | J95: =I95/$F$7 -> 0 | L95: =K95/$F$7 -> 0 | M95: =SUM(I95+K95) -> 0 | N95: =M95/$F$7 -> 0 | P95: =O95/$F$7 -> 0 | R95: =Q95/$F$7 -> 0 | T95: =S95/$F$7 -> 0 | V95: =U95/$F$7 -> 0 | X95: =W95/$F$7 -> 0 | Z95: =Y95/$F$7 -> 0 | AB95: =AA95/$F$7 -> 0
D96: 45959 | E96: =RIGHT(TEXT(D96,"AAA"),1) -> 三 | F96: =SUM(M96,Q96,S96,U96,W96,Y96,AA96,O96) -> 0 | J96: =I96/$F$7 -> 0 | L96: =K96/$F$7 -> 0 | M96: =SUM(I96+K96) -> 0 | N96: =M96/$F$7 -> 0 | P96: =O96/$F$7 -> 0 | R96: =Q96/$F$7 -> 0 | T96: =S96/$F$7 -> 0 | V96: =U96/$F$7 -> 0 | X96: =W96/$F$7 -> 0 | Z96: =Y96/$F$7 -> 0 | AB96: =AA96/$F$7 -> 0
D97: 45960 | E97: =RIGHT(TEXT(D97,"AAA"),1) -> 四 | F97: =SUM(M97,Q97,S97,U97,W97,Y97,AA97,O97) -> 0 | J97: =I97/$F$7 -> 0 | L97: =K97/$F$7 -> 0 | M97: =SUM(I97+K97) -> 0 | N97: =M97/$F$7 -> 0 | P97: =O97/$F$7 -> 0 | R97: =Q97/$F$7 -> 0 | T97: =S97/$F$7 -> 0 | V97: =U97/$F$7 -> 0 | X97: =W97/$F$7 -> 0 | Z97: =Y97/$F$7 -> 0 | AB97: =AA97/$F$7 -> 0
D98: 45961 | E98: =RIGHT(TEXT(D98,"AAA"),1) -> 五 | F98: =SUM(M98,Q98,S98,U98,W98,Y98,AA98,O98) -> 0 | J98: =I98/$F$7 -> 0 | L98: =K98/$F$7 -> 0 | M98: =SUM(I98+K98) -> 0 | N98: =M98/$F$7 -> 0 | P98: =O98/$F$7 -> 0 | R98: =Q98/$F$7 -> 0 | T98: =S98/$F$7 -> 0 | V98: =U98/$F$7 -> 0 | X98: =W98/$F$7 -> 0 | Z98: =Y98/$F$7 -> 0 | AB98: =AA98/$F$7 -> 0

Sheet （５-1）品群別人時生產性（4℃-主食）
B1: 月平均人時性 | C1: =AVERAGE(L187,L207,L227,L247,L267) -> 117.62826
B2: 產線配置圖－每週更新 | N2: 資料繳交 | O2: 日期 | AE2: 45870 | AJ2: 45871 | AO2: 45872 | AT2: 45873
P3: 二 | U3: 三 | Z3: 四 | AE3: 五 | AJ3: 六 | AO3: 日 | AT3: 一
B4: 品群 | C4: 商品名稱 | E4: 計畫 | H4: 平均人時性 | I4: 實績 | L4: 平均人時性 | M4: 排名 | O4: 日報 | P4: 實際 | T4: 平均人時性 | U4: 實際 | Y4: 平均人時性 | Z4: 實際 | AD4: 平均人時性 | AE4: 實際 | AI4: 平均人時性 | AJ4: 實際 | AN4: 平均人時性 | AO4: 實際 | AS4: 平均人時性 | AT4: 實際 | AX4: 平均人時性
E5: 產線配置圖 | I5: 產線配置圖 | P5: 生產實績 | U5: 生產實績 | Z5: 生產實績 | AE5: 生產實績 | AJ5: 生產實績 | AO5: 生產實績 | AT5: 生產實績
E6: 人數 | F6: 產能／時 | G6: 人時性 | I6: 人數 | J6: 產能／時 | K6: 人時性 | P6: 人數 | Q6: 產能／時 | R6: 人時性 | S6: 排名 | U6: 人數 | V6: 產能／時 | W6: 人時性 | X6: 排名 | Z6: 人數 | AA6: 產能／時 | AB6: 人時性 | AC6: 排名 | AE6: 人數 | AF6: 產能／時 | AG6: 人時性 | AH6: 排名 | AJ6: 人數 | AK6: 產能／時 | AL6: 人時性 | AM6: 排名 | AO6: 人數 | AP6: 產能／時 | AQ6: 人時性 | AR6: 排名 | AT6: 人數 | AU6: 產能／時 | AV6: 人時性 | AW6: 排名
B7: 主食 | C7: 1 | D7: 二配煸椒烘蛋飯 | E7: 17 | F7: 1800 | G7: =F7/E7 -> 105.88235 | H7: =AVERAGE(G7:G21) -> 104.80882 | I7: =IFERROR(AVERAGE(P7,U7,Z7,AE7,AJ7,AO7,AT7),"") -> 17 | J7: =IFERROR(AVERAGE(Q7,V7,AA7,AF7,AK7,AP7,AU7),"") -> 1827.639 | K7: =IFERROR(AVERAGE(R7,W7,AB7,AG7,AL7,AQ7,AV7),"") -> 107.50818 | L7: =IFERROR(AVERAGE(K7:K21),"-") -> 106.09939 | M7: =IFERROR(RANK(K7, K$7:K$21),"") -> 8 | R7: =IFERROR(Q7/P7,"") | S7: =IFERROR(RANK(R7, R$7:R$21),"") | T7: =AVERAGE(R7:R21) -> #DIV/0! | W7: =IFERROR(V7/U7,"") | X7: =IFERROR(RANK(W7, W$7:W$21),"") | Y7: =AVERAGE(W7:W21) -> #DIV/0! | AB7: =IFERROR(AA7/Z7,"") | AC7: =IFERROR(RANK(AB7, AB$7:AB$21),"") | AD7: =AVERAGE(AB7:AB21) -> #DIV/0! | AE7: 17 | AF7: 1704 | AG7: =IFERROR(AF7/AE7,"") -> 100.23529 | AH7: =IFERROR(RANK(AG7, AG$7:AG$21),"") -> 7 | AI7: =AVERAGE(AG7:AG21) -> 96.289006 | AJ7: 17 | AK7: 1873.125 | AL7: =IFERROR(AK7/AJ7,"") -> 110.18382 | AM7: =IFERROR(RANK(AL7, AL$7:AL$21),"") -> 8 | AN7: =AVERAGE(AL7:AL21) -> 109.07232 | AO7: 17 | AP7: 1861.8182 | AQ7: =IFERROR(AP7/AO7,"") -> 109.51872 | AR7: =IFERROR(RANK(AQ7, AQ$7:AQ$21),"") -> 8 | AS7: =AVERAGE(AQ7:AQ21) -> 109.32778 | AT7: 17 | AU7: 1871.6129 | AV7: =IFERROR(AU7/AT7,"") -> 110.09488 | AW7: =IFERROR(RANK(AV7, AV$7:AV$21),"") -> 8 | AX7: =AVERAGE(AV7:AV21) -> 109.70846
C8: 2 | D8: 二配川味麻婆燒豆腐燴飯 | E8: 16 | F8: 1800 | G8: =F8/E8 -> 112.5 | I8: =IFERROR(AVERAGE(P8,U8,Z8,AE8,AJ8,AO8,AT8),"") -> 16 | J8: =IFERROR(AVERAGE(Q8,V8,AA8,AF8,AK8,AP8,AU8),"") -> 1789.242 | K8: =IFERROR(AVERAGE(R8,W8,AB8,AG8,AL8,AQ8,AV8),"") -> 111.82763 | M8: =IFERROR(RANK(K8, K$7:K$21),"") -> 5 | R8: =IFERROR(Q8/P8,"") | S8: =IFERROR(RANK(R8, R$7:R$21),"") | W8: =IFERROR(V8/U8,"") | X8: =IFERROR(RANK(W8, W$7:W$21),"") | AB8: =IFERROR(AA8/Z8,"") | AC8: =IFERROR(RANK(AB8, AB$7:AB$21),"") | AE8: 16 | AF8: 1642.3729 | AG8: =IFERROR(AF8/AE8,"") -> 102.64831 | AH8: =IFERROR(RANK(AG8, AG$7:AG$21),"") -> 4 | AJ8: 16 | AK8: 1833.3333 | AL8: =IFERROR(AK8/AJ8,"") -> 114.58333 | AM8: =IFERROR(RANK(AL8, AL$7:AL$21),"") -> 6 | AO8: 16 | AP8: 1835.8333 | AQ8: =IFERROR(AP8/AO8,"") -> 114.73958 | AR8: =IFERROR(RANK(AQ8, AQ$7:AQ$21),"") -> 5 | AT8: 16 | AU8: 1845.4286 | AV8: =IFERROR(AU8/AT8,"") -> 115.33929 | AW8: =IFERROR(RANK(AV8, AV$7:AV$21),"") -> 5
C9: 3 | D9: 二配港式香滑嫩蛋牛肉燴飯 | E9: 18 | F9: 1800 | G9: =F9/E9 -> 100 | I9: =IFERROR(AVERAGE(P9,U9,Z9,AE9,AJ9,AO9,AT9),"") -> 18 | J9: =IFERROR(AVERAGE(Q9,V9,AA9,AF9,AK9,AP9,AU9),"") -> 1796.5238 | K9: =IFERROR(AVERAGE(R9,W9,AB9,AG9,AL9,AQ9,AV9),"") -> 99.806876 | M9: =IFERROR(RANK(K9, K$7:K$21),"") -> 12 | R9: =IFERROR(Q9/P9,"") | S9: =IFERROR(RANK(R9, R$7:R$21),"") | W9: =IFERROR(V9/U9,"") | X9: =IFERROR(RANK(W9, W$7:W$21),"") | AB9: =IFERROR(AA9/Z9,"") | AC9: =IFERROR(RANK(AB9, AB$7:AB$21),"") | AE9: 18 | AF9: 1663.8095 | AG9: =IFERROR(AF9/AE9,"") -> 92.433862 | AH9: =IFERROR(RANK(AG9, AG$7:AG$21),"") -> 10 | AJ9: 18 | AK9: 1845.2174 | AL9: =IFERROR(AK9/AJ9,"") -> 102.51208 | AM9: =IFERROR(RANK(AL9, AL$7:AL$21),"") -> 12 | AO9: 18 | AP9: 1833.5065 | AQ9: =IFERROR(AP9/AO9,"") -> 101.86147 | AR9: =IFERROR(RANK(AQ9, AQ$7:AQ$21),"") -> 12 | AT9: 18 | AU9: 1843.5616 | AV9: =IFERROR(AU9/AT9,"") -> 102.42009 | AW9: =IFERROR(RANK(AV9, AV$7:AV$21),"") -> 12
C10: 4 | D10: 二配金咖哩濃厚辛辣咖哩飯 | E10: 17 | F10: 1800 | G10: =F10/E10 -> 105.88235 | I10: =IFERROR(AVERAGE(P10,U10,Z10,AE10,AJ10,AO10,AT10),"") -> 17 | J10: =IFERROR(AVERAGE(Q10,V10,AA10,AF10,AK10,AP10,AU10),"") -> 1791.3678 | K10: =IFERROR(AVERAGE(R10,W10,AB10,AG10,AL10,AQ10,AV10),"") -> 105.37458 | M10: =IFERROR(RANK(K10, K$7:K$21),"") -> 9 | R10: =IFERROR(Q10/P10,"") | S10: =IFERROR(RANK(R10, R$7:R$21),"") | W10: =IFERROR(V10/U10,"") | X10: =IFERROR(RANK(W10, W$7:W$21),"") | AB10: =IFERROR(AA10/Z10,"") | AC10: =IFERROR(RANK(AB10, AB$7:AB$21),"") | AE10: 17 | AF10: 1658.961 | AG10: =IFERROR(AF10/AE10,"") -> 97.585943 | AH10: =IFERROR(RANK(AG10, AG$7:AG$21),"") -> 9 | AJ10: 17 | AK10: 1844.6154 | AL10: =IFERROR(AK10/AJ10,"") -> 108.50679 | AM10: =IFERROR(RANK(AL10, AL$7:AL$21),"") -> 9 | AO10: 17 | AP10: 1825.2632 | AQ10: =IFERROR(AP10/AO10,"") -> 107.36842 | AR10: =IFERROR(RANK(AQ10, AQ$7:AQ$21),"") -> 11 | AT10: 17 | AU10: 1836.6316 | AV10: =IFERROR(AU10/AT10,"") -> 108.03715 | AW10: =IFERROR(RANK(AV10, AV$7:AV$21),"") -> 10
C11: 5 | D11: 二配美味蟹煲 | E11: 20 | F11: 1800 | G11: =F11/E11 -> 90 | I11: =IFERROR(AVERAGE(P11,U11,Z11,AE11,AJ11,AO11,AT11),"") -> 20 | J11: =IFERROR(AVERAGE(Q11,V11,AA11,AF11,AK11,AP11,AU11),"") -> 1784.8686 | K11: =IFERROR(AVERAGE(R11,W11,AB11,AG11,AL11,AQ11,AV11),"") -> 89.243429 | M11: =IFERROR(RANK(K11, K$7:K$21),"") -> 14 | R11: =IFERROR(Q11/P11,"") | S11: =IFERROR(RANK(R11, R$7:R$21),"") | W11: =IFERROR(V11/U11,"") | X11: =IFERROR(RANK(W11, W$7:W$21),"") | AB11: =IFERROR(AA11/Z11,"") | AC11: =IFERROR(RANK(AB11, AB$7:AB$21),"") | AE11: 20 | AF11: 1651.2821 | AG11: =IFERROR(AF11/AE11,"") -> 82.564103 | AH11: =IFERROR(RANK(AG11, AG$7:AG$21),"") -> 14 | AJ11: 20 | AK11: 1826.8293 | AL11: =IFERROR(AK11/AJ11,"") -> 91.341463 | AM11: =IFERROR(RANK(AL11, AL$7:AL$21),"") -> 14 | AO11: 20 | AP11: 1828.6765 | AQ11: =IFERROR(AP11/AO11,"") -> 91.433824 | AR11: =IFERROR(RANK(AQ11, AQ$7:AQ$21),"") -> 14 | AT11: 20 | AU11: 1832.6866 | AV11: =IFERROR(AU11/AT11,"") -> 91.634328 | AW11: =IFERROR(RANK(AV11, AV$7:AV$21),"") -> 14
C12: 6 | D12: 鐵板滑蛋炸豬排丼 | E12: 16 | F12: 1800 | G12: =F12/E12 -> 112.5 | I12: =IFERROR(AVERAGE(P12,U12,Z12,AE12,AJ12,AO12,AT12),"") -> 16 | J12: =IFERROR(AVERAGE(Q12,V12,AA12,AF12,AK12,AP12,AU12),"") -> 1784.6572 | K12: =IFERROR(AVERAGE(R12,W12,AB12,AG12,AL12,AQ12,AV12),"") -> 111.54107 | M12: =IFERROR(RANK(K12, K$7:K$21),"") -> 7 | R12: =IFERROR(Q12/P12,"") | S12: =IFERROR(RANK(R12, R$7:R$21),"") | W12: =IFERROR(V12/U12,"") | X12: =IFERROR(RANK(W12, W$7:W$21),"") | AB12: =IFERROR(AA12/Z12,"") | AC12: =IFERROR(RANK(AB12, AB$7:AB$21),"") | AE12: 16 | AF12: 1640.9524 | AG12: =IFERROR(AF12/AE12,"") -> 102.55952 | AH12: =IFERROR(RANK(AG12, AG$7:AG$21),"") -> 5 | AJ12: 16 | AK12: 1846.5672 | AL12: =IFERROR(AK12/AJ12,"") -> 115.41045 | AM12: =IFERROR(RANK(AL12, AL$7:AL$21),"") -> 4 | AO12: 16 | AP12: 1826.0606 | AQ12: =IFERROR(AP12/AO12,"") -> 114.12879 | AR12: =IFERROR(RANK(AQ12, AQ$7:AQ$21),"") -> 7 | AT12: 16 | AU12: 1825.0485 | AV12: =IFERROR(AU12/AT12,"") -> 114.06553 | AW12: =IFERROR(RANK(AV12, AV$7:AV$21),"") -> 7
C13: 7 | D13: 極上炙烤親子丼 | E13: 17 | F13: 1800 | G13: =F13/E13 -> 105.88235 | I13: =IFERROR(AVERAGE(P13,U13,Z13,AE13,AJ13,AO13,AT13),"") -> 17 | J13: =IFERROR(AVERAGE(Q13,V13,AA13,AF13,AK13,AP13,AU13),"") -> 1791.2143 | K13: =IFERROR(AVERAGE(R13,W13,AB13,AG13,AL13,AQ13,AV13),"") -> 105.36555 | M13: =IFERROR(RANK(K13, K$7:K$21),"") -> 10 | R13: =IFERROR(Q13/P13,"") | S13: =IFERROR(RANK(R13, R$7:R$21),"") | W13: =IFERROR(V13/U13,"") | X13: =IFERROR(RANK(W13, W$7:W$21),"") | AB13: =IFERROR(AA13/Z13,"") | AC13: =IFERROR(RANK(AB13, AB$7:AB$21),"") | AE13: 17 | AF13: 1672.9412 | AG13: =IFERROR(AF13/AE13,"") -> 98.408304 | AH13: =IFERROR(RANK(AG13, AG$7:AG$21),"") -> 8 | AJ13: 17 | AK13: 1824 | AL13: =IFERROR(AK13/AJ13,"") -> 107.29412 | AM13: =IFERROR(RANK(AL13, AL$7:AL$21),"") -> 11 | AO13: 17 | AP13: 1825.4545 | AQ13: =IFERROR(AP13/AO13,"") -> 107.37968 | AR13: =IFERROR(RANK(AQ13, AQ$7:AQ$21),"") -> 10 | AT13: 17 | AU13: 1842.4615 | AV13: =IFERROR(AU13/AT13,"") -> 108.38009 | AW13: =IFERROR(RANK(AV13, AV$7:AV$21),"") -> 9
C14: 8 | D14: 紅燒纖牛若風味燴飯 | E14: 16 | F14: 1800 | G14: =F14/E14 -> 112.5 | I14: =IFERROR(AVERAGE(P14,U14,Z14,AE14,AJ14,AO14,AT14),"") -> 16 | J14: =IFERROR(AVERAGE(Q14,V14,AA14,AF14,AK14,AP14,AU14),"") -> 1798.2557 | K14: =IFERROR(AVERAGE(R14,W14,AB14,AG14,AL14,AQ14,AV14),"") -> 112.39098 | M14: =IFERROR(RANK(K14, K$7:K$21),"") -> 4 | R14: =IFERROR(Q14/P14,"") | S14: =IFERROR(RANK(R14, R$7:R$21),"") | W14: =IFERROR(V14/U14,"") | X14: =IFERROR(RANK(W14, W$7:W$21),"") | AB14: =IFERROR(AA14/Z14,"") | AC14: =IFERROR(RANK(AB14, AB$7:AB$21),"") | AE14: 16 | AF14: 1646.4706 | AG14: =IFERROR(AF14/AE14,"") -> 102.90441 | AH14: =IFERROR(RANK(AG14, AG$7:AG$21),"") -> 2 | AJ14: 16 | AK14: 1829.0323 | AL14: =IFERROR(AK14/AJ14,"") -> 114.31452 | AM14: =IFERROR(RANK(AL14, AL$7:AL$21),"") -> 7 | AO14: 16 | AP14: 1868.1081 | AQ14: =IFERROR(AP14/AO14,"") -> 116.75676 | AR14: =IFERROR(RANK(AQ14, AQ$7:AQ$21),"") -> 4 | AT14: 16 | AU14: 1849.4118 | AV14: =IFERROR(AU14/AT14,"") -> 115.58824 | AW14: =IFERROR(RANK(AV14, AV$7:AV$21),"") -> 4
C15: 9 | D15: 海老鰻魚丼滋丼 | E15: 18 | F15: 1800 | G15: =F15/E15 -> 100 | I15: =IFERROR(AVERAGE(P15,U15,Z15,AE15,AJ15,AO15,AT15),"") -> 18 | J15: =IFERROR(AVERAGE(Q15,V15,AA15,AF15,AK15,AP15,AU15),"") -> 1783.1057 | K15: =IFERROR(AVERAGE(R15,W15,AB15,AG15,AL15,AQ15,AV15),"") -> 99.061427 | M15: =IFERROR(RANK(K15, K$7:K$21),"") -> 13 | R15: =IFERROR(Q15/P15,"") | S15: =IFERROR(RANK(R15, R$7:R$21),"") | W15: =IFERROR(V15/U15,"") | X15: =IFERROR(RANK(W15, W$7:W$21),"") | AB15: =IFERROR(AA15/Z15,"") | AC15: =IFERROR(RANK(AB15, AB$7:AB$21),"") | AE15: 18 | AF15: 1639.7872 | AG15: =IFERROR(AF15/AE15,"") -> 91.099291 | AH15: =IFERROR(RANK(AG15, AG$7:AG$21),"") -> 12 | AJ15: 18 | AK15: 1836.8182 | AL15: =IFERROR(AK15/AJ15,"") -> 102.04545 | AM15: =IFERROR(RANK(AL15, AL$7:AL$21),"") -> 13 | AO15: 18 | AP15: 1820.1923 | AQ15: =IFERROR(AP15/AO15,"") -> 101.12179 | AR15: =IFERROR(RANK(AQ15, AQ$7:AQ$21),"") -> 13 | AT15: 18 | AU15: 1835.625 | AV15: =IFERROR(AU15/AT15,"") -> 101.97917 | AW15: =IFERROR(RANK(AV15, AV$7:AV$21),"") -> 13
C16: 10 | D16: 二配金咖哩果香甘口咖哩飯 | E16: 16 | F16: 1800 | G16: =F16/E16 -> 112.5 | I16: =IFERROR(AVERAGE(P16,U16,Z16,AE16,AJ16,AO16,AT16),"") -> 16 | J16: =IFERROR(AVERAGE(Q16,V16,AA16,AF16,AK16,AP16,AU16),"") -> 1787.6718 | K16: =IFERROR(AVERAGE(R16,W16,AB16,AG16,AL16,AQ16,AV16),"") -> 111.72949 | M16: =IFERROR(RANK(K16, K$7:K$21),"") -> 6 | R16: =IFERROR(Q16/P16,"") | S16: =IFERROR(RANK(R16, R$7:R$21),"") | W16: =IFERROR(V16/U16,"") | X16: =IFERROR(RANK(W16, W$7:W$21),"") | AB16: =IFERROR(AA16/Z16,"") | AC16: =IFERROR(RANK(AB16, AB$7:AB$21),"") | AE16: 16 | AF16: 1639.0588 | AG16: =IFERROR(AF16/AE16,"") -> 102.44118 | AH16: =IFERROR(RANK(AG16, AG$7:AG$21),"") -> 6 | AJ16: 16 | AK16: 1843.5714 | AL16: =IFERROR(AK16/AJ16,"") -> 115.22321 | AM16: =IFERROR(RANK(AL16, AL$7:AL$21),"") -> 5 | AO16: 16 | AP16: 1833.9394 | AQ16: =IFERROR(AP16/AO16,"") -> 114.62121 | AR16: =IFERROR(RANK(AQ16, AQ$7:AQ$21),"") -> 6 | AT16: 16 | AU16: 1834.1176 | AV16: =IFERROR(AU16/AT16,"") -> 114.63235 | AW16: =IFERROR(RANK(AV16, AV$7:AV$21),"") -> 6
C17: 11 | D17: 二配極旨黑咖哩漢堡排飯 | E17: 15 | F17: 1800 | G17: =F17/E17 -> 120 | I17: =IFERROR(AVERAGE(P17,U17,Z17,AE17,AJ17,AO17,AT17),"") -> 15 | J17: =IFERROR(AVERAGE(Q17,V17,AA17,AF17,AK17,AP17,AU17),"") -> 1833.2026 | K17: =IFERROR(AVERAGE(R17,W17,AB17,AG17,AL17,AQ17,AV17),"") -> 122.2135 | M17: =IFERROR(RANK(K17, K$7:K$21),"") -> 1 | R17: =IFERROR(Q17/P17,"") | S17: =IFERROR(RANK(R17, R$7:R$21),"") | W17: =IFERROR(V17/U17,"") | X17: =IFERROR(RANK(W17, W$7:W$21),"") | AB17: =IFERROR(AA17/Z17,"") | AC17: =IFERROR(RANK(AB17, AB$7:AB$21),"") | AE17: 15 | AF17: 1645.7143 | AG17: =IFERROR(AF17/AE17,"") -> 109.71429 | AH17: =IFERROR(RANK(AG17, AG$7:AG$21),"") -> 1 | AJ17: 15 | AK17: 1849.4118 | AL17: =IFERROR(AK17/AJ17,"") -> 123.29412 | AM17: =IFERROR(RANK(AL17, AL$7:AL$21),"") -> 1 | AO17: 15 | AP17: 1913.6842 | AQ17: =IFERROR(AP17/AO17,"") -> 127.57895 | AR17: =IFERROR(RANK(AQ17, AQ$7:AQ$21),"") -> 1 | AT17: 15 | AU17: 1924 | AV17: =IFERROR(AU17/AT17,"") -> 128.26667 | AW17: =IFERROR(RANK(AV17, AV$7:AV$21),"") -> 1
C18: 12 | D18: 二配黑胡椒素豬若飯 | E18: 16 | F18: 1800 | G18: =F18/E18 -> 112.5 | I18: =IFERROR(AVERAGE(P18,U18,Z18,AE18,AJ18,AO18,AT18),"") -> 16 | J18: =IFERROR(AVERAGE(Q18,V18,AA18,AF18,AK18,AP18,AU18),"") -> 1817.1441 | K18: =IFERROR(AVERAGE(R18,W18,AB18,AG18,AL18,AQ18,AV18),"") -> 113.5715 | M18: =IFERROR(RANK(K18, K$7:K$21),"") -> 3 | R18: =IFERROR(Q18/P18,"") | S18: =IFERROR(RANK(R18, R$7:R$21),"") | W18: =IFERROR(V18/U18,"") | X18: =IFERROR(RANK(W18, W$7:W$21),"") | AB18: =IFERROR(AA18/Z18,"") | AC18: =IFERROR(RANK(AB18, AB$7:AB$21),"") | AE18: 16 | AF18: 1645.7143 | AG18: =IFERROR(AF18/AE18,"") -> 102.85714 | AH18: =IFERROR(RANK(AG18, AG$7:AG$21),"") -> 3 | AJ18: 16 | AK18: 1849.5652 | AL18: =IFERROR(AK18/AJ18,"") -> 115.59783 | AM18: =IFERROR(RANK(AL18, AL$7:AL$21),"") -> 3 | AO18: 16 | AP18: 1876.1538 | AQ18: =IFERROR(AP18/AO18,"") -> 117.25962 | AR18: =IFERROR(RANK(AQ18, AQ$7:AQ$21),"") -> 3 | AT18: 16 | AU18: 1897.1429 | AV18: =IFERROR(AU18/AT18,"") -> 118.57143 | AW18: =IFERROR(RANK(AV18, AV$7:AV$21),"") -> 3
C19: 13 | D19: 二配香辣醬蒜味香腸蛋炒飯 | E19: 17 | F19: 1500 | G19: =F19/E19 -> 88.235294 | I19: =IFERROR(AVERAGE(P19,U19,Z19,AE19,AJ19,AO19,AT19),"") -> 17 | J19: =IFERROR(AVERAGE(Q19,V19,AA19,AF19,AK19,AP19,AU19),"") -> 1711.9283 | K19: =IFERROR(AVERAGE(R19,W19,AB19,AG19,AL19,AQ19,AV19),"") -> 100.70167 | M19: =IFERROR(RANK(K19, K$7:K$21),"") -> 11 | R19: =IFERROR(Q19/P19,"") | S19: =IFERROR(RANK(R19, R$7:R$21),"") | W19: =IFERROR(V19/U19,"") | X19: =IFERROR(RANK(W19, W$7:W$21),"") | AB19: =IFERROR(AA19/Z19,"") | AC19: =IFERROR(RANK(AB19, AB$7:AB$21),"") | AE19: 17 | AF19: 1368 | AG19: =IFERROR(AF19/AE19,"") -> 80.470588 | AH19: =IFERROR(RANK(AG19, AG$7:AG$21),"") -> 15 | AJ19: 17 | AK19: 1829.0323 | AL19: =IFERROR(AK19/AJ19,"") -> 107.59013 | AM19: =IFERROR(RANK(AL19, AL$7:AL$21),"") -> 10 | AO19: 17 | AP19: 1829.6 | AQ19: =IFERROR(AP19/AO19,"") -> 107.62353 | AR19: =IFERROR(RANK(AQ19, AQ$7:AQ$21),"") -> 9 | AT19: 17 | AU19: 1821.0811 | AV19: =IFERROR(AU19/AT19,"") -> 107.12242 | AW19: =IFERROR(RANK(AV19, AV$7:AV$21),"") -> 11
... C21: 15 | D21: 二配粗飽系雞排炒飯 | E21: 16 | F21: 1500 | G21: =F21/E21 -> 93.75 | I21: =IFERROR(AVERAGE(P21,U21,Z21,AE21,AJ21,AO21,AT21),"") -> 16 | J21: =IFERROR(AVERAGE(Q21,V21,AA21,AF21,AK21,AP21,AU21),"") -> 1377.4914 | K21: =IFERROR(AVERAGE(R21,W21,AB21,AG21,AL21,AQ21,AV21),"") -> 86.093213 | M21: =IFERROR(RANK(K21, K$7:K$21),"") -> 15 | R21: =IFERROR(Q21/P21,"") | S21: =IFERROR(RANK(R21, R$7:R$21),"") | W21: =IFERROR(V21/U21,"") | X21: =IFERROR(RANK(W21, W$7:W$21),"") | AB21: =IFERROR(AA21/Z21,"") | AC21: =IFERROR(RANK(AB21, AB$7:AB$21),"") | AE21: 16 | AF21: 1378.9831 | AG21: =IFERROR(AF21/AE21,"") -> 86.186441 | AH21: =IFERROR(RANK(AG21, AG$7:AG$21),"") -> 13 | AJ21: 16 | AK21: 1370.1493 | AL21: =IFERROR(AK21/AJ21,"") -> 85.634328 | AM21: =IFERROR(RANK(AL21, AL$7:AL$21),"") -> 15 | AO21: 16 | AP21: 1380.8333 | AQ21: =IFERROR(AP21/AO21,"") -> 86.302083 | AR21: =IFERROR(RANK(AQ21, AQ$7:AQ$21),"") -> 15 | AT21: 16 | AU21: 1380 | AV21: =IFERROR(AU21/AT21,"") -> 86.25 | AW21: =IFERROR(RANK(AV21, AV$7:AV$21),"") -> 15
B22: 產線配置圖－每週更新 | N22: 資料繳交 | O22: 日期 | P22: 45874 | U22: 45875 | Z22: 45876 | AE22: 45877 | AJ22: 45878 | AO22: 45879 | AT22: 45880
P23: 二 | U23: 三 | Z23: 四 | AE23: 五 | AJ23: 六 | AO23: 日 | AT23: 一
B24: 品群 | C24: 商品名稱 | E24: 計畫 | H24: 平均人時性 | I24: 實績 | L24: 平均人時性 | M24: 排名 | O24: 日報 | P24: 實際 | T24: 平均人時性 | U24: 實際 | Y24: 平均人時性 | Z24: 實際 | AD24: 平均人時性 | AE24: 實際 | AI24: 平均人時性 | AJ24: 實際 | AN24: 平均人時性 | AO24: 實際 | AS24: 平均人時性 | AT24: 實際 | AX24: 平均人時性
E25: 產線配置圖 | I25: 產線配置圖 | P25: 生產實績 | U25: 生產實績 | Z25: 生產實績 | AE25: 生產實績 | AJ25: 生產實績 | AO25: 生產實績 | AT25: 生產實績
E26: 人數 | F26: 產能／時 | G26: 人時性 | I26: 人數 | J26: 產能／時 | K26: 人時性 | P26: 人數 | Q26: 產能／時 | R26: 人時性 | S26: 排名 | U26: 人數 | V26: 產能／時 | W26: 人時性 | X26: 排名 | Z26: 人數 | AA26: 產能／時 | AB26: 人時性 | AC26: 排名 | AE26: 人數 | AF26: 產能／時 | AG26: 人時性 | AH26: 排名 | AJ26: 人數 | AK26: 產能／時 | AL26: 人時性 | AM26: 排名 | AO26: 人數 | AP26: 產能／時 | AQ26: 人時性 | AR26: 排名 | AT26: 人數 | AU26: 產能／時 | AV26: 人時性 | AW26: 排名
B27: 主食 | C27: 1 | D27: 二配煸椒烘蛋飯 | E27: 17 | F27: 2000 | G27: =F27/E27 -> 117.64706 | H27: =AVERAGE(G27:G41) -> 118.54847 | I27: =AVERAGE(P27,U27,Z27,AE27,AJ27,AO27,AT27) -> 17 | J27: =AVERAGE(Q27,V27,AA27,AF27,AK27,AP27,AU27) -> 1877.1424 | K27: =AVERAGE(R27,W27,AB27,AG27,AL27,AQ27,AV27) -> 110.42014 | L27: =IFERROR(AVERAGE(K27:K41),"-") -> 110.0925 | M27: =RANK(K27, K$27:K$41) -> 8 | P27: 17 | Q27: 1883.6364 | R27: =IFERROR(Q27/P27,"") -> 110.80214 | S27: =IFERROR(RANK(R27, R$27:R$41),"") -> 8 | T27: =AVERAGE(R27:R41) -> 110.39188 | U27: 17 | V27: 1869.375 | W27: =IFERROR(V27/U27,"") -> 109.96324 | X27: =IFERROR(RANK(W27, W$27:W$41),"") -> 8 | Y27: =AVERAGE(W27:W41) -> 109.71018 | Z27: 17 | AA27: 1876.8 | AB27: =IFERROR(AA27/Z27,"") -> 110.4 | AC27: =IFERROR(RANK(AB27, AB$27:AB$41),"") -> 8 | AD27: =AVERAGE(AB27:AB41) -> 109.96038 | AE27: 17 | AF27: 1865.2174 | AG27: =IFERROR(AF27/AE27,"") -> 109.71867 | AH27: =IFERROR(RANK(AG27, AG$27:AG$41),"") -> 8 | AI27: =AVERAGE(AG27:AG41) -> 110.68762 | AJ27: 17 | AK27: 1894 | AL27: =IFERROR(AK27/AJ27,"") -> 111.41176 | AM27: =IFERROR(RANK(AL27, AL$27:AL$41),"") -> 8 | AN27: =AVERAGE(AL27:AL41) -> 110.03447 | AO27: 17 | AP27: 1890.9677 | AQ27: =IFERROR(AP27/AO27,"") -> 111.2334 | AR27: =IFERROR(RANK(AQ27, AQ$27:AQ$41),"") -> 8 | AS27: =AVERAGE(AQ27:AQ41) -> 110.0133 | AT27: 17 | AU27: 1860 | AV27: =IFERROR(AU27/AT27,"") -> 109.41176 | AW27: =IFERROR(RANK(AV27, AV$27:AV$41),"") -> 8 | AX27: =AVERAGE(AV27:AV41) -> 109.84964
C28: 2 | D28: 二配川味麻婆燒豆腐燴飯 | E28: 16 | F28: 2000 | G28: =F28/E28 -> 125 | I28: =AVERAGE(P28,U28,Z28,AE28,AJ28,AO28,AT28) -> 16 | J28: =AVERAGE(Q28,V28,AA28,AF28,AK28,AP28,AU28) -> 1840.475 | K28: =AVERAGE(R28,W28,AB28,AG28,AL28,AQ28,AV28) -> 115.02969 | M28: =RANK(K28, K$27:K$41) -> 7 | P28: 16 | Q28: 1833.0435 | R28: =IFERROR(Q28/P28,"") -> 114.56522 | S28: =IFERROR(RANK(R28, R$27:R$41),"") -> 7 | U28: 16 | V28: 1837.8462 | W28: =IFERROR(V28/U28,"") -> 114.86538 | X28: =IFERROR(RANK(W28, W$27:W$41),"") -> 6 | Z28: 16 | AA28: 1836.2069 | AB28: =IFERROR(AA28/Z28,"") -> 114.76293 | AC28: =IFERROR(RANK(AB28, AB$27:AB$41),"") -> 5 | AE28: 16 | AF28: 1865.7692 | AG28: =IFERROR(AF28/AE28,"") -> 116.61058 | AH28: =IFERROR(RANK(AG28, AG$27:AG$41),"") -> 5 | AJ28: 16 | AK28: 1839.3443 | AL28: =IFERROR(AK28/AJ28,"") -> 114.95902 | AM28: =IFERROR(RANK(AL28, AL$27:AL$41),"") -> 6 | AO28: 16 | AP28: 1835.2941 | AQ28: =IFERROR(AP28/AO28,"") -> 114.70588 | AR28: =IFERROR(RANK(AQ28, AQ$27:AQ$41),"") -> 7 | AT28: 16 | AU28: 1835.8209 | AV28: =IFERROR(AU28/AT28,"") -> 114.73881 | AW28: =IFERROR(RANK(AV28, AV$27:AV$41),"") -> 6
C29: 3 | D29: 二配港式香滑嫩蛋牛肉燴飯 | E29: 18 | F29: 2000 | G29: =F29/E29 -> 111.11111 | I29: =AVERAGE(P29,U29,Z29,AE29,AJ29,AO29,AT29) -> 18 | J29: =AVERAGE(Q29,V29,AA29,AF29,AK29,AP29,AU29) -> 1850.3246 | K29: =AVERAGE(R29,W29,AB29,AG29,AL29,AQ29,AV29) -> 102.79581 | M29: =RANK(K29, K$27:K$41) -> 13 | P29: 18 | Q29: 1857.4648 | R29: =IFERROR(Q29/P29,"") -> 103.19249 | S29: =IFERROR(RANK(R29, R$27:R$41),"") -> 12 | U29: 18 | V29: 1847.8261 | W29: =IFERROR(V29/U29,"") -> 102.657 | X29: =IFERROR(RANK(W29, W$27:W$41),"") -> 13 | Z29: 18 | AA29: 1856 | AB29: =IFERROR(AA29/Z29,"") -> 103.11111 | AC29: =IFERROR(RANK(AB29, AB$27:AB$41),"") -> 12 | AE29: 18 | AF29: 1848 | AG29: =IFERROR(AF29/AE29,"") -> 102.66667 | AH29: =IFERROR(RANK(AG29, AG$27:AG$41),"") -> 13 | AJ29: 18 | AK29: 1846.4516 | AL29: =IFERROR(AK29/AJ29,"") -> 102.58065 | AM29: =IFERROR(RANK(AL29, AL$27:AL$41),"") -> 12 | AO29: 18 | AP29: 1848 | AQ29: =IFERROR(AP29/AO29,"") -> 102.66667 | AR29: =IFERROR(RANK(AQ29, AQ$27:AQ$41),"") -> 13 | AT29: 18 | AU29: 1848.5294 | AV29: =IFERROR(AU29/AT29,"") -> 102.69608 | AW29: =IFERROR(RANK(AV29, AV$27:AV$41),"") -> 13
C30: 4 | D30: 二配金咖哩濃厚辛辣咖哩飯 | E30: 17 | F30: 2000 | G30: =F30/E30 -> 117.64706 | I30: =AVERAGE(P30,U30,Z30,AE30,AJ30,AO30,AT30) -> 17 | J30: =AVERAGE(Q30,V30,AA30,AF30,AK30,AP30,AU30) -> 1847.18 | K30: =AVERAGE(R30,W30,AB30,AG30,AL30,AQ30,AV30) -> 108.65765 | M30: =RANK(K30, K$27:K$41) -> 9 | P30: 17 | Q30: 1848.7912 | R30: =IFERROR(Q30/P30,"") -> 108.75242 | S30: =IFERROR(RANK(R30, R$27:R$41),"") -> 10 | U30: 17 | V30: 1849.3333 | W30: =IFERROR(V30/U30,"") -> 108.78431 | X30: =IFERROR(RANK(W30, W$27:W$41),"") -> 10 | Z30: 17 | AA30: 1838.0488 | AB30: =IFERROR(AA30/Z30,"") -> 108.12052 | AC30: =IFERROR(RANK(AB30, AB$27:AB$41),"") -> 10 | AE30: 17 | AF30: 1854 | AG30: =IFERROR(AF30/AE30,"") -> 109.05882 | AH30: =IFERROR(RANK(AG30, AG$27:AG$41),"") -> 9 | AJ30: 17 | AK30: 1849.2308 | AL30: =IFERROR(AK30/AJ30,"") -> 108.77828 | AM30: =IFERROR(RANK(AL30, AL$27:AL$41),"") -> 9 | AO30: 17 | AP30: 1853.1034 | AQ30: =IFERROR(AP30/AO30,"") -> 109.00609 | AR30: =IFERROR(RANK(AQ30, AQ$27:AQ$41),"") -> 9 | AT30: 17 | AU30: 1837.7528 | AV30: =IFERROR(AU30/AT30,"") -> 108.10311 | AW30: =IFERROR(RANK(AV30, AV$27:AV$41),"") -> 10
C31: 5 | D31: 二配美味蟹煲 | E31: 20 | F31: 2000 | G31: =F31/E31 -> 100 | I31: =AVERAGE(P31,U31,Z31,AE31,AJ31,AO31,AT31) -> 20 | J31: =AVERAGE(Q31,V31,AA31,AF31,AK31,AP31,AU31) -> 1841.89 | K31: =AVERAGE(R31,W31,AB31,AG31,AL31,AQ31,AV31) -> 92.094502 | M31: =RANK(K31, K$27:K$41) -> 14 | P31: 20 | Q31: 1843.0534 | R31: =IFERROR(Q31/P31,"") -> 92.152672 | S31: =IFERROR(RANK(R31, R$27:R$41),"") -> 14 | U31: 20 | V31: 1836.8889 | W31: =IFERROR(V31/U31,"") -> 91.844444 | X31: =IFERROR(RANK(W31, W$27:W$41),"") -> 14 | Z31: 20 | AA31: 1851.3514 | AB31: =IFERROR(AA31/Z31,"") -> 92.567568 | AC31: =IFERROR(RANK(AB31, AB$27:AB$41),"") -> 14 | AE31: 20 | AF31: 1846.8421 | AG31: =IFERROR(AF31/AE31,"") -> 92.342105 | AH31: =IFERROR(RANK(AG31, AG$27:AG$41),"") -> 14 | AJ31: 20 | AK31: 1835.7252 | AL31: =IFERROR(AK31/AJ31,"") -> 91.78626 | AM31: =IFERROR(RANK(AL31, AL$27:AL$41),"") -> 14 | AO31: 20 | AP31: 1835.8209 | AQ31: =IFERROR(AP31/AO31,"") -> 91.791045 | AR31: =IFERROR(RANK(AQ31, AQ$27:AQ$41),"") -> 14 | AT31: 20 | AU31: 1843.5484 | AV31: =IFERROR(AU31/AT31,"") -> 92.177419 | AW31: =IFERROR(RANK(AV31, AV$27:AV$41),"") -> 14
C32: 6 | D32: 鐵板滑蛋炸豬排丼 | E32: 16 | F32: 2000 | G32: =F32/E32 -> 125 | I32: =AVERAGE(P32,U32,Z32,AE32,AJ32,AO32,AT32) -> 16 | J32: =AVERAGE(Q32,V32,AA32,AF32,AK32,AP32,AU32) -> 1840.7738 | K32: =AVERAGE(R32,W32,AB32,AG32,AL32,AQ32,AV32) -> 115.04836 | M32: =RANK(K32, K$27:K$41) -> 6 | P32: 16 | Q32: 1846.7368 | R32: =IFERROR(Q32/P32,"") -> 115.42105 | S32: =IFERROR(RANK(R32, R$27:R$41),"") -> 5 | U32: 16 | V32: 1839.3333 | W32: =IFERROR(V32/U32,"") -> 114.95833 | X32: =IFERROR(RANK(W32, W$27:W$41),"") -> 5 | Z32: 16 | AA32: 1834.8837 | AB32: =IFERROR(AA32/Z32,"") -> 114.68023 | AC32: =IFERROR(RANK(AB32, AB$27:AB$41),"") -> 6 | AE32: 16 | AF32: 1856.3636 | AG32: =IFERROR(AF32/AE32,"") -> 116.02273 | AH32: =IFERROR(RANK(AG32, AG$27:AG$41),"") -> 6 | AJ32: 16 | AK32: 1834.0299 | AL32: =IFERROR(AK32/AJ32,"") -> 114.62687 | AM32: =IFERROR(RANK(AL32, AL$27:AL$41),"") -> 7 | AO32: 16 | AP32: 1843.4694 | AQ32: =IFERROR(AP32/AO32,"") -> 115.21684 | AR32: =IFERROR(RANK(AQ32, AQ$27:AQ$41),"") -> 6 | AT32: 16 | AU32: 1830.6 | AV32: =IFERROR(AU32/AT32,"") -> 114.4125 | AW32: =IFERROR(RANK(AV32, AV$27:AV$41),"") -> 7
C33: 7 | D33: 極上炙烤親子丼 | E33: 17 | F33: 2000 | G33: =F33/E33 -> 117.64706 | I33: =AVERAGE(P33,U33,Z33,AE33,AJ33,AO33,AT33) -> 17 | J33: =AVERAGE(Q33,V33,AA33,AF33,AK33,AP33,AU33) -> 1842.8114 | K33: =AVERAGE(R33,W33,AB33,AG33,AL33,AQ33,AV33) -> 108.40067 | M33: =RANK(K33, K$27:K$41) -> 11 | P33: 17 | Q33: 1847.7966 | R33: =IFERROR(Q33/P33,"") -> 108.69392 | S33: =IFERROR(RANK(R33, R$27:R$41),"") -> 11 | U33: 17 | V33: 1837 | W33: =IFERROR(V33/U33,"") -> 108.05882 | X33: =IFERROR(RANK(W33, W$27:W$41),"") -> 11 | Z33: 17 | AA33: 1837.8947 | AB33: =IFERROR(AA33/Z33,"") -> 108.11146 | AC33: =IFERROR(RANK(AB33, AB$27:AB$41),"") -> 11 | AE33: 17 | AF33: 1849.5652 | AG33: =IFERROR(AF33/AE33,"") -> 108.79795 | AH33: =IFERROR(RANK(AG33, AG$27:AG$41),"") -> 10 | AJ33: 17 | AK33: 1842.5 | AL33: =IFERROR(AK33/AJ33,"") -> 108.38235 | AM33: =IFERROR(RANK(AL33, AL$27:AL$41),"") -> 10 | AO33: 17 | AP33: 1839.6923 | AQ33: =IFERROR(AP33/AO33,"") -> 108.21719 | AR33: =IFERROR(RANK(AQ33, AQ$27:AQ$41),"") -> 10 | AT33: 17 | AU33: 1845.2308 | AV33: =IFERROR(AU33/AT33,"") -> 108.54299 | AW33: =IFERROR(RANK(AV33, AV$27:AV$41),"") -> 9
C34: 8 | D34: 紅燒纖牛若風味燴飯 | E34: 16 | F34: 2000 | G34: =F34/E34 -> 125 | I34: =AVERAGE(P34,U34,Z34,AE34,AJ34,AO34,AT34) -> 16 | J34: =AVERAGE(Q34,V34,AA34,AF34,AK34,AP34,AU34) -> 1856.3318 | K34: =AVERAGE(R34,W34,AB34,AG34,AL34,AQ34,AV34) -> 116.02074 | M34: =RANK(K34, K$27:K$41) -> 4 | P34: 16 | Q34: 1877.4194 | R34: =IFERROR(Q34/P34,"") -> 117.33871 | S34: =IFERROR(RANK(R34, R$27:R$41),"") -> 4 | U34: 16 | V34: 1835.625 | W34: =IFERROR(V34/U34,"") -> 114.72656 | X34: =IFERROR(RANK(W34, W$27:W$41),"") -> 7 | Z34: 16 | AA34: 1834.5455 | AB34: =IFERROR(AA34/Z34,"") -> 114.65909 | AC34: =IFERROR(RANK(AB34, AB$27:AB$41),"") -> 7 | AE34: 16 | AF34: 1891.1111 | AG34: =IFERROR(AF34/AE34,"") -> 118.19444 | AH34: =IFERROR(RANK(AG34, AG$27:AG$41),"") -> 4 | AJ34: 16 | AK34: 1841.3793 | AL34: =IFERROR(AK34/AJ34,"") -> 115.08621 | AM34: =IFERROR(RANK(AL34, AL$27:AL$41),"") -> 5 | AO34: 16 | AP34: 1863.3333 | AQ34: =IFERROR(AP34/AO34,"") -> 116.45833 | AR34: =IFERROR(RANK(AQ34, AQ$27:AQ$41),"") -> 4 | AT34: 16 | AU34: 1850.9091 | AV34: =IFERROR(AU34/AT34,"") -> 115.68182 | AW34: =IFERROR(RANK(AV34, AV$27:AV$41),"") -> 4
C35: 9 | D35: 海老鰻魚丼滋丼 | E35: 18 | F35: 2000 | G35: =F35/E35 -> 111.11111 | I35: =AVERAGE(P35,U35,Z35,AE35,AJ35,AO35,AT35) -> 18 | J35: =AVERAGE(Q35,V35,AA35,AF35,AK35,AP35,AU35) -> 1850.7021 | K35: =AVERAGE(R35,W35,AB35,AG35,AL35,AQ35,AV35) -> 102.81678 | M35: =RANK(K35, K$27:K$41) -> 12 | P35: 18 | Q35: 1851 | R35: =IFERROR(Q35/P35,"") -> 102.83333 | S35: =IFERROR(RANK(R35, R$27:R$41),"") -> 13 | U35: 18 | V35: 1851.8519 | W35: =IFERROR(V35/U35,"") -> 102.88066 | X35: =IFERROR(RANK(W35, W$27:W$41),"") -> 12 | Z35: 18 | AA35: 1848.1579 | AB35: =IFERROR(AA35/Z35,"") -> 102.67544 | AC35: =IFERROR(RANK(AB35, AB$27:AB$41),"") -> 13 | AE35: 18 | AF35: 1857.2727 | AG35: =IFERROR(AF35/AE35,"") -> 103.18182 | AH35: =IFERROR(RANK(AG35, AG$27:AG$41),"") -> 12 | AJ35: 18 | AK35: 1845.8333 | AL35: =IFERROR(AK35/AJ35,"") -> 102.5463 | AM35: =IFERROR(RANK(AL35, AL$27:AL$41),"") -> 13 | AO35: 18 | AP35: 1851.9101 | AQ35: =IFERROR(AP35/AO35,"") -> 102.8839 | AR35: =IFERROR(RANK(AQ35, AQ$27:AQ$41),"") -> 12 | AT35: 18 | AU35: 1848.8889 | AV35: =IFERROR(AU35/AT35,"") -> 102.71605 | AW35: =IFERROR(RANK(AV35, AV$27:AV$41),"") -> 12
C36: 10 | D36: 二配金咖哩果香甘口咖哩飯 | E36: 16 | F36: 2000 | G36: =F36/E36 -> 125 | I36: =AVERAGE(P36,U36,Z36,AE36,AJ36,AO36,AT36) -> 16 | J36: =AVERAGE(Q36,V36,AA36,AF36,AK36,AP36,AU36) -> 1844.6507 | K36: =AVERAGE(R36,W36,AB36,AG36,AL36,AQ36,AV36) -> 115.29067 | M36: =RANK(K36, K$27:K$41) -> 5 | P36: 16 | Q36: 1836.4706 | R36: =IFERROR(Q36/P36,"") -> 114.77941 | S36: =IFERROR(RANK(R36, R$27:R$41),"") -> 6 | U36: 16 | V36: 1847.6289 | W36: =IFERROR(V36/U36,"") -> 115.4768 | X36: =IFERROR(RANK(W36, W$27:W$41),"") -> 4 | Z36: 16 | AA36: 1838.6667 | AB36: =IFERROR(AA36/Z36,"") -> 114.91667 | AC36: =IFERROR(RANK(AB36, AB$27:AB$41),"") -> 4 | AE36: 16 | AF36: 1845.974 | AG36: =IFERROR(AF36/AE36,"") -> 115.37338 | AH36: =IFERROR(RANK(AG36, AG$27:AG$41),"") -> 7 | AJ36: 16 | AK36: 1846.2651 | AL36: =IFERROR(AK36/AJ36,"") -> 115.39157 | AM36: =IFERROR(RANK(AL36, AL$27:AL$41),"") -> 4 | AO36: 16 | AP36: 1851.1579 | AQ36: =IFERROR(AP36/AO36,"") -> 115.69737 | AR36: =IFERROR(RANK(AQ36, AQ$27:AQ$41),"") -> 5 | AT36: 16 | AU36: 1846.3918 | AV36: =IFERROR(AU36/AT36,"") -> 115.39948 | AW36: =IFERROR(RANK(AV36, AV$27:AV$41),"") -> 5
C37: 11 | D37: 二配極旨黑咖哩漢堡排飯 | E37: 15 | F37: 2000 | G37: =F37/E37 -> 133.33333 | I37: =AVERAGE(P37,U37,Z37,AE37,AJ37,AO37,AT37) -> 15 | J37: =AVERAGE(Q37,V37,AA37,AF37,AK37,AP37,AU37) -> 1900.8685 | K37: =AVERAGE(R37,W37,AB37,AG37,AL37,AQ37,AV37) -> 126.72456 | M37: =RANK(K37, K$27:K$41) -> 1 | P37: 15 | Q37: 1934.1176 | R37: =IFERROR(Q37/P37,"") -> 128.94118 | S37: =IFERROR(RANK(R37, R$27:R$41),"") -> 1 | U37: 15 | V37: 1860 | W37: =IFERROR(V37/U37,"") -> 124 | X37: =IFERROR(RANK(W37, W$27:W$41),"") -> 1 | Z37: 15 | AA37: 1938.4615 | AB37: =IFERROR(AA37/Z37,"") -> 129.23077 | AC37: =IFERROR(RANK(AB37, AB$27:AB$41),"") -> 1 | AE37: 15 | AF37: 1910 | AG37: =IFERROR(AF37/AE37,"") -> 127.33333 | AH37: =IFERROR(RANK(AG37, AG$27:AG$41),"") -> 1 | AJ37: 15 | AK37: 1936 | AL37: =IFERROR(AK37/AJ37,"") -> 129.06667 | AM37: =IFERROR(RANK(AL37, AL$27:AL$41),"") -> 1 | AO37: 15 | AP37: 1867.5 | AQ37: =IFERROR(AP37/AO37,"") -> 124.5 | AR37: =IFERROR(RANK(AQ37, AQ$27:AQ$41),"") -> 1 | AT37: 15 | AU37: 1860 | AV37: =IFERROR(AU37/AT37,"") -> 124 | AW37: =IFERROR(RANK(AV37, AV$27:AV$41),"") -> 1
C38: 12 | D38: 二配黑胡椒素豬若飯 | E38: 16 | F38: 2000 | G38: =F38/E38 -> 125 | I38: =AVERAGE(P38,U38,Z38,AE38,AJ38,AO38,AT38) -> 16 | J38: =AVERAGE(Q38,V38,AA38,AF38,AK38,AP38,AU38) -> 1910.0206 | K38: =AVERAGE(R38,W38,AB38,AG38,AL38,AQ38,AV38) -> 119.37629 | M38: =RANK(K38, K$27:K$41) -> 3 | P38: 16 | Q38: 1891.3043 | R38: =IFERROR(Q38/P38,"") -> 118.20652 | S38: =IFERROR(RANK(R38, R$27:R$41),"") -> 3 | U38: 16 | V38: 1906.3636 | W38: =IFERROR(V38/U38,"") -> 119.14773 | X38: =IFERROR(RANK(W38, W$27:W$41),"") -> 3 | Z38: 16 | AA38: 1892 | AB38: =IFERROR(AA38/Z38,"") -> 118.25 | AC38: =IFERROR(RANK(AB38, AB$27:AB$41),"") -> 3 | AE38: 16 | AF38: 1940 | AG38: =IFERROR(AF38/AE38,"") -> 121.25 | AH38: =IFERROR(RANK(AG38, AG$27:AG$41),"") -> 3 | AJ38: 16 | AK38: 1876.6667 | AL38: =IFERROR(AK38/AJ38,"") -> 117.29167 | AM38: =IFERROR(RANK(AL38, AL$27:AL$41),"") -> 3 | AO38: 16 | AP38: 1926.6667 | AQ38: =IFERROR(AP38/AO38,"") -> 120.41667 | AR38: =IFERROR(RANK(AQ38, AQ$27:AQ$41),"") -> 3 | AT38: 16 | AU38: 1937.1429 | AV38: =IFERROR(AU38/AT38,"") -> 121.07143 | AW38: =IFERROR(RANK(AV38, AV$27:AV$41),"") -> 3
C39: 13 | D39: 二配香辣醬蒜味香腸蛋炒飯 | E39: 17 | F39: 2000 | G39: =F39/E39 -> 117.64706 | I39: =AVERAGE(P39,U39,Z39,AE39,AJ39,AO39,AT39) -> 17 | J39: =AVERAGE(Q39,V39,AA39,AF39,AK39,AP39,AU39) -> 1844.5717 | K39: =AVERAGE(R39,W39,AB39,AG39,AL39,AQ39,AV39) -> 108.50422 | M39: =RANK(K39, K$27:K$41) -> 10 | P39: 17 | Q39: 1854.0845 | R39: =IFERROR(Q39/P39,"") -> 109.06379 | S39: =IFERROR(RANK(R39, R$27:R$41),"") -> 9 | U39: 17 | V39: 1849.5652 | W39: =IFERROR(V39/U39,"") -> 108.79795 | X39: =IFERROR(RANK(W39, W$27:W$41),"") -> 9 | Z39: 17 | AA39: 1863.0508 | AB39: =IFERROR(AA39/Z39,"") -> 109.59123 | AC39: =IFERROR(RANK(AB39, AB$27:AB$41),"") -> 9 | AE39: 17 | AF39: 1837.7778 | AG39: =IFERROR(AF39/AE39,"") -> 108.10458 | AH39: =IFERROR(RANK(AG39, AG$27:AG$41),"") -> 11 | AJ39: 17 | AK39: 1838.0952 | AL39: =IFERROR(AK39/AJ39,"") -> 108.12325 | AM39: =IFERROR(RANK(AL39, AL$27:AL$41),"") -> 11 | AO39: 17 | AP39: 1834.2857 | AQ39: =IFERROR(AP39/AO39,"") -> 107.89916 | AR39: =IFERROR(RANK(AQ39, AQ$27:AQ$41),"") -> 11 | AT39: 17 | AU39: 1835.1429 | AV39: =IFERROR(AU39/AT39,"") -> 107.94958 | AW39: =IFERROR(RANK(AV39, AV$27:AV$41),"") -> 11
... C41: 15 | D41: 二配粗飽系雞排炒飯 | E41: 16 | F41: 1500 | G41: =F41/E41 -> 93.75 | I41: =AVERAGE(P41,U41,Z41,AE41,AJ41,AO41,AT41) -> 16 | J41: =AVERAGE(Q41,V41,AA41,AF41,AK41,AP41,AU41) -> 1388.4682 | K41: =AVERAGE(R41,W41,AB41,AG41,AL41,AQ41,AV41) -> 86.77926 | M41: =RANK(K41, K$27:K$41) -> 15 | P41: 16 | Q41: 1393.0435 | R41: =IFERROR(Q41/P41,"") -> 87.065217 | S41: =IFERROR(RANK(R41, R$27:R$41),"") -> 15 | U41: 16 | V41: 1387.9412 | W41: =IFERROR(V41/U41,"") -> 86.746324 | X41: =IFERROR(RANK(W41, W$27:W$41),"") -> 15 | Z41: 16 | AA41: 1376.8966 | AB41: =IFERROR(AA41/Z41,"") -> 86.056034 | AC41: =IFERROR(RANK(AB41, AB$27:AB$41),"") -> 15 | AE41: 16 | AF41: 1387.7778 | AG41: =IFERROR(AF41/AE41,"") -> 86.736111 | AH41: =IFERROR(RANK(AG41, AG$27:AG$41),"") -> 15 | AJ41: 16 | AK41: 1386.5625 | AL41: =IFERROR(AK41/AJ41,"") -> 86.660156 | AM41: =IFERROR(RANK(AL41, AL$27:AL$41),"") -> 15 | AO41: 16 | AP41: 1392.7273 | AQ41: =IFERROR(AP41/AO41,"") -> 87.045455 | AR41: =IFERROR(RANK(AQ41, AQ$27:AQ$41),"") -> 15 | AT41: 16 | AU41: 1394.3284 | AV41: =IFERROR(AU41/AT41,"") -> 87.145522 | AW41: =IFERROR(RANK(AV41, AV$27:AV$41),"") -> 15
B42: 產線配置圖－每週更新 | N42: 資料繳交 | O42: 日期 | P42: 45881 | U42: 45882 | Z42: 45883 | AE42: 45884 | AJ42: 45885 | AO42: 45886 | AT42: 45887
P43: 二 | U43: 三 | Z43: 四 | AE43: 五 | AJ43: 六 | AO43: 日 | AT43: 一
B44: 品群 | C44: 商品名稱 | E44: 計畫 | H44: 平均人時性 | I44: 實績 | L44: 平均人時性 | M44: 排名 | O44: 日報 | P44: 實際 | T44: 平均人時性 | U44: 實際 | Y44: 平均人時性 | Z44: 實際 | AD44: 平均人時性 | AE44: 實際 | AI44: 平均人時性 | AJ44: 實際 | AN44: 平均人時性 | AO44: 實際 | AS44: 平均人時性 | AT44: 實際 | AX44: 平均人時性
E45: 產線配置圖 | I45: 產線配置圖 | P45: 生產實績 | U45: 生產實績 | Z45: 生產實績 | AE45: 生產實績 | AJ45: 生產實績 | AO45: 生產實績 | AT45: 生產實績
E46: 人數 | F46: 產能／時 | G46: 人時性 | I46: 人數 | J46: 產能／時 | K46: 人時性 | P46: 人數 | Q46: 產能／時 | R46: 人時性 | S46: 排名 | U46: 人數 | V46: 產能／時 | W46: 人時性 | X46: 排名 | Z46: 人數 | AA46: 產能／時 | AB46: 人時性 | AC46: 排名 | AE46: 人數 | AF46: 產能／時 | AG46: 人時性 | AH46: 排名 | AJ46: 人數 | AK46: 產能／時 | AL46: 人時性 | AM46: 排名 | AO46: 人數 | AP46: 產能／時 | AQ46: 人時性 | AR46: 排名 | AT46: 人數 | AU46: 產能／時 | AV46: 人時性 | AW46: 排名
B47: 主食 | C47: 1 | D47: 二配煸椒烘蛋飯 | E47: 17 | F47: 2000 | G47: =F47/E47 -> 117.64706 | H47: =AVERAGE(G47:G61) -> 118.54847 | I47: =AVERAGE(P47,U47,Z47,AE47,AJ47,AO47,AT47) -> 17 | J47: =AVERAGE(Q47,V47,AA47,AF47,AK47,AP47,AU47) -> 1869.5773 | K47: =AVERAGE(R47,W47,AB47,AG47,AL47,AQ47,AV47) -> 109.97514 | L47: =IFERROR(AVERAGE(K47:K61),"-") -> 110.52373 | M47: =RANK(K47, K$47:K$61) -> 8 | P47: 17 | Q47: 1891.0345 | R47: =IFERROR(Q47/P47,"") -> 111.23732 | S47: =IFERROR(RANK(R47, R$47:R$61),"") -> 8 | T47: =AVERAGE(R47:R61) -> 110.04848 | U47: 17 | V47: 1860 | W47: =IFERROR(V47/U47,"") -> 109.41176 | X47: =IFERROR(RANK(W47, W$47:W$61),"") -> 9 | Y47: =AVERAGE(W47:W61) -> 109.85542 | Z47: 17 | AA47: 1917.5 | AB47: =IFERROR(AA47/Z47,"") -> 112.79412 | AC47: =IFERROR(RANK(AB47, AB$47:AB$61),"") -> 7 | AD47: =AVERAGE(AB47:AB61) -> 110.75989 | AE47: 17 | AF47: 1867.2 | AG47: =IFERROR(AF47/AE47,"") -> 109.83529 | AH47: =IFERROR(RANK(AG47, AG$47:AG$61),"") -> 8 | AI47: =AVERAGE(AG47:AG61) -> 110.27998 | AJ47: 17 | AK47: 1850 | AL47: =IFERROR(AK47/AJ47,"") -> 108.82353 | AM47: =IFERROR(RANK(AL47, AL$47:AL$61),"") -> 9 | AN47: =AVERAGE(AL47:AL61) -> 110.52572 | AO47: 17 | AP47: 1858.1818 | AQ47: =IFERROR(AP47/AO47,"") -> 109.30481 | AR47: =IFERROR(RANK(AQ47, AQ$47:AQ$61),"") -> 8 | AS47: =AVERAGE(AQ47:AQ61) -> 108.93689 | AT47: 17 | AU47: 1843.125 | AV47: =IFERROR(AU47/AT47,"") -> 108.41912 | AW47: =IFERROR(RANK(AV47, AV$47:AV$61),"") -> 8 | AX47: =AVERAGE(AV47:AV61) -> 109.30825
C48: 2 | D48: 二配川味麻婆燒豆腐燴飯 | E48: 16 | F48: 2000 | G48: =F48/E48 -> 125 | I48: =AVERAGE(P48,U48,Z48,AE48,AJ48,AO48,AT48) -> 16 | J48: =AVERAGE(Q48,V48,AA48,AF48,AK48,AP48,AU48) -> 1855.4811 | K48: =AVERAGE(R48,W48,AB48,AG48,AL48,AQ48,AV48) -> 115.96757 | M48: =RANK(K48, K$47:K$61) -> 4 | P48: 16 | Q48: 1866.9565 | R48: =IFERROR(Q48/P48,"") -> 116.68478 | S48: =IFERROR(RANK(R48, R$47:R$61),"") -> 3 | U48: 16 | V48: 1849.0909 | W48: =IFERROR(V48/U48,"") -> 115.56818 | X48: =IFERROR(RANK(W48, W$47:W$61),"") -> 6 | Z48: 16 | AA48: 1840 | AB48: =IFERROR(AA48/Z48,"") -> 115 | AC48: =IFERROR(RANK(AB48, AB$47:AB$61),"") -> 6 | AE48: 16 | AF48: 1858.9286 | AG48: =IFERROR(AF48/AE48,"") -> 116.18304 | AH48: =IFERROR(RANK(AG48, AG$47:AG$61),"") -> 5 | AJ48: 16 | AK48: 1859.0625 | AL48: =IFERROR(AK48/AJ48,"") -> 116.19141 | AM48: =IFERROR(RANK(AL48, AL$47:AL$61),"") -> 4 | AO48: 16 | AP48: 1845.6338 | AQ48: =IFERROR(AP48/AO48,"") -> 115.35211 | AR48: =IFERROR(RANK(AQ48, AQ$47:AQ$61),"") -> 4 | AT48: 16 | AU48: 1868.6957 | AV48: =IFERROR(AU48/AT48,"") -> 116.79348 | AW48: =IFERROR(RANK(AV48, AV$47:AV$61),"") -> 3
C49: 3 | D49: 二配港式香滑嫩蛋牛肉燴飯 | E49: 18 | F49: 2000 | G49: =F49/E49 -> 111.11111 | I49: =AVERAGE(P49,U49,Z49,AE49,AJ49,AO49,AT49) -> 18 | J49: =AVERAGE(Q49,V49,AA49,AF49,AK49,AP49,AU49) -> 1854.63 | K49: =AVERAGE(R49,W49,AB49,AG49,AL49,AQ49,AV49) -> 103.035 | M49: =RANK(K49, K$47:K$61) -> 12 | P49: 18 | Q49: 1860.8571 | R49: =IFERROR(Q49/P49,"") -> 103.38095 | S49: =IFERROR(RANK(R49, R$47:R$61),"") -> 12 | U49: 18 | V49: 1844.5455 | W49: =IFERROR(V49/U49,"") -> 102.47475 | X49: =IFERROR(RANK(W49, W$47:W$61),"") -> 12 | Z49: 18 | AA49: 1855.7895 | AB49: =IFERROR(AA49/Z49,"") -> 103.09942 | AC49: =IFERROR(RANK(AB49, AB$47:AB$61),"") -> 11 | AE49: 18 | AF49: 1856.7857 | AG49: =IFERROR(AF49/AE49,"") -> 103.15476 | AH49: =IFERROR(RANK(AG49, AG$47:AG$61),"") -> 11 | AJ49: 18 | AK49: 1847.8125 | AL49: =IFERROR(AK49/AJ49,"") -> 102.65625 | AM49: =IFERROR(RANK(AL49, AL$47:AL$61),"") -> 12 | AO49: 18 | AP49: 1856.6197 | AQ49: =IFERROR(AP49/AO49,"") -> 103.14554 | AR49: =IFERROR(RANK(AQ49, AQ$47:AQ$61),"") -> 10 | AT49: 18 | AU49: 1860 | AV49: =IFERROR(AU49/AT49,"") -> 103.33333 | AW49: =IFERROR(RANK(AV49, AV$47:AV$61),"") -> 10
C50: 4 | D50: 二配金咖哩濃厚辛辣咖哩飯 | E50: 17 | F50: 2000 | G50: =F50/E50 -> 117.64706 | I50: =AVERAGE(P50,U50,Z50,AE50,AJ50,AO50,AT50) -> 17 | J50: =AVERAGE(Q50,V50,AA50,AF50,AK50,AP50,AU50) -> 1852.5452 | K50: =AVERAGE(R50,W50,AB50,AG50,AL50,AQ50,AV50) -> 108.97325 | M50: =RANK(K50, K$47:K$61) -> 11 | P50: 17 | Q50: 1849.1489 | R50: =IFERROR(Q50/P50,"") -> 108.77347 | S50: =IFERROR(RANK(R50, R$47:R$61),"") -> 10 | U50: 17 | V50: 1853.3333 | W50: =IFERROR(V50/U50,"") -> 109.01961 | X50: =IFERROR(RANK(W50, W$47:W$61),"") -> 10 | Z50: 17 | AA50: 1844.4706 | AB50: =IFERROR(AA50/Z50,"") -> 108.49827 | AC50: =IFERROR(RANK(AB50, AB$47:AB$61),"") -> 10 | AE50: 17 | AF50: 1855.3247 | AG50: =IFERROR(AF50/AE50,"") -> 109.13675 | AH50: =IFERROR(RANK(AG50, AG$47:AG$61),"") -> 9 | AJ50: 17 | AK50: 1846.8293 | AL50: =IFERROR(AK50/AJ50,"") -> 108.63702 | AM50: =IFERROR(RANK(AL50, AL$47:AL$61),"") -> 10 | AO50: 17 | AP50: 1860 | AQ50: =IFERROR(AP50/AO50,"") -> 109.41176 | AR50: =IFERROR(RANK(AQ50, AQ$47:AQ$61),"") -> 7 | AT50: 17 | AU50: 1858.7097 | AV50: =IFERROR(AU50/AT50,"") -> 109.33586 | AW50: =IFERROR(RANK(AV50, AV$47:AV$61),"") -> 7
C51: 5 | D51: 二配美味蟹煲 | E51: 20 | F51: 2000 | G51: =F51/E51 -> 100 | I51: =AVERAGE(P51,U51,Z51,AE51,AJ51,AO51,AT51) -> 20 | J51: =AVERAGE(Q51,V51,AA51,AF51,AK51,AP51,AU51) -> 1849.3262 | K51: =AVERAGE(R51,W51,AB51,AG51,AL51,AQ51,AV51) -> 92.46631 | M51: =RANK(K51, K$47:K$61) -> 14 | P51: 20 | Q51: 1851.8182 | R51: =IFERROR(Q51/P51,"") -> 92.590909 | S51: =IFERROR(RANK(R51, R$47:R$61),"") -> 14 | U51: 20 | V51: 1843.9024 | W51: =IFERROR(V51/U51,"") -> 92.195122 | X51: =IFERROR(RANK(W51, W$47:W$61),"") -> 13 | Z51: 20 | AA51: 1852.844 | AB51: =IFERROR(AA51/Z51,"") -> 92.642202 | AC51: =IFERROR(RANK(AB51, AB$47:AB$61),"") -> 13 | AE51: 20 | AF51: 1850.8108 | AG51: =IFERROR(AF51/AE51,"") -> 92.540541 | AH51: =IFERROR(RANK(AG51, AG$47:AG$61),"") -> 13 | AJ51: 20 | AK51: 1855.1613 | AL51: =IFERROR(AK51/AJ51,"") -> 92.758065 | AM51: =IFERROR(RANK(AL51, AL$47:AL$61),"") -> 13 | AO51: 20 | AP51: 1845.6338 | AQ51: =IFERROR(AP51/AO51,"") -> 92.28169 | AR51: =IFERROR(RANK(AQ51, AQ$47:AQ$61),"") -> 12 | AT51: 20 | AU51: 1845.1128 | AV51: =IFERROR(AU51/AT51,"") -> 92.255639 | AW51: =IFERROR(RANK(AV51, AV$47:AV$61),"") -> 12
C52: 6 | D52: 鐵板滑蛋炸豬排丼 | E52: 16 | F52: 2000 | G52: =F52/E52 -> 125 | I52: =AVERAGE(P52,U52,Z52,AE52,AJ52,AO52,AT52) -> 16 | J52: =AVERAGE(Q52,V52,AA52,AF52,AK52,AP52,AU52) -> 1848.9237 | K52: =AVERAGE(R52,W52,AB52,AG52,AL52,AQ52,AV52) -> 115.55773 | M52: =RANK(K52, K$47:K$61) -> 6 | P52: 16 | Q52: 1846.3918 | R52: =IFERROR(Q52/P52,"") -> 115.39948 | S52: =IFERROR(RANK(R52, R$47:R$61),"") -> 7 | U52: 16 | V52: 1852.3529 | W52: =IFERROR(V52/U52,"") -> 115.77206 | X52: =IFERROR(RANK(W52, W$47:W$61),"") -> 5 | Z52: 16 | AA52: 1862.0455 | AB52: =IFERROR(AA52/Z52,"") -> 116.37784 | AC52: =IFERROR(RANK(AB52, AB$47:AB$61),"") -> 4 | AE52: 16 | AF52: 1848.8571 | AG52: =IFERROR(AF52/AE52,"") -> 115.55357 | AH52: =IFERROR(RANK(AG52, AG$47:AG$61),"") -> 6 | AJ52: 16 | AK52: 1845 | AL52: =IFERROR(AK52/AJ52,"") -> 115.3125 | AM52: =IFERROR(RANK(AL52, AL$47:AL$61),"") -> 6 | AO52: 16 | AP52: 1843.125 | AQ52: =IFERROR(AP52/AO52,"") -> 115.19531 | AR52: =IFERROR(RANK(AQ52, AQ$47:AQ$61),"") -> 5 | AT52: 16 | AU52: 1844.6939 | AV52: =IFERROR(AU52/AT52,"") -> 115.29337 | AW52: =IFERROR(RANK(AV52, AV$47:AV$61),"") -> 5
C53: 7 | D53: 極上炙烤親子丼 | E53: 17 | F53: 2000 | G53: =F53/E53 -> 117.64706 | I53: =AVERAGE(P53,U53,Z53,AE53,AJ53,AO53,AT53) -> 17 | J53: =AVERAGE(Q53,V53,AA53,AF53,AK53,AP53,AU53) -> 1857.9106 | K53: =AVERAGE(R53,W53,AB53,AG53,AL53,AQ53,AV53) -> 109.28886 | M53: =RANK(K53, K$47:K$61) -> 9 | P53: 17 | Q53: 1846.2295 | R53: =IFERROR(Q53/P53,"") -> 108.60174 | S53: =IFERROR(RANK(R53, R$47:R$61),"") -> 11 | U53: 17 | V53: 1867.2727 | W53: =IFERROR(V53/U53,"") -> 109.83957 | X53: =IFERROR(RANK(W53, W$47:W$61),"") -> 7 | Z53: 17 | AA53: 1857.931 | AB53: =IFERROR(AA53/Z53,"") -> 109.29006 | AC53: =IFERROR(RANK(AB53, AB$47:AB$61),"") -> 9 | AE53: 17 | AF53: 1867.5 | AG53: =IFERROR(AF53/AE53,"") -> 109.85294 | AH53: =IFERROR(RANK(AG53, AG$47:AG$61),"") -> 7 | AJ53: 17 | AK53: 1856.3265 | AL53: =IFERROR(AK53/AJ53,"") -> 109.19568 | AM53: =IFERROR(RANK(AL53, AL$47:AL$61),"") -> 8 | AO53: 17 | AP53: 1844.3077 | AQ53: =IFERROR(AP53/AO53,"") -> 108.48869 | AR53: =IFERROR(RANK(AQ53, AQ$47:AQ$61),"") -> 9 | AT53: 17 | AU53: 1865.8065 | AV53: =IFERROR(AU53/AT53,"") -> 109.75332 | AW53: =IFERROR(RANK(AV53, AV$47:AV$61),"") -> 6
C54: 8 | D54: 紅燒纖牛若風味燴飯 | E54: 16 | F54: 2000 | G54: =F54/E54 -> 125 | I54: =AVERAGE(P54,U54,Z54,AE54,AJ54,AO54,AT54) -> 16 | J54: =AVERAGE(Q54,V54,AA54,AF54,AK54,AP54,AU54) -> 1847.2727 | K54: =AVERAGE(R54,W54,AB54,AG54,AL54,AQ54,AV54) -> 115.45455 | M54: =RANK(K54, K$47:K$61) -> 7 | P54: 16 | Q54: 1847.2727 | R54: =IFERROR(Q54/P54,"") -> 115.45455 | S54: =IFERROR(RANK(R54, R$47:R$61),"") -> 6 | W54: =IFERROR(V54/U54,"") | X54: =IFERROR(RANK(W54, W$47:W$61),"") | AB54: =IFERROR(AA54/Z54,"") | AC54: =IFERROR(RANK(AB54, AB$47:AB$61),"") | AG54: =IFERROR(AF54/AE54,"") | AH54: =IFERROR(RANK(AG54, AG$47:AG$61),"") | AL54: =IFERROR(AK54/AJ54,"") | AM54: =IFERROR(RANK(AL54, AL$47:AL$61),"") | AQ54: =IFERROR(AP54/AO54,"") | AR54: =IFERROR(RANK(AQ54, AQ$47:AQ$61),"") | AV54: =IFERROR(AU54/AT54,"") | AW54: =IFERROR(RANK(AV54, AV$47:AV$61),"")
C55: 9 | D55: 海老鰻魚丼滋丼 | E55: 18 | F55: 2000 | G55: =F55/E55 -> 111.11111 | I55: =AVERAGE(P55,U55,Z55,AE55,AJ55,AO55,AT55) -> 18 | J55: =AVERAGE(Q55,V55,AA55,AF55,AK55,AP55,AU55) -> 1848.3455 | K55: =AVERAGE(R55,W55,AB55,AG55,AL55,AQ55,AV55) -> 102.68586 | M55: =RANK(K55, K$47:K$61) -> 13 | P55: 18 | Q55: 1847.3684 | R55: =IFERROR(Q55/P55,"") -> 102.63158 | S55: =IFERROR(RANK(R55, R$47:R$61),"") -> 13 | U55: 18 | V55: 1845 | W55: =IFERROR(V55/U55,"") -> 102.5 | X55: =IFERROR(RANK(W55, W$47:W$61),"") -> 11 | Z55: 18 | AA55: 1850.8333 | AB55: =IFERROR(AA55/Z55,"") -> 102.82407 | AC55: =IFERROR(RANK(AB55, AB$47:AB$61),"") -> 12 | AE55: 18 | AF55: 1841.8182 | AG55: =IFERROR(AF55/AE55,"") -> 102.32323 | AH55: =IFERROR(RANK(AG55, AG$47:AG$61),"") -> 12 | AJ55: 18 | AK55: 1852.9412 | AL55: =IFERROR(AK55/AJ55,"") -> 102.94118 | AM55: =IFERROR(RANK(AL55, AL$47:AL$61),"") -> 11 | AO55: 18 | AP55: 1845.6 | AQ55: =IFERROR(AP55/AO55,"") -> 102.53333 | AR55: =IFERROR(RANK(AQ55, AQ$47:AQ$61),"") -> 11 | AT55: 18 | AU55: 1854.8571 | AV55: =IFERROR(AU55/AT55,"") -> 103.04762 | AW55: =IFERROR(RANK(AV55, AV$47:AV$61),"") -> 11
C56: 10 | D56: 二配金咖哩果香甘口咖哩飯 | E56: 16 | F56: 2000 | G56: =F56/E56 -> 125 | I56: =AVERAGE(P56,U56,Z56,AE56,AJ56,AO56,AT56) -> 16 | J56: =AVERAGE(Q56,V56,AA56,AF56,AK56,AP56,AU56) -> 1853.8372 | K56: =AVERAGE(R56,W56,AB56,AG56,AL56,AQ56,AV56) -> 115.86483 | M56: =RANK(K56, K$47:K$61) -> 5 | P56: 16 | Q56: 1860 | R56: =IFERROR(Q56/P56,"") -> 116.25 | S56: =IFERROR(RANK(R56, R$47:R$61),"") -> 5 | U56: 16 | V56: 1856.4356 | W56: =IFERROR(V56/U56,"") -> 116.02723 | X56: =IFERROR(RANK(W56, W$47:W$61),"") -> 4 | Z56: 16 | AA56: 1846.8132 | AB56: =IFERROR(AA56/Z56,"") -> 115.42582 | AC56: =IFERROR(RANK(AB56, AB$47:AB$61),"") -> 5 | AE56: 16 | AF56: 1862.1951 | AG56: =IFERROR(AF56/AE56,"") -> 116.3872 | AH56: =IFERROR(RANK(AG56, AG$47:AG$61),"") -> 4 | AJ56: 16 | AK56: 1847.7273 | AL56: =IFERROR(AK56/AJ56,"") -> 115.48295 | AM56: =IFERROR(RANK(AL56, AL$47:AL$61),"") -> 5 | AO56: 16 | AP56: 1851.8447 | AQ56: =IFERROR(AP56/AO56,"") -> 115.74029 | AR56: =IFERROR(RANK(AQ56, AQ$47:AQ$61),"") -> 3 | AT56: 16 | AU56: 1851.8447 | AV56: =IFERROR(AU56/AT56,"") -> 115.74029 | AW56: =IFERROR(RANK(AV56, AV$47:AV$61),"") -> 4
C57: 11 | D57: 二配極旨黑咖哩漢堡排飯 | E57: 15 | F57: 2000 | G57: =F57/E57 -> 133.33333 | I57: =AVERAGE(P57,U57,Z57,AE57,AJ57,AO57,AT57) -> 15 | J57: =AVERAGE(Q57,V57,AA57,AF57,AK57,AP57,AU57) -> 1889.3355 | K57: =AVERAGE(R57,W57,AB57,AG57,AL57,AQ57,AV57) -> 125.9557 | M57: =RANK(K57, K$47:K$61) -> 1 | P57: 15 | Q57: 1845 | R57: =IFERROR(Q57/P57,"") -> 123 | S57: =IFERROR(RANK(R57, R$47:R$61),"") -> 2 | U57: 15 | V57: 1912 | W57: =IFERROR(V57/U57,"") -> 127.46667 | X57: =IFERROR(RANK(W57, W$47:W$61),"") -> 1 | Z57: 15 | AA57: 1925 | AB57: =IFERROR(AA57/Z57,"") -> 128.33333 | AC57: =IFERROR(RANK(AB57, AB$47:AB$61),"") -> 1 | AE57: 15 | AF57: 1869.2308 | AG57: =IFERROR(AF57/AE57,"") -> 124.61538 | AH57: =IFERROR(RANK(AG57, AG$47:AG$61),"") -> 1 | AJ57: 15 | AK57: 1896 | AL57: =IFERROR(AK57/AJ57,"") -> 126.4 | AM57: =IFERROR(RANK(AL57, AL$47:AL$61),"") -> 2 | AO57: 15 | AP57: 1874.1176 | AQ57: =IFERROR(AP57/AO57,"") -> 124.94118 | AR57: =IFERROR(RANK(AQ57, AQ$47:AQ$61),"") -> 1 | AT57: 15 | AU57: 1904 | AV57: =IFERROR(AU57/AT57,"") -> 126.93333 | AW57: =IFERROR(RANK(AV57, AV$47:AV$61),"") -> 1
C58: 12 | D58: 二配黑胡椒素豬若飯 | E58: 16 | F58: 2000 | G58: =F58/E58 -> 125 | I58: =AVERAGE(P58,U58,Z58,AE58,AJ58,AO58,AT58) -> 16 | J58: =AVERAGE(Q58,V58,AA58,AF58,AK58,AP58,AU58) -> 1955.6494 | K58: =AVERAGE(R58,W58,AB58,AG58,AL58,AQ58,AV58) -> 122.22808 | M58: =RANK(K58, K$47:K$61) -> 3 | P58: 16 | Q58: 1860 | R58: =IFERROR(Q58/P58,"") -> 116.25 | S58: =IFERROR(RANK(R58, R$47:R$61),"") -> 4 | U58: 16 | V58: 1881.4286 | W58: =IFERROR(V58/U58,"") -> 117.58929 | X58: =IFERROR(RANK(W58, W$47:W$61),"") -> 3 | Z58: 16 | AA58: 2001.8182 | AB58: =IFERROR(AA58/Z58,"") -> 125.11364 | AC58: =IFERROR(RANK(AB58, AB$47:AB$61),"") -> 2 | AE58: 16 | AF58: 1980 | AG58: =IFERROR(AF58/AE58,"") -> 123.75 | AH58: =IFERROR(RANK(AG58, AG$47:AG$61),"") -> 3 | AJ58: 16 | AK58: 2055 | AL58: =IFERROR(AK58/AJ58,"") -> 128.4375 | AM58: =IFERROR(RANK(AL58, AL$47:AL$61),"") -> 1 | AQ58: =IFERROR(AP58/AO58,"") | AR58: =IFERROR(RANK(AQ58, AQ$47:AQ$61),"") | AV58: =IFERROR(AU58/AT58,"") | AW58: =IFERROR(RANK(AV58, AV$47:AV$61),"")
C59: 13 | D59: 二配香辣醬蒜味香腸蛋炒飯 | E59: 17 | F59: 2000 | G59: =F59/E59 -> 117.64706 | I59: =AVERAGE(P59,U59,Z59,AE59,AJ59,AO59,AT59) -> 17 | J59: =AVERAGE(Q59,V59,AA59,AF59,AK59,AP59,AU59) -> 1856.7756 | K59: =AVERAGE(R59,W59,AB59,AG59,AL59,AQ59,AV59) -> 109.2221 | M59: =RANK(K59, K$47:K$61) -> 10 | P59: 17 | Q59: 1854.0845 | R59: =IFERROR(Q59/P59,"") -> 109.06379 | S59: =IFERROR(RANK(R59, R$47:R$61),"") -> 9 | U59: 17 | V59: 1860.9091 | W59: =IFERROR(V59/U59,"") -> 109.46524 | X59: =IFERROR(RANK(W59, W$47:W$61),"") -> 8 | Z59: 17 | AA59: 1867.1186 | AB59: =IFERROR(AA59/Z59,"") -> 109.83051 | AC59: =IFERROR(RANK(AB59, AB$47:AB$61),"") -> 8 | AE59: 17 | AF59: 1844.7458 | AG59: =IFERROR(AF59/AE59,"") -> 108.51446 | AH59: =IFERROR(RANK(AG59, AG$47:AG$61),"") -> 10 | AJ59: 17 | AK59: 1860 | AL59: =IFERROR(AK59/AJ59,"") -> 109.41176 | AM59: =IFERROR(RANK(AL59, AL$47:AL$61),"") -> 7 | AO59: 17 | AP59: 1869.4286 | AQ59: =IFERROR(AP59/AO59,"") -> 109.96639 | AR59: =IFERROR(RANK(AQ59, AQ$47:AQ$61),"") -> 6 | AT59: 17 | AU59: 1841.1429 | AV59: =IFERROR(AU59/AT59,"") -> 108.30252 | AW59: =IFERROR(RANK(AV59, AV$47:AV$61),"") -> 9
C60: 14 | D60: 二配香拌海鮮醬肉絲蛋炒飯 | E60: 15 | F60: 2000 | G60: =F60/E60 -> 133.33333 | I60: =AVERAGE(P60,U60,Z60,AE60,AJ60,AO60,AT60) -> 15 | J60: =AVERAGE(Q60,V60,AA60,AF60,AK60,AP60,AU60) -> 1861.3327 | K60: =AVERAGE(R60,W60,AB60,AG60,AL60,AQ60,AV60) -> 124.08885 | M60: =RANK(K60, K$47:K$61) -> 2 | P60: 15 | Q60: 1857.7778 | R60: =IFERROR(Q60/P60,"") -> 123.85185 | S60: =IFERROR(RANK(R60, R$47:R$61),"") -> 1 | U60: 15 | V60: 1849.6154 | W60: =IFERROR(V60/U60,"") -> 123.30769 | X60: =IFERROR(RANK(W60, W$47:W$61),"") -> 2 | Z60: 15 | AA60: 1865.3333 | AB60: =IFERROR(AA60/Z60,"") -> 124.35556 | AC60: =IFERROR(RANK(AB60, AB$47:AB$61),"") -> 3 | AE60: 15 | AF60: 1867.3171 | AG60: =IFERROR(AF60/AE60,"") -> 124.4878 | AH60: =IFERROR(RANK(AG60, AG$47:AG$61),"") -> 2 | AJ60: 15 | AK60: 1867.6596 | AL60: =IFERROR(AK60/AJ60,"") -> 124.51064 | AM60: =IFERROR(RANK(AL60, AL$47:AL$61),"") -> 3 | AO60: 15 | AP60: 1846.9091 | AQ60: =IFERROR(AP60/AO60,"") -> 123.12727 | AR60: =IFERROR(RANK(AQ60, AQ$47:AQ$61),"") -> 2 | AT60: 15 | AU60: 1874.717 | AV60: =IFERROR(AU60/AT60,"") -> 124.98113 | AW60: =IFERROR(RANK(AV60, AV$47:AV$61),"") -> 2
C61: 15 | D61: 二配粗飽系雞排炒飯 | E61: 16 | F61: 1500 | G61: =F61/E61 -> 93.75 | I61: =AVERAGE(P61,U61,Z61,AE61,AJ61,AO61,AT61) -> 16 | J61: =AVERAGE(Q61,V61,AA61,AF61,AK61,AP61,AU61) -> 1393.4738 | K61: =AVERAGE(R61,W61,AB61,AG61,AL61,AQ61,AV61) -> 87.092109 | M61: =RANK(K61, K$47:K$61) -> 15 | P61: 16 | Q61: 1400.9091 | R61: =IFERROR(Q61/P61,"") -> 87.556818 | S61: =IFERROR(RANK(R61, R$47:R$61),"") -> 15 | U61: 16 | V61: 1397.4194 | W61: =IFERROR(V61/U61,"") -> 87.33871 | X61: =IFERROR(RANK(W61, W$47:W$61),"") -> 14 | Z61: 16 | AA61: 1392.8571 | AB61: =IFERROR(AA61/Z61,"") -> 87.053571 | AC61: =IFERROR(RANK(AB61, AB$47:AB$61),"") -> 14 | AE61: 16 | AF61: 1401.3559 | AG61: =IFERROR(AF61/AE61,"") -> 87.584746 | AH61: =IFERROR(RANK(AG61, AG$47:AG$61),"") -> 14 | AJ61: 16 | AK61: 1385.625 | AL61: =IFERROR(AK61/AJ61,"") -> 86.601563 | AM61: =IFERROR(RANK(AL61, AL$47:AL$61),"") -> 14 | AO61: 16 | AP61: 1387.0588 | AQ61: =IFERROR(AP61/AO61,"") -> 86.691176 | AR61: =IFERROR(RANK(AQ61, AQ$47:AQ$61),"") -> 13 | AT61: 16 | AU61: 1389.0909 | AV61: =IFERROR(AU61/AT61,"") -> 86.818182 | AW61: =IFERROR(RANK(AV61, AV$47:AV$61),"") -> 13
B62: 產線配置圖－每週更新 | N62: 資料繳交 | O62: 日期 | P62: 45888 | U62: 45889 | Z62: 45890 | AE62: 45891 | AJ62: 45892 | AO62: 45893 | AT62: 45894
P63: 二 | U63: 三 | Z63: 四 | AE63: 五 | AJ63: 六 | AO63: 日 | AT63: 一
B64: 品群 | C64: 商品名稱 | E64: 計畫 | H64: 平均人時性 | I64: 實績 | L64: 平均人時性 | M64: 排名 | O64: 日報 | P64: 實際 | T64: 平均人時性 | U64: 實際 | Y64: 平均人時性 | Z64: 實際 | AD64: 平均人時性 | AE64: 實際 | AI64: 平均人時性 | AJ64: 實際 | AN64: 平均人時性 | AO64: 實際 | AS64: 平均人時性 | AT64: 實際 | AX64: 平均人時性
E65: 產線配置圖 | I65: 產線配置圖 | P65: 生產實績 | U65: 生產實績 | Z65: 生產實績 | AE65: 生產實績 | AJ65: 生產實績 | AO65: 生產實績 | AT65: 生產實績
E66: 人數 | F66: 產能／時 | G66: 人時性 | I66: 人數 | J66: 產能／時 | K66: 人時性 | P66: 人數 | Q66: 產能／時 | R66: 人時性 | S66: 排名 | U66: 人數 | V66: 產能／時 | W66: 人時性 | X66: 排名 | Z66: 人數 | AA66: 產能／時 | AB66: 人時性 | AC66: 排名 | AE66: 人數 | AF66: 產能／時 | AG66: 人時性 | AH66: 排名 | AJ66: 人數 | AK66: 產能／時 | AL66: 人時性 | AM66: 排名 | AO66: 人數 | AP66: 產能／時 | AQ66: 人時性 | AR66: 排名 | AT66: 人數 | AU66: 產能／時 | AV66: 人時性 | AW66: 排名
B67: 主食 | C67: 1 | D67: 二配煸椒烘蛋飯 | E67: 17 | F67: 2000 | G67: =F67/E67 -> 117.64706 | H67: =AVERAGE(G67:G81) -> 117.55593 | I67: =IFERROR(AVERAGE(P67,U67,Z67,AE67,AJ67,AO67,AT67),"") -> 17 | J67: =IFERROR(AVERAGE(Q67,V67,AA67,AF67,AK67,AP67,AU67),"") -> 1883.7898 | K67: =IFERROR(AVERAGE(R67,W67,AB67,AG67,AL67,AQ67,AV67),"") -> 110.81116 | L67: =IFERROR(AVERAGE(K67:K81),"-") -> 109.9826 | M67: =IFERROR(RANK(K67, K$67:K$81),"") -> 6 | P67: 17 | Q67: 1853.1429 | R67: =IFERROR(Q67/P67,"") -> 109.0084 | S67: =IFERROR(RANK(R67, R$67:R$81),"") -> 9 | T67: =AVERAGE(R67:R81) -> 109.45025 | U67: 17 | V67: 1867.7419 | W67: =IFERROR(V67/U67,"") -> 109.86717 | X67: =IFERROR(RANK(W67, W$67:W$81),"") -> 8 | Y67: =AVERAGE(W67:W81) -> 109.85648 | Z67: 17 | AA67: 1855.2 | AB67: =IFERROR(AA67/Z67,"") -> 109.12941 | AC67: =IFERROR(RANK(AB67, AB$67:AB$81),"") -> 8 | AD67: =AVERAGE(AB67:AB81) -> 109.78312 | AE67: 17 | AF67: 1920 | AG67: =IFERROR(AF67/AE67,"") -> 112.94118 | AH67: =IFERROR(RANK(AG67, AG$67:AG$81),"") -> 6 | AI67: =AVERAGE(AG67:AG81) -> 110.38417 | AJ67: 17 | AK67: 1914.1935 | AL67: =IFERROR(AK67/AJ67,"") -> 112.59962 | AM67: =IFERROR(RANK(AL67, AL$67:AL$81),"") -> 6 | AN67: =AVERAGE(AL67:AL81) -> 110.15544 | AO67: 17 | AP67: 1903.125 | AQ67: =IFERROR(AP67/AO67,"") -> 111.94853 | AR67: =IFERROR(RANK(AQ67, AQ$67:AQ$81),"") -> 6 | AS67: =AVERAGE(AQ67:AQ81) -> 110.25699 | AT67: 17 | AU67: 1873.125 | AV67: =IFERROR(AU67/AT67,"") -> 110.18382 | AW67: =IFERROR(RANK(AV67, AV$67:AV$81),"") -> 7 | AX67: =AVERAGE(AV67:AV81) -> 109.99175
C68: 2 | D68: 二配川味麻婆燒豆腐燴飯 | E68: 16 | F68: 2000 | G68: =F68/E68 -> 125 | I68: =IFERROR(AVERAGE(P68,U68,Z68,AE68,AJ68,AO68,AT68),"") -> 16 | J68: =IFERROR(AVERAGE(Q68,V68,AA68,AF68,AK68,AP68,AU68),"") -> 1862.5422 | K68: =IFERROR(AVERAGE(R68,W68,AB68,AG68,AL68,AQ68,AV68),"") -> 116.40889 | M68: =IFERROR(RANK(K68, K$67:K$81),"") -> 4 | P68: 16 | Q68: 1854.7826 | R68: =IFERROR(Q68/P68,"") -> 115.92391 | S68: =IFERROR(RANK(R68, R$67:R$81),"") -> 3 | U68: 16 | V68: 1860 | W68: =IFERROR(V68/U68,"") -> 116.25 | X68: =IFERROR(RANK(W68, W$67:W$81),"") -> 4 | Z68: 16 | AA68: 1880.7273 | AB68: =IFERROR(AA68/Z68,"") -> 117.54545 | AC68: =IFERROR(RANK(AB68, AB$67:AB$81),"") -> 3 | AE68: 16 | AF68: 1853.4545 | AG68: =IFERROR(AF68/AE68,"") -> 115.84091 | AH68: =IFERROR(RANK(AG68, AG$67:AG$81),"") -> 5 | AJ68: 16 | AK68: 1864.5455 | AL68: =IFERROR(AK68/AJ68,"") -> 116.53409 | AM68: =IFERROR(RANK(AL68, AL$67:AL$81),"") -> 4 | AO68: 16 | AP68: 1860.8571 | AQ68: =IFERROR(AP68/AO68,"") -> 116.30357 | AR68: =IFERROR(RANK(AQ68, AQ$67:AQ$81),"") -> 4 | AT68: 16 | AU68: 1863.4286 | AV68: =IFERROR(AU68/AT68,"") -> 116.46429 | AW68: =IFERROR(RANK(AV68, AV$67:AV$81),"") -> 3
C69: 3 | D69: 二配港式香滑嫩蛋牛肉燴飯 | E69: 18 | F69: 2000 | G69: =F69/E69 -> 111.11111 | I69: =IFERROR(AVERAGE(P69,U69,Z69,AE69,AJ69,AO69,AT69),"") -> 18 | J69: =IFERROR(AVERAGE(Q69,V69,AA69,AF69,AK69,AP69,AU69),"") -> 1866.086 | K69: =IFERROR(AVERAGE(R69,W69,AB69,AG69,AL69,AQ69,AV69),"") -> 103.67145 | M69: =IFERROR(RANK(K69, K$67:K$81),"") -> 11 | P69: 18 | Q69: 1881.4925 | R69: =IFERROR(Q69/P69,"") -> 104.52736 | S69: =IFERROR(RANK(R69, R$67:R$81),"") -> 10 | U69: 18 | V69: 1876.4516 | W69: =IFERROR(V69/U69,"") -> 104.24731 | X69: =IFERROR(RANK(W69, W$67:W$81),"") -> 11 | Z69: 18 | AA69: 1850.1818 | AB69: =IFERROR(AA69/Z69,"") -> 102.78788 | AC69: =IFERROR(RANK(AB69, AB$67:AB$81),"") -> 11 | AE69: 18 | AF69: 1853.2075 | AG69: =IFERROR(AF69/AE69,"") -> 102.95597 | AH69: =IFERROR(RANK(AG69, AG$67:AG$81),"") -> 11 | AJ69: 18 | AK69: 1860 | AL69: =IFERROR(AK69/AJ69,"") -> 103.33333 | AM69: =IFERROR(RANK(AL69, AL$67:AL$81),"") -> 11 | AO69: 18 | AP69: 1866.2687 | AQ69: =IFERROR(AP69/AO69,"") -> 103.68159 | AR69: =IFERROR(RANK(AQ69, AQ$67:AQ$81),"") -> 11 | AT69: 18 | AU69: 1875 | AV69: =IFERROR(AU69/AT69,"") -> 104.16667 | AW69: =IFERROR(RANK(AV69, AV$67:AV$81),"") -> 10
C70: 4 | D70: 二配金咖哩濃厚辛辣咖哩飯 | E70: 17 | F70: 2000 | G70: =F70/E70 -> 117.64706 | I70: =IFERROR(AVERAGE(P70,U70,Z70,AE70,AJ70,AO70,AT70),"") -> 17 | J70: =IFERROR(AVERAGE(Q70,V70,AA70,AF70,AK70,AP70,AU70),"") -> 1858.93 | K70: =IFERROR(AVERAGE(R70,W70,AB70,AG70,AL70,AQ70,AV70),"") -> 109.34882 | M70: =IFERROR(RANK(K70, K$67:K$81),"") -> 9 | P70: 17 | Q70: 1862.5532 | R70: =IFERROR(Q70/P70,"") -> 109.56195 | S70: =IFERROR(RANK(R70, R$67:R$81),"") -> 7 | U70: 17 | V70: 1855.1724 | W70: =IFERROR(V70/U70,"") -> 109.12779 | X70: =IFERROR(RANK(W70, W$67:W$81),"") -> 9 | Z70: 17 | AA70: 1853.1646 | AB70: =IFERROR(AA70/Z70,"") -> 109.00968 | AC70: =IFERROR(RANK(AB70, AB$67:AB$81),"") -> 9 | AE70: 17 | AF70: 1861.6667 | AG70: =IFERROR(AF70/AE70,"") -> 109.5098 | AH70: =IFERROR(RANK(AG70, AG$67:AG$81),"") -> 9 | AJ70: 17 | AK70: 1862.9268 | AL70: =IFERROR(AK70/AJ70,"") -> 109.58393 | AM70: =IFERROR(RANK(AL70, AL$67:AL$81),"") -> 9 | AO70: 17 | AP70: 1863.4091 | AQ70: =IFERROR(AP70/AO70,"") -> 109.6123 | AR70: =IFERROR(RANK(AQ70, AQ$67:AQ$81),"") -> 9 | AT70: 17 | AU70: 1853.617 | AV70: =IFERROR(AU70/AT70,"") -> 109.0363 | AW70: =IFERROR(RANK(AV70, AV$67:AV$81),"") -> 9
C71: 5 | D71: 二配美味蟹煲 | E71: 20 | F71: 2000 | G71: =F71/E71 -> 100 | I71: =IFERROR(AVERAGE(P71,U71,Z71,AE71,AJ71,AO71,AT71),"") -> 20 | J71: =IFERROR(AVERAGE(Q71,V71,AA71,AF71,AK71,AP71,AU71),"") -> 1857.4765 | K71: =IFERROR(AVERAGE(R71,W71,AB71,AG71,AL71,AQ71,AV71),"") -> 92.873824 | M71: =IFERROR(RANK(K71, K$67:K$81),"") -> 12 | P71: 20 | Q71: 1854.8837 | R71: =IFERROR(Q71/P71,"") -> 92.744186 | S71: =IFERROR(RANK(R71, R$67:R$81),"") -> 12 | U71: 20 | V71: 1853.6066 | W71: =IFERROR(V71/U71,"") -> 92.680328 | X71: =IFERROR(RANK(W71, W$67:W$81),"") -> 12 | Z71: 20 | AA71: 1855.3398 | AB71: =IFERROR(AA71/Z71,"") -> 92.76699 | AC71: =IFERROR(RANK(AB71, AB$67:AB$81),"") -> 12 | AE71: 20 | AF71: 1871.875 | AG71: =IFERROR(AF71/AE71,"") -> 93.59375 | AH71: =IFERROR(RANK(AG71, AG$67:AG$81),"") -> 12 | AJ71: 20 | AK71: 1855.7895 | AL71: =IFERROR(AK71/AJ71,"") -> 92.789474 | AM71: =IFERROR(RANK(AL71, AL$67:AL$81),"") -> 12 | AO71: 20 | AP71: 1858.5827 | AQ71: =IFERROR(AP71/AO71,"") -> 92.929134 | AR71: =IFERROR(RANK(AQ71, AQ$67:AQ$81),"") -> 12 | AT71: 20 | AU71: 1852.2581 | AV71: =IFERROR(AU71/AT71,"") -> 92.612903 | AW71: =IFERROR(RANK(AV71, AV$67:AV$81),"") -> 12
C72: 6 | D72: 鐵板滑蛋炸豬排丼 | E72: 16 | F72: 2000 | G72: =F72/E72 -> 125 | I72: =IFERROR(AVERAGE(P72,U72,Z72,AE72,AJ72,AO72,AT72),"") -> 16 | J72: =IFERROR(AVERAGE(Q72,V72,AA72,AF72,AK72,AP72,AU72),"") -> 1858.4129 | K72: =IFERROR(AVERAGE(R72,W72,AB72,AG72,AL72,AQ72,AV72),"") -> 116.15081 | M72: =IFERROR(RANK(K72, K$67:K$81),"") -> 5 | P72: 16 | Q72: 1854.433 | R72: =IFERROR(Q72/P72,"") -> 115.90206 | S72: =IFERROR(RANK(R72, R$67:R$81),"") -> 4 | U72: 16 | V72: 1852.1739 | W72: =IFERROR(V72/U72,"") -> 115.76087 | X72: =IFERROR(RANK(W72, W$67:W$81),"") -> 5 | Z72: 16 | AA72: 1861.4634 | AB72: =IFERROR(AA72/Z72,"") -> 116.34146 | AC72: =IFERROR(RANK(AB72, AB$67:AB$81),"") -> 5 | AE72: 16 | AF72: 1863.8095 | AG72: =IFERROR(AF72/AE72,"") -> 116.4881 | AH72: =IFERROR(RANK(AG72, AG$67:AG$81),"") -> 3 | AJ72: 16 | AK72: 1862.7692 | AL72: =IFERROR(AK72/AJ72,"") -> 116.42308 | AM72: =IFERROR(RANK(AL72, AL$67:AL$81),"") -> 5 | AO72: 16 | AP72: 1859.3478 | AQ72: =IFERROR(AP72/AO72,"") -> 116.20924 | AR72: =IFERROR(RANK(AQ72, AQ$67:AQ$81),"") -> 5 | AT72: 16 | AU72: 1854.8936 | AV72: =IFERROR(AU72/AT72,"") -> 115.93085 | AW72: =IFERROR(RANK(AV72, AV$67:AV$81),"") -> 4
C73: 7 | D73: 極上炙烤親子丼 | E73: 17 | F73: 2000 | G73: =F73/E73 -> 117.64706 | I73: =IFERROR(AVERAGE(P73,U73,Z73,AE73,AJ73,AO73,AT73),"") -> 17 | J73: =IFERROR(AVERAGE(Q73,V73,AA73,AF73,AK73,AP73,AU73),"") -> 1875.0561 | K73: =IFERROR(AVERAGE(R73,W73,AB73,AG73,AL73,AQ73,AV73),"") -> 110.29742 | M73: =IFERROR(RANK(K73, K$67:K$81),"") -> 7 | P73: 17 | Q73: 1853.2258 | R73: =IFERROR(Q73/P73,"") -> 109.01328 | S73: =IFERROR(RANK(R73, R$67:R$81),"") -> 8 | U73: 17 | V73: 1874 | W73: =IFERROR(V73/U73,"") -> 110.23529 | X73: =IFERROR(RANK(W73, W$67:W$81),"") -> 7 | Z73: 17 | AA73: 1879.6364 | AB73: =IFERROR(AA73/Z73,"") -> 110.56684 | AC73: =IFERROR(RANK(AB73, AB$67:AB$81),"") -> 6 | AE73: 17 | AF73: 1877.3333 | AG73: =IFERROR(AF73/AE73,"") -> 110.43137 | AH73: =IFERROR(RANK(AG73, AG$67:AG$81),"") -> 7 | AJ73: 17 | AK73: 1880.8696 | AL73: =IFERROR(AK73/AJ73,"") -> 110.63939 | AM73: =IFERROR(RANK(AL73, AL$67:AL$81),"") -> 7 | AO73: 17 | AP73: 1881.6393 | AQ73: =IFERROR(AP73/AO73,"") -> 110.68467 | AR73: =IFERROR(RANK(AQ73, AQ$67:AQ$81),"") -> 7 | AT73: 17 | AU73: 1878.6885 | AV73: =IFERROR(AU73/AT73,"") -> 110.51109 | AW73: =IFERROR(RANK(AV73, AV$67:AV$81),"") -> 6
