Workbook

Sheet 日別報廢率總表 
A1: 新豐廠半成品管理日別總表 | M1: 分析原因 (細項說明參照當日分頁) | V1: 半成品品項數
A2: 日期 | B2: 營業額 | C2: 報廢額 | D2: 報廢率 KPI 0.25% | E2: 超用額 | F2: 超用率 | G2: 廢棄前10名 | I2: 超用前10名 | K2: 共用類廢棄
G3: 金額總計 | H3: 構成比 | I3: 金額總計 | J3: 構成比 | K3: 金額總計 | L3: 構成比 KPI 15%
A4: 45870 | B4: ='0801分析標準表 '!$C$3:$C$3 -> 4376902.4 | C4: ='0801分析標準表 '!$D$5 -> 10523.37 | D4: =C4/B4 -> 0.0024042963 | E4: ='0801分析標準表 '!$F$5 -> 37623.41 | F4: =E4/B4 -> 0.0085958988 | G4: ='0801分析標準表 '!$H$5 -> 4612 | H4: =G4/C4 -> 0.43826265 | I4: ='0801分析標準表 '!$J$5 -> 24597.24 | J4: =I4/E4 -> 0.65377487 | K4: ='0801分析標準表 '!$L$5 -> 3500.18 | L4: =K4/C4 -> 0.33261018 | M4: 1.5i調理多產 2.1i原物料特性，梗葉比例重量差異，抓樣不穩 3.1i原物料特性，調理後持續出水導致殘水率高 4.1i調理製程，狀態細碎 5.1i組裝量少，人員抓樣不穩 6.1i生產餘料，人員抓樣不穩 | V4: 187
A5: =A4+1 -> 45871 | B5: ='0802分析標準表 '!$C$3:$C$3 -> 4635761.7 | C5: ='0802分析標準表 '!$D$5 -> 11154.77 | D5: =C5/B5 -> 0.0024062432 | E5: ='0802分析標準表 '!$F$5 -> 39836.48 | F5: =E5/B5 -> 0.0085932975 | G5: ='0802分析標準表 '!$H$5 -> 5425.18 | H5: =G5/C5 -> 0.48635516 | I5: ='0802分析標準表 '!$J$5 -> 22087.9 | J5: =I5/E5 -> 0.55446415 | K5: ='0802分析標準表 '!$L$5 -> 3858.11 | L5: =K5/C5 -> 0.34587087 | M5: 1.2i人員抓樣手感不穩 2.2i組合補單退回 3.2i調理多產預留超用量 4.2i調理後持續出水導致殘水率高 5.1i原物料特性，梗葉比例重量差異大 6.1i組合抓樣使用時會有破損狀況發生 | V5: 187
A6: =A5+1 -> 45872 | B6: ='0803分析標準表 '!$C$3:$C$3 -> 5941913.1 | C6: ='0803分析標準表 '!$D$5 -> 14483.44 | D6: =C6/B6 -> 0.0024375045 | E6: ='0803分析標準表 '!$F$5 -> 50877.05 | F6: =E6/B6 -> 0.0085624022 | G6: ='0803分析標準表 '!$H$5 -> 7244.99 | H6: =G6/C6 -> 0.50022578 | I6: ='0803分析標準表 '!$J$5 -> 30134.4 | J6: =I6/E6 -> 0.59229849 | K6: ='0803分析標準表 '!$L$5 -> 5115.9 | L6: =K6/C6 -> 0.3532241 | M6: 1.4i調理多產預留超用量 2.2i人員抓樣手感不穩 3.2i組合補單退回 4.1i原果重量大小差異 5.1i調理後持續出水導致殘水率高 | V6: 187
A7: =A6+1 -> 45873 | B7: ='0804分析標準表 '!$C$3:$C$3 -> 5873416.1 | C7: ='0804分析標準表 '!$D$5 -> 14310.17 | D7: =C7/B7 -> 0.0024364305 | E7: ='0804分析標準表 '!$F$5 -> 50296.24 | F7: =E7/B7 -> 0.0085633708 | G7: ='0804分析標準表 '!$H$5 -> 6706.8 | H7: =G7/C7 -> 0.46867368 | I7: ='0804分析標準表 '!$J$5 -> 21071.86 | J7: =I7/E7 -> 0.41895498 | K7: ='0804分析標準表 '!$L$5 -> 6101.4 | L7: =K7/C7 -> 0.4263681 | M7: 1.2i原物料特性，梗葉比例重量差異大 2.2i組合補單退回 3.2i調理後持續出水導致殘水率高 4.2i調理多產預留超用量 5.1i原果重量大小差異 6.1i人員抓樣手感不穩 | V7: 187
A8: =A7+1 -> 45874 | B8: ='0805分析標準表 '!$C$3:$C$3 -> 6182700.2 | C8: ='0805分析標準表 '!$D$5 -> 15148.47 | D8: =C8/B8 -> 0.0024501382 | E8: ='0805分析標準表 '!$F$5 -> 52860.81 | F8: =E8/B8 -> 0.0085497936 | G8: ='0805分析標準表 '!$H$5 -> 6868.12 | H8: =G8/C8 -> 0.45338704 | I8: ='0805分析標準表 '!$J$5 -> 32989.23 | J8: =I8/E8 -> 0.62407727 | K8: ='0805分析標準表 '!$L$5 -> 7031.67 | L8: =K8/C8 -> 0.46418351 | M8: 1.3i調理多產預留超用量 2.3i組合補單退回 3.2i人員抓樣手感不穩 4.1i原物料特性，梗葉比例重量差異大 5.1i調理後持續出水導致殘水率高 | V8: 188
A9: =A8+1 -> 45875 | B9: ='0806分析標準表 '!$C$3:$C$3 -> 6008483.6 | C9: ='0806分析標準表 '!$D$5 -> 14657.26 | D9: =C9/B9 -> 0.0024394275 | E9: ='0806分析標準表 '!$F$5 -> 51434.52 | F9: =E9/B9 -> 0.0085603163 | G9: ='0806分析標準表 '!$H$5 -> 5758.71 | H9: =G9/C9 -> 0.3928913 | I9: ='0806分析標準表 '!$J$5 -> 34249.94 | J9: =I9/E9 -> 0.66589403 | K9: ='0806分析標準表 '!$L$5 -> 6660.99 | L9: =K9/C9 -> 0.45444988 | M9: 1.4i人員抓樣手感不穩 2.2i調理多產預留超用量 3.2i調理後持續出水導致殘水率高 4.1i組合補單退回 5.1i原物料特性，梗葉比例重量差異大 6.0i | V9: 187
A10: =A9+1 -> 45876 | B10: ='0807分析標準表 '!$C$3:$C$3 -> 5578775.7 | C10: ='0807分析標準表 '!$D$5 -> 13552.55 | D10: =C10/B10 -> 0.0024293054 | E10: ='0807分析標準表 '!$F$5 -> 47813.48 | F10: =E10/B10 -> 0.0085706045 | G10: ='0807分析標準表 '!$H$5 -> 6153.94 | H10: =G10/C10 -> 0.45407986 | I10: ='0807分析標準表 '!$J$5 -> 23508.46 | J10: =I10/E10 -> 0.49167013 | K10: ='0807分析標準表 '!$L$5 -> 5911.59 | L10: =K10/C10 -> 0.43619762 | M10: 1.3i人員抓樣手感不穩 2.2i原物料製程未過篩，調理製程後較細碎 3.2i調理多產預留超用量 4.1i原物料特性，梗葉比例重量差異大 5.1i原物料特性，調理製程後較細碎 6.1i原果重量大小差異 | V10: 187
A11: =A10+1 -> 45877 | B11: ='0808分析標準表 '!$C$3:$C$3 -> 4540704.5 | C11: ='0808分析標準表 '!$D$5 -> 10914.96 | D11: =C11/B11 -> 0.0024038032 | E11: ='0808分析標準表 '!$F$5 -> 39033.47 | F11: =E11/B11 -> 0.0085963468 | G11: ='0808分析標準表 '!$H$5 -> 5153.95 | H11: =G11/C11 -> 0.47219138 | I11: ='0808分析標準表 '!$J$5 -> 22698.01 | J11: =I11/E11 -> 0.58150121 | K11: ='0808分析標準表 '!$L$5 -> 6163.69 | L11: =K11/C11 -> 0.56470111 | M11: 1.6i人員抓樣手感不穩 2.1i原物料特性，梗葉比例重量差異大 3.1i調理後持續出水導致殘水率高 4.1i調理多產預留超用量 5.1i原物料特性，調理製程後較細碎 | V11: 187
A12: =A11+1 -> 45878 | B12: ='0809分析標準表 '!$C$3:$C$3 -> 4698363 | C12: ='0809分析標準表 '!$D$5 -> 11309.07 | D12: =C12/B12 -> 0.0024070235 | E12: ='0809分析標準表 '!$F$5 -> 40372.56 | F12: =E12/B12 -> 0.0085928994 | G12: ='0809分析標準表 '!$H$5 -> 5527.1 | H12: =G12/C12 -> 0.48873161 | I12: ='0809分析標準表 '!$J$5 -> 25619.47 | J12: =I12/E12 -> 0.63457631 | K12: ='0809分析標準表 '!$L$5 -> 2388.04 | L12: =K12/C12 -> 0.21116148 | M12: 1.3i人員抓樣手感不穩 2.2i組合補單退回 3.2i原物料製程未過篩，調理製程後較細碎 4.2i調理多產預留超用量 5.1i原物料特性，調理製程後較細碎 | V12: 187
A13: =A12+1 -> 45879 | B13: ='0810分析標準表 '!$C$3:$C$3 -> 6020434.1 | C13: ='0810分析標準表 '!$D$5 -> 14686.58 | D13: =C13/B13 -> 0.0024394553 | E13: ='0810分析標準表 '!$F$5 -> 51535.8 | F13: =E13/B13 -> 0.0085601469 | G13: ='0810分析標準表 '!$H$5 -> 5452.34 | H13: =G13/C13 -> 0.3712464 | I13: ='0810分析標準表 '!$J$5 -> 30066.08 | J13: =I13/E13 -> 0.58340183 | K13: ='0810分析標準表 '!$L$5 -> 6411.28 | L13: =K13/C13 -> 0.43654002 | M13: 1.4i調理多產預留超用量 2.2i原物料特性，梗葉比例重量差異大 3.2i人員抓樣手感不穩 4.1i調理後持續出水導致殘水率高 5.1i原物料特性，調理製程後較細碎 | V13: 186
A14: =A13+1 -> 45880 | B14: ='0811分析標準表 '!$C$3:$C$3 -> 5944516 | C14: ='0811分析標準表 '!$D$5 -> 14564.22 | D14: =C14/B14 -> 0.0024500262 | E14: ='0811分析標準表 '!$F$5 -> 50823.56 | F14: =E14/B14 -> 0.0085496548 | G14: ='0811分析標準表 '!$H$5 -> 5918.32 | H14: =G14/C14 -> 0.40636024 | I14: ='0811分析標準表 '!$J$5 -> 32770.51 | J14: =I14/E14 -> 0.64478974 | K14: ='0811分析標準表 '!$L$5 -> 5762.81 | L14: =K14/C14 -> 0.39568271 | M14: 1.2i調理多產預留超用量 2.2i原物料特性，梗葉比例重量差異大 3.2i人員抓樣手感不穩 4.2i原物料製程未過篩，調理製程後較細碎 5.1i調理後持續出水導致殘水率高 6.1i原物料特性，調理製程後較細碎 | V14: 187
A15: =A14+1 -> 45881 | B15: ='0812分析標準表 '!$C$3:$C$3 -> 5571060 | C15: ='0812分析標準表 '!$D$5 -> 13534.12 | D15: =C15/B15 -> 0.0024293618 | E15: ='0812分析標準表 '!$F$5 -> 47748.03 | F15: =E15/B15 -> 0.0085707263 | G15: ='0812分析標準表 '!$H$5 -> 6650.97 | H15: =G15/C15 -> 0.49142242 | I15: ='0812分析標準表 '!$J$5 -> 26859.18 | J15: =I15/E15 -> 0.56251912 | K15: ='0812分析標準表 '!$L$5 -> 4519.45 | L15: =K15/C15 -> 0.3339301 | M15: 1.4i調理多產預留超用量 2.3i人員抓樣手感不穩 3.2i原物料製程未過篩，調理製程後較細碎 4.1i組合補單退回 | V15: 186
A16: =A15+1 -> 45882 | B16: ='0813分析標準表 '!$C$3:$C$3 -> 5601894.3 | C16: ='0813分析標準表 '!$D$5 -> 13442.58 | D16: =C16/B16 -> 0.002399649 | E16: ='0813分析標準表 '!$F$5 -> 48178.07 | F16: =E16/B16 -> 0.0086003176 | G16: ='0813分析標準表 '!$H$5 -> 5323.97 | H16: =G16/C16 -> 0.39605269 | I16: ='0813分析標準表 '!$J$5 -> 26653.8 | J16: =I16/E16 -> 0.55323511 | K16: ='0813分析標準表 '!$L$5 -> 4897.14 | L16: =K16/C16 -> 0.3643006 | M16: 1.5i人員抓樣手感不穩 2.2i組合補單退回 3.1i原物料特性，梗葉比例重量差異大 4.1i原物料製程未過篩，調理製程後較細碎 5.1i調理後持續出水導致殘水率高 | V16: 181
A17: =A16+1 -> 45883 | B17: ='0814分析標準表 '!$C$3:$C$3 -> 5220507.7 | C17: ='0814分析標準表 '!$D$5 -> 12531.16 | D17: =C17/B17 -> 0.0024003719 | E17: ='0814分析標準表 '!$F$5 -> 44895.03 | F17: =E17/B17 -> 0.0085997441 | G17: ='0814分析標準表 '!$H$5 -> 5238.95 | H17: =G17/C17 -> 0.41807383 | I17: ='0814分析標準表 '!$J$5 -> 26429.35 | J17: =I17/E17 -> 0.58869211 | K17: ='0814分析標準表 '!$L$5 -> 4639.55 | L17: =K17/C17 -> 0.37024106 | M17: 1.6i抓樣不穩 2.3i展開量105% 3.1i原物料規格 | V17: 181
A18: =A17+1 -> 45884 | B18: ='0815分析標準表 '!$C$3:$C$3 -> 4456648 | C18: ='0815分析標準表 '!$D$5 -> 10695.08 | D18: =C18/B18 -> 0.0023998036 | E18: ='0815分析標準表 '!$F$5 -> 38326.7 | F18: =E18/B18 -> 0.0085998938 | G18: ='0815分析標準表 '!$H$5 -> 4755.1 | H18: =G18/C18 -> 0.4446063 | I18: ='0815分析標準表 '!$J$5 -> 23717.95 | J18: =I18/E18 -> 0.61883622 | K18: ='0815分析標準表 '!$L$5 -> 5570.39 | L18: =K18/C18 -> 0.52083668 | M18: 1.6i抓樣不穩 2.3i展開量105% 3.1i原物料規格 | V18: 181
A19: =A18+1 -> 45885 | B19: ='0816分析標準表 '!$C$3:$C$3 -> 4483117.5 | C19: ='0816分析標準表 '!$D$5 -> 10769.01 | D19: =C19/B19 -> 0.0024021253 | E19: ='0816分析標準表 '!$F$5 -> 38544.86 | F19: =E19/B19 -> 0.0085977805 | G19: ='0816分析標準表 '!$H$5 -> 5301.32 | H19: =G19/C19 -> 0.49227552 | I19: ='0816分析標準表 '!$J$5 -> 26226.56 | J19: =I19/E19 -> 0.68041653 | K19: ='0816分析標準表 '!$L$5 -> 2679.56 | L19: =K19/C19 -> 0.24882139 | M19: 1.6i抓樣不穩 2.2i展開量105% 3.1i其他原因 4.1i原物料規格 | V19: 175
A20: =A19+1 -> 45886 | B20: ='0817分析標準表 '!$C$3:$C$3 -> 5735188.3 | C20: ='0817分析標準表 '!$D$5 -> 13950.53 | D20: =C20/B20 -> 0.002432445 | E20: ='0817分析標準表 '!$F$5 -> 49138.1 | F20: =E20/B20 -> 0.0085678268 | G20: ='0817分析標準表 '!$H$5 -> 5915.6 | H20: =G20/C20 -> 0.42404124 | I20: ='0817分析標準表 '!$J$5 -> 37558.52 | J20: =I20/E20 -> 0.7643462 | K20: ='0817分析標準表 '!$L$5 -> 5576.01 | L20: =K20/C20 -> 0.39969879 | M20: 1.5i抓樣不穩 2.3i展開量105% 3.2i原物料規格 | V20: 169
A21: =A20+1 -> 45887 | B21: ='0818分析標準表 '!$C$3:$C$3 -> 5701317.8 | C21: ='0818分析標準表 '!$D$5 -> 13867.02 | D21: =C21/B21 -> 0.0024322482 | E21: ='0818分析標準表 '!$F$5 -> 48846.1 | F21: =E21/B21 -> 0.0085675104 | G21: ='0818分析標準表 '!$H$5 -> 4742.45 | H21: =G21/C21 -> 0.34199489 | I21: ='0818分析標準表 '!$J$5 -> 32506.15 | J21: =I21/E21 -> 0.66548097 | K21: ='0818分析標準表 '!$L$5 -> 2450.88 | L21: =K21/C21 -> 0.17674165 | M21: 1.6i抓樣不穩 2.3i原物料規格 3.1i展開量105% | V21: 169
A22: =A21+1 -> 45888 | B22: ='0819分析標準表 '!$C$3:$C$3 -> 6939236.5 | C22: ='0819分析標準表 '!$D$5 -> 17003.49 | D22: =C22/B22 -> 0.0024503402 | E22: ='0819分析標準表 '!$F$5 -> 59330.15 | F22: =E22/B22 -> 0.0085499535 | G22: ='0819分析標準表 '!$H$5 -> 7155.3 | H22: =G22/C22 -> 0.42081361 | I22: ='0819分析標準表 '!$J$5 -> 16978.46 | J22: =I22/E22 -> 0.28616917 | K22: ='0819分析標準表 '!$L$5 -> 8190.55 | L22: =K22/C22 -> 0.48169817 | M22: 1.4i抓樣不穩 2.2i其他原因 3.2i原物料規格 4.2i展開量105% | V22: 174
A23: =A22+1 -> 45889 | B23: ='0820分析標準表 '!$C$3:$C$3 -> 6333786.4 | C23: ='0820分析標準表 '!$D$5 -> 15433.27 | D23: =C23/B23 -> 0.0024366578 | E23: ='0820分析標準表 '!$F$5 -> 54238.01 | F23: =E23/B23 -> 0.0085632838 | G23: ='0820分析標準表 '!$H$5 -> 4575.1135 | H23: =G23/C23 -> 0.29644486 | I23: ='0820分析標準表 '!$J$5 -> 14483.215 | J23: =I23/E23 -> 0.26703071 | K23: ='0820分析標準表 '!$L$5 -> 7981.86 | L23: =K23/C23 -> 0.51718528 | M23: 1.8i抓樣不穩 2.1i原物料規格 3.1i其他原因 | V23: 174
A24: =A23+1 -> 45890 | B24: ='0821分析標準表 '!$C$3:$C$3 -> 5963895.7 | C24: ='0821分析標準表 '!$D$5 -> 14483.7 | D24: =C24/B24 -> 0.0024285636 | E24: ='0821分析標準表 '!$F$5 -> 51116.98 | F24: =E24/B24 -> 0.0085710722 | G24: ='0821分析標準表 '!$H$5 -> 4221.63 | H24: =G24/C24 -> 0.29147455 | I24: ='0821分析標準表 '!$J$5 -> 11496.08 | J24: =I24/E24 -> 0.22489748 | K24: ='0821分析標準表 '!$L$5 -> 6589.54 | L24: =K24/C24 -> 0.45496248 | M24: 1.7i抓樣不穩 2.2i原物料規格 3.1i其他原因 | V24: 174
A25: =A24+1 -> 45891 | B25: ='0822分析標準表 '!$C$3:$C$3 -> 4909451 | C25: ='0822分析標準表 '!$D$5 -> 11842.7 | D25: =C25/B25 -> 0.0024122249 | E25: ='0822分析標準表 '!$F$5 -> 42159.59 | F25: =E25/B25 -> 0.0085874348 | G25: ='0822分析標準表 '!$H$5 -> 3010.82 | H25: =G25/C25 -> 0.25423425 | I25: ='0822分析標準表 '!$J$5 -> 9001.06 | J25: =I25/E25 -> 0.2134997 | K25: ='0822分析標準表 '!$L$5 -> 6480.14 | L25: =K25/C25 -> 0.54718434 | M25: 1.5i抓樣不穩 2.4i原物料規格 3.1i其他原因 | V25: 174
A26: =A25+1 -> 45892 | B26: ='0823分析標準表 '!$C$3:$C$3 -> 5147138.7 | C26: ='0823分析標準表 '!$D$5 -> 12468.09 | D26: =C26/B26 -> 0.0024223342 | E26: ='0823分析標準表 '!$F$5 -> 44152.76 | F26: =E26/B26 -> 0.0085781175 | G26: ='0823分析標準表 '!$H$5 -> 3597.55 | H26: =G26/C26 -> 0.28854059 | I26: ='0823分析標準表 '!$J$5 -> 9252.35 | J26: =I26/E26 -> 0.20955315 | K26: ='0823分析標準表 '!$L$5 -> 6270.17 | L26: =K26/C26 -> 0.5028974 | M26: 1.6i抓樣不穩 2.2i其他原因 3.2i原物料規格 | V26: 174
A27: =A26+1 -> 45893 | B27: ='0824分析標準表 '!$C$3:$C$3 -> 6385967.1 | C27: ='0824分析標準表 '!$D$5 -> 15627.19 | D27: =C27/B27 -> 0.0024471141 | E27: ='0824分析標準表 '!$F$5 -> 54615.92 | F27: =E27/B27 -> 0.00855249 | G27: ='0824分析標準表 '!$H$5 -> 4182.57 | H27: =G27/C27 -> 0.26764697 | I27: ='0824分析標準表 '!$J$5 -> 11190.04 | J27: =I27/E27 -> 0.20488605 | K27: ='0824分析標準表 '!$L$5 -> 8286.44 | L27: =K27/C27 -> 0.53025784 | M27: 1.9i抓樣不穩 2.1i其他原因 | V27: 174
A28: =A27+1 -> 45894 | B28: ='0825分析標準表 '!$C$3:$C$3 -> 6110563.6 | C28: ='0825分析標準表 '!$D$5 -> 14920.72 | D28: =C28/B28 -> 0.0024417911 | E28: ='0825分析標準表 '!$F$5 -> 48957.46 | F28: =E28/B28 -> 0.0080119385 | G28: ='0825分析標準表 '!$H$5 -> 4555.26 | H28: =G28/C28 -> 0.3052976 | I28: ='0825分析標準表 '!$J$5 -> 9093.95 | J28: =I28/E28 -> 0.18575208 | K28: ='0825分析標準表 '!$L$5 -> 7181.79 | L28: =K28/C28 -> 0.48132999 | M28: 1.8i抓樣不穩 2.1i其他原因 3.1i原物料規格 | V28: 170
A29: =A28+1 -> 45895 | B29: ='0826分析標準表 '!$C$3:$C$3 -> 5751890.8 | C29: ='0826分析標準表 '!$D$5 -> 13980.76 | D29: =C29/B29 -> 0.0024306372 | E29: ='0826分析標準表 '!$F$5 -> 44448.19 | F29: =E29/B29 -> 0.0077275789 | G29: ='0826分析標準表 '!$H$5 -> 4161.68 | H29: =G29/C29 -> 0.29767194 | I29: ='0826分析標準表 '!$J$5 -> 10846.39 | J29: =I29/E29 -> 0.24402321 | K29: ='0826分析標準表 '!$L$5 -> 8407.66 | L29: =K29/C29 -> 0.6013736 | M29: 1.6i抓樣不穩 2.3i原物料規格 3.1i其他原因 | V29: 167
A30: =A29+1 -> 45896 | B30: ='0827分析標準表 '!$C$3:$C$3 -> 5656058.4 | C30: ='0827分析標準表 '!$D$5 -> 13725.69 | D30: =C30/B30 -> 0.0024267235 | E30: ='0827分析標準表 '!$F$5 -> 43410.63 | F30: =E30/B30 -> 0.0076750676 | G30: ='0827分析標準表 '!$H$5 -> 3800.4 | H30: =G30/C30 -> 0.27688226 | I30: ='0827分析標準表 '!$J$5 -> 12041.49 | J30: =I30/E30 -> 0.27738575 | K30: ='0827分析標準表 '!$L$5 -> 6230.94 | L30: =K30/C30 -> 0.45396188 | M30: 1.6i抓樣不穩 2.3i原物料規格 3.1i其他原因 | V30: 167
A31: =A30+1 -> 45897 | B31: ='0828分析標準表 '!$C$3:$C$3 -> 5359266.3 | C31: ='0828分析標準表 '!$D$5 -> 13027.68 | D31: =C31/B31 -> 0.0024308701 | E31: ='0828分析標準表 '!$F$5 -> 40204.63 | F31: =E31/B31 -> 0.0075018907 | G31: ='0828分析標準表 '!$H$5 -> 3495.16 | H31: =G31/C31 -> 0.26828722 | I31: ='0828分析標準表 '!$J$5 -> 12036.15 | J31: =I31/E31 -> 0.29937224 | K31: ='0828分析標準表 '!$L$5 -> 6563.25 | L31: =K31/C31 -> 0.50379269 | M31: 1.5i抓樣不穩 2.4i原物料規格 3.1i其他原因 | V31: 167
A32: =A31+1 -> 45898 | B32: ='0829分析標準表 '!$C$3:$C$3 -> 4553981.3 | C32: ='0829分析標準表 '!$D$5 -> 10947.77 | D32: =C32/B32 -> 0.0024039998 | E32: ='0829分析標準表 '!$F$5 -> 34339.96 | F32: =E32/B32 -> 0.0075406459 | G32: ='0829分析標準表 '!$H$5 -> 3230.2 | H32: =G32/C32 -> 0.29505552 | I32: ='0829分析標準表 '!$J$5 -> 9489.09 | J32: =I32/E32 -> 0.27632793 | K32: ='0829分析標準表 '!$L$5 -> 4961.59 | L32: =K32/C32 -> 0.45320554 | M32: 1.5i抓樣不穩 2.4i原物料規格 3.1i其他原因 | V32: 167
A33: =A32+1 -> 45899 | B33: ='0831分析標準表 '!$C$3:$C$3 -> 6112909.4 | C33: ='0831分析標準表 '!$D$5 -> 14926.06 | D33: =C33/B33 -> 0.0024417277 | E33: ='0831分析標準表 '!$F$5 -> 48350.19 | F33: =E33/B33 -> 0.0079095218 | G33: ='0831分析標準表 '!$H$5 -> 5167.93 | H33: =G33/C33 -> 0.34623538 | I33: ='0831分析標準表 '!$J$5 -> 17693.09 | J33: =I33/E33 -> 0.36593631 | K33: ='0831分析標準表 '!$L$5 -> 7137.45 | L33: =K33/C33 -> 0.47818714 | V33: 167
A34: =A33+1 -> 45900 | B34: ='0831分析標準表 '!$C$3:$C$3 -> 6112909.4 | C34: ='0831分析標準表 '!$D$5 -> 14926.06 | D34: =C34/B34 -> 0.0024417277 | E34: ='0831分析標準表 '!$F$5 -> 48350.19 | F34: =E34/B34 -> 0.0079095218 | G34: ='0831分析標準表 '!$H$5 -> 5167.93 | H34: =G34/C34 -> 0.34623538 | I34: ='0831分析標準表 '!$J$5 -> 17693.09 | J34: =I34/E34 -> 0.36593631 | K34: ='0831分析標準表 '!$L$5 -> 7137.45 | L34: =K34/C34 -> 0.47818714 | V34: 167
A35: ※淺黃色為工廠自填項目
A36: ※日期紅色為新品日

Sheet 0831分析標準表 
A1: 新豐廠半成品管理分析
A2: 日期 | C2: 營業額 | D2: 報廢展開 | F2: 超用展開 | H2: 報廢展開 | J2: 超用展開 | L2: 報廢展開
A3: 45900 | C3: 6112909.4 | D3: 總報廢 | F3: 總超用 | H3: 報廢-前10名 | J3: 超用-前10名 | L3: 共用類-總報廢
D4: 金額 | E4: 占比(營業額) | F4: 金額 | G4: 占比(營業額) | H4: 金額 | I4: 占比(總報廢) | J4: 金額 | K4: 占比(總超用) | L4: 金額 | M4: 占比(總報廢)
A5: 年度KPI目標0.25% | D5: 14926.06 | E5: =D5/C3 -> 0.0024417277 | F5: 48350.19 | G5: =F5/C3 -> 0.0079095218 | H5: =SUM(C12:C21) -> 5167.93 | I5: =H5/D5 -> 0.34623538 | J5: =SUM(C28:C37) -> 17693.09 | K5: =J5/F5 -> 0.36593631 | L5: 7137.45 | M5: =L5/D5 -> 0.47818714
A7: 報廢金額前十名半成品
A8: 明細展開 | D8: 生產資訊 | O8: 類別 | P8: 分析原因 (請填寫8大原因) | Q8: 其他原因說明 | R8: 備註-商品名稱
A9: 排序 | B9: 半成品 | D9: 生產端 | J9: 組合端
B10: 名稱 | C10: 報廢金額 排序 | D10: 產出量 | J10: 報廢 | L10: 超用
D11: 訂單需求 (kg) | E11: 實際產出 (kg) | F11: 補單 (kg) | G11: 單價 (元) | H11: 實際生產 (對比訂單需求) | I11: 差異 (元) | J11: kg | K11: 占比 | L11: kg | M11: 占比 | N11: 金額 (元)
A12: 1 | B12: 義美業務用馬芬堡 | C12: 1929.49 | D12: 14429 | E12: 14429 | F12: 332.67 | G12: 5.8 | H12: =(E12+F12)/D12 -> 1.0230557 | I12: 1929.49 | J12: 332.67 | K12: =J12/D12 -> 0.023055652 | L12: =((E12+F12)-D12)-J12 -> 0 | M12: =L12/D12 -> 0 | N12: =L12*G12 -> 0 | R12: 共用類
A13: 2 | B13: 墨西哥餅皮-原味(8英吋)新 | C13: 1039.64 | D13: 7319 | E13: 7319 | F13: 158 | G13: 6.58 | H13: =(E13+F13)/D13 -> 1.0215876 | I13: 1039.64 | J13: 158 | K13: =J13/D13 -> 0.021587649 | L13: =((E13+F13)-D13)-J13 -> 0 | M13: =L13/D13 -> 0 | N13: =L13*G13 -> 0 | R13: 共用類
A14: 3 | B14: 電解消毒切段美生菜2-3cm | C14: 537.62 | D14: 396.67 | E14: 396.67 | F14: 18.21 | G14: 156.74 | H14: =(E14+F14)/D14 -> 1.0459072 | I14: 2854.24 | J14: 3.43 | K14: =J14/D14 -> 0.0086469862 | L14: =((E14+F14)-D14)-J14 -> 14.78 | M14: =L14/D14 -> 0.037260191 | N14: =L14*G14 -> 2316.6172 | R14: 共用類
A15: 4 | B15: 義美4吋無芝麻漢堡 | C15: 358.53 | D15: 6331 | E15: 6331 | F15: 83.38 | G15: 4.3 | H15: =(E15+F15)/D15 -> 1.0131701 | I15: 358.53 | J15: 83.38 | K15: =J15/D15 -> 0.013170115 | L15: =((E15+F15)-D15)-J15 -> 1.1368684e-13 | M15: =L15/D15 -> 1.7957169e-17 | N15: =L15*G15 -> 4.888534e-13 | R15: 共用類
A16: 5 | B16: 墨西哥餅皮-蕃茄(8英吋)新 | C16: 338.94 | D16: 4265 | E16: 4265 | F16: 48.42 | G16: 7 | H16: =(E16+F16)/D16 -> 1.0113529 | I16: 338.94 | J16: 48.42 | K16: =J16/D16 -> 0.011352872 | L16: =((E16+F16)-D16)-J16 -> 7.1054274e-14 | M16: =L16/D16 -> 1.6659853e-17 | N16: =L16*G16 -> 4.9737992e-13 | R16: 共用類
A17: 6 | B17: 電解消毒雙色高麗菜絲(7:3) | C17: 306.28 | D17: 256.17 | E17: 256.17 | F17: 9.14 | G17: 99.12 | H17: =(E17+F17)/D17 -> 1.0356794 | I17: 905.96 | J17: 3.09 | K17: =J17/D17 -> 0.012062302 | L17: =((E17+F17)-D17)-J17 -> 6.05 | M17: =L17/D17 -> 0.023617129 | N17: =L17*G17 -> 599.676 | R17: 共用類
A18: 7 | B18: 電解消毒十字切美生菜 | C18: 304.06 | D18: 294.87 | E18: 294.87 | F18: 13.54 | G18: 156.73 | H18: =(E18+F18)/D18 -> 1.0459185 | I18: 2122.12 | J18: 1.94 | K18: =J18/D18 -> 0.0065791705 | L18: =((E18+F18)-D18)-J18 -> 11.6 | M18: =L18/D18 -> 0.03933937 | N18: =L18*G18 -> 1818.068 | R18: 共用類
A19: 8 | B19: 墨西哥餅皮-菠菜(8英吋)新 | C19: 136.36 | D19: 5223 | E19: 5223 | F19: 19.48 | G19: 7 | H19: =(E19+F19)/D19 -> 1.0037297 | I19: 136.36 | J19: 19.48 | K19: =J19/D19 -> 0.0037296573 | L19: =((E19+F19)-D19)-J19 -> -4.3698378e-13 | M19: =L19/D19 -> -8.3665285e-17 | N19: =L19*G19 -> -3.0588865e-12 | R19: 共用類
A20: 9 | B20: 烤鹹蛋黃碎 | C20: 109.73 | D20: 11 | E20: 11 | F20: 0.28 | G20: 1567.63 | H20: =(E20+F20)/D20 -> 1.0254545 | I20: 438.94 | J20: 0.07 | K20: =J20/D20 -> 0.0063636364 | L20: =((E20+F20)-D20)-J20 -> 0.21 | M20: =L20/D20 -> 0.019090909 | N20: =L20*G20 -> 329.2023 | R20: 二配美味蟹煲
A21: 10 | B21: (V)電解消毒細切紅蘿蔔絲 | C21: 107.28 | D21: 42.65 | E21: 42.65 | F21: 1.09 | G21: 100.26 | H21: =(E21+F21)/D21 -> 1.0255569 | I21: 109.28 | J21: 1.07 | K21: =J21/D21 -> 0.025087925 | L21: =((E21+F21)-D21)-J21 -> 0.02 | M21: =L21/D21 -> 0.00046893318 | N21: =L21*G21 -> 2.0052 | R21: 共用類
A23: 超用金額前十名半成品
A24: 明細展開 | D24: 生產資訊 | O24: 類別 | P24: 分析原因 (請填寫8大原因) | Q24: 其他原因說明 | R24: 備註-商品名稱
A25: 排序 | B25: 半成品 | D25: 生產端 | J25: 組合端
B26: 名稱 | C26: 超用金額 排序 | D26: 產出量 | J26: 報廢 | M26: 超用
D27: 訂單需求 (kg) | E27: 實際產出 (kg) | F27: 補單 (kg) | G27: 單價 (元) | H27: 實際生產 (對比訂單需求) | I27: 差異 (元) | J27: kg | K27: 占比 | L27: 金額 (元) | M27: kg | N27: 占比
A28: 1 | B28: 電解消毒切段美生菜2-3cm | C28: 2316.62 | D28: 396.67 | E28: 396.67 | F28: 18.21 | G28: 156.74 | H28: =(E28+F28)/D28 -> 1.0459072 | I28: 2854.24 | J28: 3.43 | K28: =J28/D28 -> 0.0086469862 | L28: =J28*G28 -> 537.6182 | M28: =((E28+F28)-D28)-J28 -> 14.78 | N28: =M28/D28 -> 0.037260191 | R28: 共用類
A29: 2 | B29: 鼎泰豐-煮麻婆豆腐(113年) | C29: 2115.3 | D29: 361.14 | E29: 361.14 | F29: 16.58 | G29: 133.88 | H29: =(E29+F29)/D29 -> 1.0459102 | I29: 2219.73 | J29: 0.78 | K29: =J29/D29 -> 0.0021598272 | L29: =J29*G29 -> 104.4264 | M29: =((E29+F29)-D29)-J29 -> 15.8 | N29: =M29/D29 -> 0.043750346 | R29: 二配川味麻婆燒豆腐燴飯
A30: 3 | B30: 蟹粉燴汁(114年) | C30: 1954.06 | D30: 586.72 | E30: 586.72 | F30: 26.93 | G30: 76.42 | H30: =(E30+F30)/D30 -> 1.0458992 | I30: 2057.99 | J30: 1.36 | K30: =J30/D30 -> 0.0023179711 | L30: =J30*G30 -> 103.9312 | M30: =((E30+F30)-D30)-J30 -> 25.57 | N30: =M30/D30 -> 0.043581265 | R30: 二配美味蟹煲
A31: 4 | B31: 果香甘口咖哩醬 | C31: 1818.8 | D31: 598.36 | E31: 598.36 | F31: 24.41 | G31: 78.77 | H31: =(E31+F31)/D31 -> 1.0407948 | I31: 1922.78 | J31: 1.32 | K31: =J31/D31 -> 0.0022060298 | L31: =J31*G31 -> 103.9764 | M31: =((E31+F31)-D31)-J31 -> 23.09 | N31: =M31/D31 -> 0.038588809 | R31: 二配金咖哩果香甘口咖哩飯
A32: 5 | B32: 電解消毒十字切美生菜 | C32: 1818.06 | D32: 294.87 | E32: 294.87 | F32: 13.54 | G32: 156.73 | H32: =(E32+F32)/D32 -> 1.0459185 | I32: 2122.12 | J32: 1.94 | K32: =J32/D32 -> 0.0065791705 | L32: =J32*G32 -> 304.0562 | M32: =((E32+F32)-D32)-J32 -> 11.6 | N32: =M32/D32 -> 0.03933937 | R32: 共用類
A33: 6 | B33: 海鮮醬炒飯 | C33: 1747.21 | D33: 471.92 | E33: 471.92 | F33: 21.66 | G33: 85.48 | H33: =(E33+F33)/D33 -> 1.0458976 | I33: 1851.5 | J33: 1.22 | K33: =J33/D33 -> 0.0025851839 | L33: =J33*G33 -> 104.2856 | M33: =((E33+F33)-D33)-J33 -> 20.44 | N33: =M33/D33 -> 0.043312426 | R33: 二配香拌海鮮醬肉絲蛋炒飯
A34: 7 | B34: 濃辛辣咖哩醬 | C34: 1602.71 | D34: 526.5 | E34: 526.5 | F34: 21.48 | G34: 79.46 | H34: =(E34+F34)/D34 -> 1.0407977 | I34: 1706.8 | J34: 1.31 | K34: =J34/D34 -> 0.0024881292 | L34: =J34*G34 -> 104.0926 | M34: =((E34+F34)-D34)-J34 -> 20.17 | N34: =M34/D34 -> 0.038309592 | R34: 二配金咖哩濃厚辛辣咖哩飯
A35: 8 | B35: 川燙醃嫩化淨零碳排牛肉片 | C35: 1595.75 | D35: 40.87 | E35: 40.87 | F35: 2.09 | G35: 814.16 | H35: =(E35+F35)/D35 -> 1.0511378 | I35: 1701.59 | J35: 0.13 | K35: =J35/D35 -> 0.0031808172 | L35: =J35*G35 -> 105.8408 | M35: =((E35+F35)-D35)-J35 -> 1.96 | N35: =M35/D35 -> 0.047956937 | R35: 二配港式香滑嫩蛋牛肉燴飯
A36: 9 | B36: 鮪魚沙拉(113.05) | C36: 1381.57 | D36: 214.62 | E36: 214.62 | F36: 7.66 | G36: 194.04 | H36: =(E36+F36)/D36 -> 1.035691 | I36: 1486.35 | J36: 0.54 | K36: =J36/D36 -> 0.0025160749 | L36: =J36*G36 -> 104.7816 | M36: =((E36+F36)-D36)-J36 -> 7.12 | N36: =M36/D36 -> 0.033174914 | R36: 鮪魚起司溏心蛋三明治
A37: 10 | B37: 114年自製芋頭餡 | C37: 1343.01 | D37: 189.32 | E37: 189.32 | F37: 8.69 | G37: 166.42 | H37: =(E37+F37)/D37 -> 1.0459011 | I37: 1446.19 | J37: 0.62 | K37: =J37/D37 -> 0.0032748785 | L37: =J37*G37 -> 103.1804 | M37: =((E37+F37)-D37)-J37 -> 8.07 | N37: =M37/D37 -> 0.042626241 | R37: 起司芋見肉鬆三明治
A39: 共用類報廢金額前十名半成品
A40: 明細展開
A41: 排序 | B41: 半成品
B42: 名稱 | C42: 報廢金額 排序 | D42: 共用類總金額 占比
A44: 1 | B44: 義美業務用馬芬堡 | C44: 1929.49 | D44: =C44/$L$5 -> 0.27033324
A45: 2 | B45: 墨西哥餅皮-原味(8英吋)新 | C45: 1039.64 | D45: =C45/$L$5 -> 0.14565986
A46: 3 | B46: 電解消毒切段美生菜2-3cm | C46: 537.62 | D46: =C46/$L$5 -> 0.07532382
A47: 4 | B47: 義美4吋無芝麻漢堡 | C47: 358.53 | D47: =C47/$L$5 -> 0.050232226
A48: 5 | B48: 墨西哥餅皮-蕃茄(8英吋)新 | C48: 338.94 | D48: =C48/$L$5 -> 0.047487548
A49: 6 | B49: 電解消毒雙色高麗菜絲(7:3) | C49: 306.28 | D49: =C49/$L$5 -> 0.042911684
A50: 7 | B50: 電解消毒十字切美生菜 | C50: 304.06 | D50: =C50/$L$5 -> 0.042600649
A51: 8 | B51: 墨西哥餅皮-菠菜(8英吋)新 | C51: 136.36 | D51: =C51/$L$5 -> 0.019104862
A52: 9 | B52: (V)電解消毒細切紅蘿蔔絲 | C52: 107.28 | D52: =C52/$L$5 -> 0.015030578
A53: 10 | B53: (V)電解消毒小黃瓜絲 | C53: 105.93 | D53: =C53/$L$5 -> 0.014841435
A54: ※炊飯類不納入半成品廢棄計算
A56: ※淺黃色為工廠自填項目

Sheet 0830分析標準表 
A1: 新豐廠半成品管理分析
A2: 日期 | C2: 營業額 | D2: 報廢展開 | F2: 超用展開 | H2: 報廢展開 | J2: 超用展開 | L2: 報廢展開
A3: 45899 | C3: 4840642 | D3: 總報廢 | F3: 總超用 | H3: 報廢-前10名 | J3: 超用-前10名 | L3: 共用類-總報廢
D4: 金額 | E4: 占比(營業額) | F4: 金額 | G4: 占比(營業額) | H4: 金額 | I4: 占比(總報廢) | J4: 金額 | K4: 占比(總超用) | L4: 金額 | M4: 占比(總報廢)
A5: 年度KPI目標0.25% | D5: 11814.09 | E5: =D5/C3 -> 0.0024406039 | F5: 36952.24 | G5: =F5/C3 -> 0.0076337477 | H5: =SUM(C12:C21) -> 4021.58 | I5: =H5/D5 -> 0.3404054 | J5: =SUM(C28:C37) -> 15694.5 | K5: =J5/F5 -> 0.42472391 | L5: 4909.42 | M5: =L5/D5 -> 0.41555634
A7: 報廢金額前十名半成品
A8: 明細展開 | D8: 生產資訊 | O8: 類別 | P8: 分析原因 (請填寫8大原因) | Q8: 其他原因說明 | R8: 備註-商品名稱
A9: 排序 | B9: 半成品 | D9: 生產端 | J9: 組合端
B10: 名稱 | C10: 報廢金額 排序 | D10: 產出量 | J10: 報廢 | L10: 超用
D11: 訂單需求 (kg) | E11: 實際產出 (kg) | F11: 補單 (kg) | G11: 單價 (元) | H11: 實際生產 (對比訂單需求) | I11: 差異 (元) | J11: kg | K11: 占比 | L11: kg | M11: 占比 | N11: 金額 (元)
A12: 1 | B12: 義美業務用馬芬堡 | C12: 1226.99 | D12: 10847 | E12: 11058.55 | F12: 0 | G12: 5.8 | H12: =(E12+F12)/D12 -> 1.0195031 | I12: 1226.99 | J12: 211.55 | K12: =J12/D12 -> 0.019503088 | L12: =((E12+F12)-D12)-J12 -> -7.3896445e-13 | M12: =L12/D12 -> -6.8126159e-17 | N12: =L12*G12 -> -4.2859938e-12 | R12: 共用類
A13: 2 | B13: 鮪魚沙拉(113.05) | C13: 620.93 | D13: 141.75 | E13: 141.75 | F13: 6.35 | G13: 194.04 | H13: =(E13+F13)/D13 -> 1.0447972 | I13: 1232.15 | J13: 3.2 | K13: =J13/D13 -> 0.022574956 | L13: =((E13+F13)-D13)-J13 -> 3.15 | M13: =L13/D13 -> 0.022222222 | N13: =L13*G13 -> 611.226 | R13: 鮪魚起司溏心蛋三明治
A14: 3 | B14: 電解消毒切段美生菜2-3cm | C14: 568.97 | D14: 300.18 | E14: 300.18 | F14: 17.29 | G14: 156.74 | H14: =(E14+F14)/D14 -> 1.0575988 | I14: 2710.03 | J14: 3.63 | K14: =J14/D14 -> 0.012092744 | L14: =((E14+F14)-D14)-J14 -> 13.66 | M14: =L14/D14 -> 0.04550603 | N14: =L14*G14 -> 2141.0684 | R14: 共用類
A15: 4 | B15: 墨西哥餅皮-原味(8英吋)新 | C15: 516.27 | D15: 5342 | E15: 5342 | F15: 78.46 | G15: 6.58 | H15: =(E15+F15)/D15 -> 1.0146874 | I15: 516.27 | J15: 78.46 | K15: =J15/D15 -> 0.014687383 | L15: =((E15+F15)-D15)-J15 -> 0 | M15: =L15/D15 -> 0 | N15: =L15*G15 -> 0 | R15: 共用類
A16: 5 | B16: 拌總匯雞蛋沙拉CL(112年) | C16: 362.29 | D16: 197.61 | E16: 197.61 | F16: 7.59 | G16: 95.34 | H16: =(E16+F16)/D16 -> 1.038409 | I16: 723.63 | J16: 3.8 | K16: =J16/D16 -> 0.019229796 | L16: =((E16+F16)-D16)-J16 -> 3.79 | M16: =L16/D16 -> 0.019179191 | N16: =L16*G16 -> 361.3386 | R16: 共用類
A17: 6 | B17: 五吋芝麻漢堡 | C17: 198.34 | D17: 1744 | E17: 1744 | F17: 27.17 | G17: 7.3 | H17: =(E17+F17)/D17 -> 1.0155791 | I17: 198.34 | J17: 27.17 | K17: =J17/D17 -> 0.015579128 | L17: =((E17+F17)-D17)-J17 -> 7.1054274e-14 | M17: =L17/D17 -> 4.0742129e-17 | N17: =L17*G17 -> 5.186962e-13 | R17: 美式起司巨牛堡
A18: 7 | B18: 義美4吋芝麻漢堡 | C18: 176.22 | D18: 5075 | E18: 5075 | F18: 40.05 | G18: 4.4 | H18: =(E18+F18)/D18 -> 1.0078916 | I18: 176.22 | J18: 40.05 | K18: =J18/D18 -> 0.0078916256 | L18: =((E18+F18)-D18)-J18 -> 1.8474111e-13 | M18: =L18/D18 -> 3.6402189e-17 | N18: =L18*G18 -> 8.1286089e-13 | R18: 共用類
A19: 8 | B19: 電解消毒雙色高麗菜絲(7:3) | C19: 126.87 | D19: 186.98 | E19: 186.98 | F19: 8.38 | G19: 99.12 | H19: =(E19+F19)/D19 -> 1.0448176 | I19: 830.63 | J19: 1.28 | K19: =J19/D19 -> 0.0068456519 | L19: =((E19+F19)-D19)-J19 -> 7.1 | M19: =L19/D19 -> 0.037971976 | N19: =L19*G19 -> 703.752 | R19: 共用類
A20: 9 | B20: 墨西哥餅皮-菠菜(8英吋)新 | C20: 114.66 | D20: 4042 | E20: 4042 | F20: 16.38 | G20: 7 | H20: =(E20+F20)/D20 -> 1.0040524 | I20: 114.66 | J20: 16.38 | K20: =J20/D20 -> 0.0040524493 | L20: =((E20+F20)-D20)-J20 -> 1.1013412e-13 | M20: =L20/D20 -> 2.7247433e-17 | N20: =L20*G20 -> 7.7093887e-13 | R20: 共用類
A21: 10 | B21: 蒸海鮮醬(料) | C21: 110.04 | D21: 14.81 | E21: 14.81 | F21: 0.76 | G21: 846.44 | H21: =(E21+F21)/D21 -> 1.0513167 | I21: 643.29 | J21: 0.13 | K21: =J21/D21 -> 0.0087778528 | L21: =((E21+F21)-D21)-J21 -> 0.63 | M21: =L21/D21 -> 0.042538825 | N21: =L21*G21 -> 533.2572 | R21: 二配香拌海鮮醬肉絲蛋炒飯
A23: 超用金額前十名半成品
A24: 明細展開 | D24: 生產資訊 | O24: 類別 | P24: 分析原因 (請填寫8大原因) | Q24: 其他原因說明 | R24: 備註-商品名稱
A25: 排序 | B25: 半成品 | D25: 生產端 | J25: 組合端
B26: 名稱 | C26: 超用金額 排序 | D26: 產出量 | J26: 報廢 | M26: 超用
D27: 訂單需求 (kg) | E27: 實際產出 (kg) | F27: 補單 (kg) | G27: 單價 (元) | H27: 實際生產 (對比訂單需求) | I27: 差異 (元) | J27: kg | K27: 占比 | L27: 金額 (元) | M27: kg | N27: 占比
A28: 1 | B28: 鼎泰豐-煮麻婆豆腐(113年) | C28: 2503.56 | D28: 338.52 | E28: 338.52 | F28: 19.5 | G28: 133.88 | H28: =(E28+F28)/D28 -> 1.0576037 | I28: 2610.66 | J28: 0.8 | K28: =J28/D28 -> 0.0023632282 | L28: =J28*G28 -> 107.104 | M28: =((E28+F28)-D28)-J28 -> 18.7 | N28: =M28/D28 -> 0.055240458 | R28: 二配川味麻婆燒豆腐燴飯
A29: 2 | B29: 電解消毒切段美生菜2-3cm | C29: 2141.06 | D29: 300.18 | E29: 300.18 | F29: 17.29 | G29: 156.74 | H29: =(E29+F29)/D29 -> 1.0575988 | I29: 2710.03 | J29: 3.63 | K29: =J29/D29 -> 0.012092744 | L29: =J29*G29 -> 568.9662 | M29: =((E29+F29)-D29)-J29 -> 13.66 | N29: =M29/D29 -> 0.04550603 | R29: 共用類
A30: 3 | B30: 川燙醃嫩化淨零碳排牛肉片 | C30: 2084.25 | D30: 41.95 | E30: 41.95 | F30: 2.69 | G30: 814.16 | H30: =(E30+F30)/D30 -> 1.064124 | I30: 2190.09 | J30: 0.13 | K30: =J30/D30 -> 0.0030989273 | L30: =J30*G30 -> 105.8408 | M30: =((E30+F30)-D30)-J30 -> 2.56 | N30: =M30/D30 -> 0.06102503 | R30: 二配港式香滑嫩蛋牛肉燴飯
A31: 4 | B31: 電解消毒十字切美生菜 | C31: 1736.56 | D31: 204.07 | E31: 204.07 | F31: 11.76 | G31: 156.73 | H31: =(E31+F31)/D31 -> 1.0576273 | I31: 1843.14 | J31: 0.68 | K31: =J31/D31 -> 0.0033321899 | L31: =J31*G31 -> 106.5764 | M31: =((E31+F31)-D31)-J31 -> 11.08 | N31: =M31/D31 -> 0.054295095 | R31: 共用類
A32: 5 | B32: 溏心洋芋沙拉(113.06) | C32: 1371.1 | D32: 296.6 | E32: 296.6 | F32: 13.29 | G32: 111.2 | H32: =(E32+F32)/D32 -> 1.0448078 | I32: 1477.85 | J32: 0.96 | K32: =J32/D32 -> 0.0032366824 | L32: =J32*G32 -> 106.752 | M32: =((E32+F32)-D32)-J32 -> 12.33 | N32: =M32/D32 -> 0.04157114 | R32: 溏心蛋洋芋沙拉
A33: 6 | B33: 油亮蒜味香腸片 | C33: 1219.16 | D33: 81.33 | E33: 81.33 | F33: 4.17 | G33: 318.32 | H33: =(E33+F33)/D33 -> 1.0512726 | I33: 1327.39 | J33: 0.34 | K33: =J33/D33 -> 0.0041804992 | L33: =J33*G33 -> 108.2288 | M33: =((E33+F33)-D33)-J33 -> 3.83 | N33: =M33/D33 -> 0.047092094 | R33: 二配香辣醬蒜味香腸蛋炒飯
A34: 7 | B34: 114年自製芋頭餡 | C34: 1189.9 | D34: 135.2 | E34: 135.2 | F34: 7.79 | G34: 166.42 | H34: =(E34+F34)/D34 -> 1.0576183 | I34: 1296.41 | J34: 0.64 | K34: =J34/D34 -> 0.0047337278 | L34: =J34*G34 -> 106.5088 | M34: =((E34+F34)-D34)-J34 -> 7.15 | N34: =M34/D34 -> 0.052884615 | R34: 起司芋見肉鬆三明治
A35: 8 | B35: 蒸基礎風味雞肉絲 | C35: 1164.86 | D35: 80.84 | E35: 80.84 | F35: 3.1 | G35: 410.16 | H35: =(E35+F35)/D35 -> 1.0383474 | I35: 1271.5 | J35: 0.26 | K35: =J35/D35 -> 0.0032162296 | L35: =J35*G35 -> 106.6416 | M35: =((E35+F35)-D35)-J35 -> 2.84 | N35: =M35/D35 -> 0.035131123 | R35: 共用類
A36: 9 | B36: 拌芥末雞蛋沙拉(114.07) | C36: 1145.45 | D36: 188.94 | E36: 188.94 | F36: 8.47 | G36: 147.8 | H36: =(E36+F36)/D36 -> 1.044829 | I36: 1251.87 | J36: 0.72 | K36: =J36/D36 -> 0.0038107336 | L36: =J36*G36 -> 106.416 | M36: =((E36+F36)-D36)-J36 -> 7.75 | N36: =M36/D36 -> 0.041018313 | R36: 日式芥末蛋沙拉三明治
A37: 10 | B37: 辛口咖哩豬肉(112年) | C37: 1138.6 | D37: 72.93 | E37: 72.93 | F37: 3.73 | G37: 333.9 | H37: =(E37+F37)/D37 -> 1.0511449 | I37: 1245.45 | J37: 0.32 | K37: =J37/D37 -> 0.0043877691 | L37: =J37*G37 -> 106.848 | M37: =((E37+F37)-D37)-J37 -> 3.41 | N37: =M37/D37 -> 0.046757164 | R37: 二配金咖哩濃厚辛辣咖哩飯
A39: 共用類報廢金額前十名半成品
A40: 明細展開
A41: 排序 | B41: 半成品
B42: 名稱 | C42: 報廢金額 排序 | D42: 共用類總金額 占比
A44: 1 | B44: 義美業務用馬芬堡 | C44: 1226.99 | D44: =C44/$L$5 -> 0.24992565
A45: 2 | B45: 電解消毒切段美生菜2-3cm | C45: 568.97 | D45: =C45/$L$5 -> 0.11589353
A46: 3 | B46: 墨西哥餅皮-原味(8英吋)新 | C46: 516.27 | D46: =C46/$L$5 -> 0.10515906
A47: 4 | B47: 拌總匯雞蛋沙拉CL(112年) | C47: 362.29 | D47: =C47/$L$5 -> 0.073794868
A48: 5 | B48: 義美4吋芝麻漢堡 | C48: 176.22 | D48: =C48/$L$5 -> 0.03589426
A49: 6 | B49: 電解消毒雙色高麗菜絲(7:3) | C49: 126.87 | D49: =C49/$L$5 -> 0.025842157
A50: 7 | B50: 墨西哥餅皮-菠菜(8英吋)新 | C50: 114.66 | D50: =C50/$L$5 -> 0.023355101
A51: 8 | B51: (V)電解消毒小黃瓜絲 | C51: 109.14 | D51: =C51/$L$5 -> 0.022230732
A52: 9 | B52: 胡麻沙拉醬(114.07) | C52: 107.4 | D52: =C52/$L$5 -> 0.021876311
A53: 10 | B53: (V)電解消毒細切紅蘿蔔絲 | C53: 107.28 | D53: =C53/$L$5 -> 0.021851868
A54: ※炊飯類不納入半成品廢棄計算
A56: ※淺黃色為工廠自填項目

Sheet 0829分析標準表 
A1: 新豐廠半成品管理分析
A2: 日期 | C2: 營業額 | D2: 報廢展開 | F2: 超用展開 | H2: 報廢展開 | J2: 超用展開 | L2: 報廢展開
A3: 45898 | C3: 4553981.3 | D3: 總報廢 | F3: 總超用 | H3: 報廢-前10名 | J3: 超用-前10名 | L3: 共用類-總報廢
D4: 金額 | E4: 占比(營業額) | F4: 金額 | G4: 占比(營業額) | H4: 金額 | I4: 占比(總報廢) | J4: 金額 | K4: 占比(總超用) | L4: 金額 | M4: 占比(總報廢)
A5: 年度KPI目標0.25% | D5: 10947.77 | E5: =D5/C3 -> 0.0024039998 | F5: 34339.96 | G5: =F5/C3 -> 0.0075406459 | H5: =SUM(C12:C21) -> 3230.2 | I5: =H5/D5 -> 0.29505552 | J5: =SUM(C28:C37) -> 9489.09 | K5: =J5/F5 -> 0.27632793 | L5: 4961.59 | M5: =L5/D5 -> 0.45320554
A7: 報廢金額前十名半成品
A8: 明細展開 | D8: 生產資訊 | O8: 類別 | P8: 分析原因 (請填寫8大原因) | Q8: 其他原因說明 | R8: 備註-商品名稱
A9: 排序 | B9: 半成品 | D9: 生產端 | J9: 組合端
B10: 名稱 | C10: 報廢金額 排序 | D10: 產出量 | J10: 報廢 | L10: 超用
D11: 訂單需求 (kg) | E11: 實際產出 (kg) | F11: 補單 (kg) | G11: 單價 (元) | H11: 實際生產 (對比訂單需求) | I11: 差異 (元) | J11: kg | K11: 占比 | L11: kg | M11: 占比 | N11: 金額 (元)
A12: 1 | B12: 鮪魚沙拉(113.05) | C12: 1300.07 | D12: 143.13 | E12: 143.13 | F12: 14.3 | G12: 194.04 | H12: =(E12+F12)/D12 -> 1.0999092 | I12: 2774.77 | J12: 6.7 | K12: =J12/D12 -> 0.046810592 | L12: =((E12+F12)-D12)-J12 -> 7.6 | M12: =L12/D12 -> 0.053098582 | N12: =L12*G12 -> 1474.704 | O12: 組合端 | P12: 抓樣不穩 | Q12: 人員冰杓定量手法不穩 | R12: 鮪魚起司溏心蛋三明治
A13: 2 | B13: 炒素鬆(新豐113.04) | C13: 325.88 | D13: 32.81 | E13: 32.81 | F13: 3.14 | G13: 271.57 | H13: =(E13+F13)/D13 -> 1.0957025 | I13: 852.73 | J13: 1.2 | K13: =J13/D13 -> 0.036574215 | L13: =((E13+F13)-D13)-J13 -> 1.94 | M13: =L13/D13 -> 0.059128315 | N13: =L13*G13 -> 526.8458 | O13: 組合端 | P13: 抓樣不穩 | Q13: 人員冰杓定量手法不穩 | R13: 共用類
A14: 3 | B14: 蒸紫米薏仁 | C14: 287.64 | D14: 99.23 | E14: 99.23 | F14: 9.87 | G14: 64.93 | H14: =(E14+F14)/D14 -> 1.0994659 | I14: 640.86 | J14: 4.43 | K14: =J14/D14 -> 0.044643757 | L14: =((E14+F14)-D14)-J14 -> 5.44 | M14: =L14/D14 -> 0.05482213 | N14: =L14*G14 -> 353.2192 | O14: 組合端 | P14: 抓樣不穩 | Q14: 人員抓樣手感不穩 | R14: 共用類
A15: 4 | B15: 義美業務用馬芬堡 | C15: 218.08 | D15: 10682 | E15: 10682 | F15: 75.31 | G15: 5.8 | H15: =(E15+F15)/D15 -> 1.0070502 | I15: 436.8 | J15: 37.6 | K15: =J15/D15 -> 0.0035199401 | L15: =((E15+F15)-D15)-J15 -> 37.71 | M15: =L15/D15 -> 0.0035302378 | N15: =L15*G15 -> 218.718 | O15: 原物料 | P15: 原物料規格 | Q15: 原物料特性，梗葉比例重量差異大 | R15: 共用類
A16: 5 | B16: 電解消毒混合紅K高麗絲 | C16: 205.49 | D16: 79.38 | E16: 79.38 | F16: 7.8 | G16: 104.84 | H16: =(E16+F16)/D16 -> 1.0982615 | I16: 817.75 | J16: 1.96 | K16: =J16/D16 -> 0.024691358 | L16: =((E16+F16)-D16)-J16 -> 5.84 | M16: =L16/D16 -> 0.073570169 | N16: =L16*G16 -> 612.2656 | O16: 原物料 | P16: 原物料規格 | Q16: 原物料製程未過篩，調理製程後較細碎 | R16: 共用類
A17: 6 | B17: 超HOT沙拉醬 | C17: 204.7 | D17: 37.98 | E17: 37.98 | F17: 3.76 | G17: 113.72 | H17: =(E17+F17)/D17 -> 1.0989995 | I17: 427.59 | J17: 1.8 | K17: =J17/D17 -> 0.047393365 | L17: =((E17+F17)-D17)-J17 -> 1.96 | M17: =L17/D17 -> 0.051606108 | N17: =L17*G17 -> 222.8912 | O17: 組合端 | P17: 抓樣不穩 | Q17: 人員抓樣手感不穩 | R17: 超HOT雞腿堡(114年)
A18: 7 | B18: 電解消毒切段甜脆 | C18: 197.01 | D18: 10.34 | E18: 10.34 | F18: 1.02 | G18: 469.08 | H18: =(E18+F18)/D18 -> 1.098646 | I18: 478.46 | J18: 0.42 | K18: =J18/D18 -> 0.040618956 | L18: =((E18+F18)-D18)-J18 -> 0.6 | M18: =L18/D18 -> 0.058027079 | N18: =L18*G18 -> 281.448 | O18: 原物料 | P18: 原物料規格 | Q18: 原物料特性，梗葉比例重量差異大 | R18: 蔥鹽雞肉麵沙拉(114年)
A19: 8 | B19: 拌水果莎莎醬1.2細麵 | C19: 168.44 | D19: 288.4 | E19: 288.4 | F19: 11.92 | G19: 61.25 | H19: =(E19+F19)/D19 -> 1.0413315 | I19: 730.1 | J19: 2.75 | K19: =J19/D19 -> 0.0095353675 | L19: =((E19+F19)-D19)-J19 -> 9.17 | M19: =L19/D19 -> 0.031796117 | N19: =L19*G19 -> 561.6625 | O19: 組合端 | P19: 其他原因 | Q19: 包材過於貼體 | R19: 莎莎烤雞麵沙拉
A20: 9 | B20: 龍蝦沙拉(114.08) | C20: 164.58 | D20: 85.88 | E20: 87.6 | F20: 3.94 | G20: 228.58 | H20: =(E20+F20)/D20 -> 1.0659059 | I20: 1293.76 | J20: 0.72 | K20: =J20/D20 -> 0.0083837913 | L20: =((E20+F20)-D20)-J20 -> 4.94 | M20: =L20/D20 -> 0.057522124 | N20: =L20*G20 -> 1129.1852 | O20: 原物料 | P20: 原物料規格 | Q20: 菜梗太硬導致捲的時候破損 | R20: 龍蝦風味總匯三明治
A21: 10 | B21: 電解消毒切段美生菜2-3cm | C21: 158.31 | D21: 292.49 | E21: 292.49 | F21: 4.61 | G21: 156.74 | H21: =(E21+F21)/D21 -> 1.0157612 | I21: 722.57 | J21: 1.01 | K21: =J21/D21 -> 0.0034531095 | L21: =((E21+F21)-D21)-J21 -> 3.6 | M21: =L21/D21 -> 0.012308113 | N21: =L21*G21 -> 564.264 | O21: 組合端 | P21: 抓樣不穩 | Q21: 人員抓樣手感不穩 | R21: 共用類
A23: 超用金額前十名半成品
A24: 明細展開 | D24: 生產資訊 | O24: 類別 | P24: 分析原因 (請填寫8大原因) | Q24: 其他原因說明 | R24: 備註-商品名稱
A25: 排序 | B25: 半成品 | D25: 生產端 | J25: 組合端
B26: 名稱 | C26: 超用金額 排序 | D26: 產出量 | J26: 報廢 | M26: 超用
D27: 訂單需求 (kg) | E27: 實際產出 (kg) | F27: 補單 (kg) | G27: 單價 (元) | H27: 實際生產 (對比訂單需求) | I27: 差異 (元) | J27: kg | K27: 占比 | L27: 金額 (元) | M27: kg | N27: 占比
A28: 1 | B28: 蒸基礎風味雞肉絲 | C28: 1792.4 | D28: 79.38 | E28: 82.1 | F28: 2.02 | G28: 410.16 | H28: =(E28+F28)/D28 -> 1.0597128 | I28: 1944.16 | J28: 0.37 | K28: =J28/D28 -> 0.0046611237 | L28: =J28*G28 -> 151.7592 | M28: =((E28+F28)-D28)-J28 -> 4.37 | N28: =M28/D28 -> 0.05505165 | O28: 組合室 | P28: 抓樣不穩 | Q28: 原物料特性，梗葉比例重量差異，抓樣不穩 | R28: 共用類
A29: 2 | B29: 鮪魚沙拉(113.05) | C29: 1474.7 | D29: 143.13 | E29: 143.13 | F29: 14.3 | G29: 194.04 | H29: =(E29+F29)/D29 -> 1.0999092 | I29: 2774.77 | J29: 6.7 | K29: =J29/D29 -> 0.046810592 | L29: =J29*G29 -> 1300.068 | M29: =((E29+F29)-D29)-J29 -> 7.6 | N29: =M29/D29 -> 0.053098582 | O29: 組合室 | P29: 抓樣不穩 | Q29: 原物料特性，梗葉比例重量差異，抓樣不穩 | R29: 鮪魚起司溏心蛋三明治
A30: 3 | B30: 龍蝦沙拉(114.08) | C30: 1129.18 | D30: 85.88 | E30: 87.6 | F30: 3.94 | G30: 228.58 | H30: =(E30+F30)/D30 -> 1.0659059 | I30: 1293.76 | J30: 0.72 | K30: =J30/D30 -> 0.0083837913 | L30: =J30*G30 -> 164.5776 | M30: =((E30+F30)-D30)-J30 -> 4.94 | N30: =M30/D30 -> 0.057522124 | O30: 組合室 | P30: 抓樣不穩 | Q30: 冰杓定量挖取(使用量上會較起伏)，持續上抽測確認人員使用準確度 | R30: 龍蝦風味總匯三明治
A31: 4 | B31: 蒸鼎泰豐香辣醬 | C31: 1037.35 | D31: 20.6 | E31: 20.98 | F31: 0.9 | G31: 930.36 | H31: =(E31+F31)/D31 -> 1.0621359 | I31: 1190.86 | J31: 0.165 | K31: =J31/D31 -> 0.0080097087 | L31: =J31*G31 -> 153.5094 | M31: =((E31+F31)-D31)-J31 -> 1.115 | N31: =M31/D31 -> 0.054126214 | O31: 組合室 | P31: 抓樣不穩 | Q31: 秤重物料，秤重精準度須持續校正 | R31: 二配香辣醬蒜味香腸蛋炒飯
A32: 5 | B32: F-台式特級沙拉醬 | C32: 703.56 | D32: 169.28 | E32: 169.28 | F32: 10.98 | G32: 78 | H32: =(E32+F32)/D32 -> 1.0648629 | I32: 856.44 | J32: 1.96 | K32: =J32/D32 -> 0.01157845 | L32: =J32*G32 -> 152.88 | M32: =((E32+F32)-D32)-J32 -> 9.02 | N32: =M32/D32 -> 0.053284499 | O32: 組合室 | P32: 抓樣不穩 | Q32: 刮板挖取使用，持續上抽測確認人員使用準確度 | R32: 共用類
A33: 6 | B33: 青檸沙拉醬(113.03) | C33: 682.86 | D33: 117.41 | E33: 117.41 | F33: 6.56 | G33: 127.4 | H33: =(E33+F33)/D33 -> 1.0558726 | I33: 835.74 | J33: 1.2 | K33: =J33/D33 -> 0.010220594 | L33: =J33*G33 -> 152.88 | M33: =((E33+F33)-D33)-J33 -> 5.36 | N33: =M33/D33 -> 0.045651989 | O33: 組合室 | P33: 抓樣不穩 | Q33: 秤重物料，過多無法剝除 | R33: 共用類
A34: 7 | B34: 拌總匯雞蛋沙拉CL(112年) | C34: 676.91 | D34: 199.66 | E34: 199.66 | F34: 8.74 | G34: 95.34 | H34: =(E34+F34)/D34 -> 1.0437744 | I34: 833.27 | J34: 1.64 | K34: =J34/D34 -> 0.0082139637 | L34: =J34*G34 -> 156.3576 | M34: =((E34+F34)-D34)-J34 -> 7.1 | N34: =M34/D34 -> 0.035560453 | O34: 組合室 | P34: 抓樣不穩 | Q34: 冰杓定量挖取(使用量上會較起伏)，持續上抽測確認人員使用準確度 | R34: 共用類
A35: 8 | B35: 水果莎莎醬(114.06) | C35: 664.57 | D35: 115.36 | E35: 115.36 | F35: 4.91 | G35: 166.56 | H35: =(E35+F35)/D35 -> 1.0425624 | I35: 817.81 | J35: 0.92 | K35: =J35/D35 -> 0.0079750347 | L35: =J35*G35 -> 153.2352 | M35: =((E35+F35)-D35)-J35 -> 3.99 | N35: =M35/D35 -> 0.034587379 | O35: 組合室 | P35: 抓樣不穩 | Q35: 秤重物料，過多無法剝除 | R35: 莎莎烤雞麵沙拉
A36: 9 | B36: 電解消毒十字切美生菜 | C36: 664.53 | D36: 195.34 | E36: 195.34 | F36: 5.22 | G36: 156.73 | H36: =(E36+F36)/D36 -> 1.0267226 | I36: 818.13 | J36: 0.98 | K36: =J36/D36 -> 0.0050168936 | L36: =J36*G36 -> 153.5954 | M36: =((E36+F36)-D36)-J36 -> 4.24 | N36: =M36/D36 -> 0.021705744 | O36: 組合室 | P36: 抓樣不穩 | Q36: 人員抓樣，絲狀較長抓樣重量差異 | R36: 共用類
A37: 10 | B37: 親子柴魚風味醬汁(114年) | C37: 663.03 | D37: 201.74 | E37: 201.74 | F37: 18.19 | G37: 44.86 | H37: =(E37+F37)/D37 -> 1.0901656 | I37: 816 | J37: 3.41 | K37: =J37/D37 -> 0.016902944 | L37: =J37*G37 -> 152.9726 | M37: =((E37+F37)-D37)-J37 -> 14.78 | N37: =M37/D37 -> 0.073262615 | O37: 組合室 | P37: 抓樣不穩 | Q37: 注餡機使用(機器出料就有落差)，人員持續於線上不定時抽測重量 | R37: 共用類
A39: 共用類報廢金額前十名半成品
A40: 明細展開
A41: 排序 | B41: 半成品
B42: 名稱 | C42: 報廢金額 排序 | D42: 共用類總金額 占比
A44: 1 | B44: 炒素鬆(新豐113.04) | C44: 325.88 | D44: =C44/$L$5 -> 0.065680558
A45: 2 | B45: 蒸紫米薏仁 | C45: 287.64 | D45: =C45/$L$5 -> 0.057973351
A46: 3 | B46: 義美業務用馬芬堡 | C46: 218.08 | D46: =C46/$L$5 -> 0.043953652
A47: 4 | B47: 電解消毒混合紅K高麗絲 | C47: 205.49 | D47: =C47/$L$5 -> 0.041416159
A48: 5 | B48: 電解消毒切段美生菜2-3cm | C48: 158.31 | D48: =C48/$L$5 -> 0.03190711
A49: 6 | B49: (V)電解消毒小黃瓜絲 | C49: 157.29 | D49: =C49/$L$5 -> 0.031701531
A50: 7 | B50: 拌總匯雞蛋沙拉CL(112年) | C50: 156.36 | D50: =C50/$L$5 -> 0.031514091
A51: 8 | B51: 電解消毒美生菜(三明治用) | C51: 154.66 | D51: =C51/$L$5 -> 0.031171459
A52: 9 | B52: 調製地瓜泥 | C52: 153.67 | D52: =C52/$L$5 -> 0.030971926
A53: 10 | B53: 胡麻沙拉醬(114.07) | C53: 153.63 | D53: =C53/$L$5 -> 0.030963864
A54: ※炊飯類不納入半成品廢棄計算
A56: ※淺黃色為工廠自填項目

Sheet 0828分析標準表 
A1: 新豐廠半成品管理分析
A2: 日期 | C2: 營業額 | D2: 報廢展開 | F2: 超用展開 | H2: 報廢展開 | J2: 超用展開 | L2: 報廢展開
A3: 45897 | C3: 5359266.3 | D3: 總報廢 | F3: 總超用 | H3: 報廢-前10名 | J3: 超用-前10名 | L3: 共用類-總報廢
D4: 金額 | E4: 占比(營業額) | F4: 金額 | G4: 占比(營業額) | H4: 金額 | I4: 占比(總報廢) | J4: 金額 | K4: 占比(總超用) | L4: 金額 | M4: 占比(總報廢)
A5: 年度KPI目標0.25% | D5: 13027.68 | E5: =D5/C3 -> 0.0024308701 | F5: 40204.63 | G5: =F5/C3 -> 0.0075018907 | H5: =SUM(C12:C21) -> 3495.16 | I5: =H5/D5 -> 0.26828722 | J5: =SUM(C28:C37) -> 12036.15 | K5: =J5/F5 -> 0.29937224 | L5: 6563.25 | M5: =L5/D5 -> 0.50379269
A7: 報廢金額前十名半成品
A8: 明細展開 | D8: 生產資訊 | O8: 類別 | P8: 分析原因 (請填寫8大原因) | Q8: 其他原因說明 | R8: 備註-商品名稱
A9: 排序 | B9: 半成品 | D9: 生產端 | J9: 組合端
B10: 名稱 | C10: 報廢金額 排序 | D10: 產出量 | J10: 報廢 | L10: 超用
D11: 訂單需求 (kg) | E11: 實際產出 (kg) | F11: 補單 (kg) | G11: 單價 (元) | H11: 實際生產 (對比訂單需求) | I11: 差異 (元) | J11: kg | K11: 占比 | L11: kg | M11: 占比 | N11: 金額 (元)
A12: 1 | B12: 拌總匯雞蛋沙拉CL(112年) | C12: 618.76 | D12: 250.39 | E12: 250.39 | F12: 24.98 | G12: 95.34 | H12: =(E12+F12)/D12 -> 1.0997644 | I12: 2381.59 | J12: 6.49 | K12: =J12/D12 -> 0.025919565 | L12: =((E12+F12)-D12)-J12 -> 18.49 | M12: =L12/D12 -> 0.073844802 | N12: =L12*G12 -> 1762.8366 | O12: 組合端 | P12: 抓樣不穩 | Q12: 人員冰杓定量手法不穩 | R12: 共用類
A13: 2 | B13: 拌總匯鮪魚沙拉CL(113年) | C13: 477.11 | D13: 73.78 | E13: 73.78 | F13: 7.32 | G13: 114.14 | H13: =(E13+F13)/D13 -> 1.0992139 | I13: 835.5 | J13: 4.18 | K13: =J13/D13 -> 0.05665492 | L13: =((E13+F13)-D13)-J13 -> 3.14 | M13: =L13/D13 -> 0.042558959 | N13: =L13*G13 -> 358.3996 | O13: 組合端 | P13: 抓樣不穩 | Q13: 人員冰杓定量手法不穩 | R13: 經典總匯三明治
A14: 3 | B14: 電解消毒紫洋蔥(去皮)切絲 | C14: 465.17 | D14: 32.45 | E14: 27.3 | F14: 8.37 | G14: 113.18 | H14: =(E14+F14)/D14 -> 1.0992296 | I14: 364.44 | J14: 4.11 | K14: =J14/D14 -> 0.12665639 | L14: =((E14+F14)-D14)-J14 -> -0.89 | M14: =L14/D14 -> -0.02742681 | N14: =L14*G14 -> -100.7302 | O14: 組合端 | P14: 抓樣不穩 | Q14: 人員抓樣手感不穩 | R14: 莎莎烤雞麵沙拉
A15: 4 | B15: 電解消毒十字切美生菜 | C15: 429.44 | D15: 280.21 | E15: 280.21 | F15: 19 | G15: 156.73 | H15: =(E15+F15)/D15 -> 1.0678063 | I15: 2977.87 | J15: 2.74 | K15: =J15/D15 -> 0.0097783805 | L15: =((E15+F15)-D15)-J15 -> 16.26 | M15: =L15/D15 -> 0.058027908 | N15: =L15*G15 -> 2548.4298 | O15: 原物料 | P15: 原物料規格 | Q15: 原物料特性，梗葉比例重量差異大 | R15: 共用類
A16: 5 | B16: 炒辛口馬鈴薯丁(112年) | C16: 297.29 | D16: 51.18 | E16: 51.18 | F16: 5.11 | G16: 124.39 | H16: =(E16+F16)/D16 -> 1.0998437 | I16: 635.63 | J16: 2.39 | K16: =J16/D16 -> 0.046697929 | L16: =((E16+F16)-D16)-J16 -> 2.72 | M16: =L16/D16 -> 0.05314576 | N16: =L16*G16 -> 338.3408 | O16: 原物料 | P16: 原物料規格 | Q16: 原物料製程未過篩，調理製程後較細碎 | R16: 二配金咖哩濃厚辛辣咖哩飯
A17: 6 | B17: 電解消毒雙色高麗菜絲(7:3) | C17: 286.46 | D17: 222.15 | E17: 222.15 | F17: 9.36 | G17: 99.12 | H17: =(E17+F17)/D17 -> 1.0421337 | I17: 927.76 | J17: 2.89 | K17: =J17/D17 -> 0.013009228 | L17: =((E17+F17)-D17)-J17 -> 6.47 | M17: =L17/D17 -> 0.029124465 | N17: =L17*G17 -> 641.3064 | O17: 組合端 | P17: 抓樣不穩 | Q17: 人員抓樣手感不穩 | R17: 共用類
A18: 7 | B18: 電解消毒切段美生菜2-3cm | C18: 235.11 | D18: 339.98 | E18: 339.98 | F18: 15.7 | G18: 156.74 | H18: =(E18+F18)/D18 -> 1.0461792 | I18: 2460.82 | J18: 1.5 | K18: =J18/D18 -> 0.0044120242 | L18: =((E18+F18)-D18)-J18 -> 14.2 | M18: =L18/D18 -> 0.041767163 | N18: =L18*G18 -> 2225.708 | O18: 原物料 | P18: 原物料規格 | Q18: 原物料特性，梗葉比例重量差異大 | R18: 共用類
A19: 8 | B19: 義美業務用馬芬堡 | C19: 233.74 | D19: 12964 | E19: 12964 | F19: 80.57 | G19: 5.8 | H19: =(E19+F19)/D19 -> 1.0062149 | I19: 467.31 | J19: 40.3 | K19: =J19/D19 -> 0.0031086085 | L19: =((E19+F19)-D19)-J19 -> 40.27 | M19: =L19/D19 -> 0.0031062944 | N19: =L19*G19 -> 233.566 | O19: 組合端 | P19: 其他原因 | Q19: 包材過於貼體 | R19: 共用類
A20: 9 | B20: 墨西哥餅皮-原味(8英吋)新 | C20: 231.16 | D20: 6347 | E20: 6347 | F20: 70.76 | G20: 6.58 | H20: =(E20+F20)/D20 -> 1.0111486 | I20: 465.6 | J20: 35.13 | K20: =J20/D20 -> 0.0055348984 | L20: =((E20+F20)-D20)-J20 -> 35.63 | M20: =L20/D20 -> 0.0056136758 | N20: =L20*G20 -> 234.4454 | O20: 原物料 | P20: 原物料規格 | Q20: 菜梗太硬導致捲的時候破損 | R20: 共用類
A21: 10 | B21: 電解消毒蔥花 | C21: 220.92 | D21: 21.74 | E21: 21.74 | F21: 2.17 | G21: 232.55 | H21: =(E21+F21)/D21 -> 1.099816 | I21: 504.63 | J21: 0.95 | K21: =J21/D21 -> 0.043698252 | L21: =((E21+F21)-D21)-J21 -> 1.22 | M21: =L21/D21 -> 0.056117755 | N21: =L21*G21 -> 283.711 | O21: 組合端 | P21: 抓樣不穩 | Q21: 人員抓樣手感不穩 | R21: 共用類
A23: 超用金額前十名半成品
A24: 明細展開 | D24: 生產資訊 | O24: 類別 | P24: 分析原因 (請填寫8大原因) | Q24: 其他原因說明 | R24: 備註-商品名稱
A25: 排序 | B25: 半成品 | D25: 生產端 | J25: 組合端
B26: 名稱 | C26: 超用金額 排序 | D26: 產出量 | J26: 報廢 | M26: 超用
D27: 訂單需求 (kg) | E27: 實際產出 (kg) | F27: 補單 (kg) | G27: 單價 (元) | H27: 實際生產 (對比訂單需求) | I27: 差異 (元) | J27: kg | K27: 占比 | L27: 金額 (元) | M27: kg | N27: 占比
A28: 1 | B28: 電解消毒十字切美生菜 | C28: 2548.43 | D28: 280.21 | E28: 280.21 | F28: 19 | G28: 156.73 | H28: =(E28+F28)/D28 -> 1.0678063 | I28: 2977.87 | J28: 2.74 | K28: =J28/D28 -> 0.0097783805 | L28: =J28*G28 -> 429.4402 | M28: =((E28+F28)-D28)-J28 -> 16.26 | N28: =M28/D28 -> 0.058027908 | O28: 組合室 | P28: 抓樣不穩 | Q28: 原物料特性，梗葉比例重量差異，抓樣不穩 | R28: 共用類
A29: 2 | B29: 電解消毒切段美生菜2-3cm | C29: 2225.71 | D29: 339.98 | E29: 339.98 | F29: 15.7 | G29: 156.74 | H29: =(E29+F29)/D29 -> 1.0461792 | I29: 2460.82 | J29: 1.5 | K29: =J29/D29 -> 0.0044120242 | L29: =J29*G29 -> 235.11 | M29: =((E29+F29)-D29)-J29 -> 14.2 | N29: =M29/D29 -> 0.041767163 | O29: 組合室 | P29: 抓樣不穩 | Q29: 原物料特性，梗葉比例重量差異，抓樣不穩 | R29: 共用類
A30: 3 | B30: 拌總匯雞蛋沙拉CL(112年) | C30: 1762.83 | D30: 250.39 | E30: 250.39 | F30: 24.98 | G30: 95.34 | H30: =(E30+F30)/D30 -> 1.0997644 | I30: 2381.59 | J30: 6.49 | K30: =J30/D30 -> 0.025919565 | L30: =J30*G30 -> 618.7566 | M30: =((E30+F30)-D30)-J30 -> 18.49 | N30: =M30/D30 -> 0.073844802 | O30: 組合室 | P30: 抓樣不穩 | Q30: 冰杓定量挖取(使用量上會較起伏)，持續上抽測確認人員使用準確度 | R30: 共用類
A31: 4 | B31: 雞排蛋炒飯 | C31: 805.99 | D31: 444.15 | E31: 444.15 | F31: 14.94 | G31: 59.22 | H31: =(E31+F31)/D31 -> 1.0336373 | I31: 884.75 | J31: 1.33 | K31: =J31/D31 -> 0.0029944838 | L31: =J31*G31 -> 78.7626 | M31: =((E31+F31)-D31)-J31 -> 13.61 | N31: =M31/D31 -> 0.030642801 | O31: 組合室 | P31: 抓樣不穩 | Q31: 秤重物料，秤重精準度須持續校正 | R31: 二配粗飽系雞排炒飯
A32: 5 | B32: F-台式特級沙拉醬 | C32: 794.04 | D32: 207.81 | E32: 207.81 | F32: 12.78 | G32: 78 | H32: =(E32+F32)/D32 -> 1.0614985 | I32: 996.84 | J32: 2.6 | K32: =J32/D32 -> 0.012511429 | L32: =J32*G32 -> 202.8 | M32: =((E32+F32)-D32)-J32 -> 10.18 | N32: =M32/D32 -> 0.048987055 | O32: 組合室 | P32: 抓樣不穩 | Q32: 刮板挖取使用，持續上抽測確認人員使用準確度 | R32: 共用類
A33: 6 | B33: 蒸基礎風味雞肉絲 | C33: 791.61 | D33: 93.24 | E33: 93.24 | F33: 2.36 | G33: 410.16 | H33: =(E33+F33)/D33 -> 1.025311 | I33: 967.98 | J33: 0.43 | K33: =J33/D33 -> 0.0046117546 | L33: =J33*G33 -> 176.3688 | M33: =((E33+F33)-D33)-J33 -> 1.93 | N33: =M33/D33 -> 0.020699271 | O33: 組合室 | P33: 抓樣不穩 | Q33: 秤重物料，過多無法剝除 | R33: 共用類
A34: 7 | B34: 蒸鼎泰豐香辣醬 | C34: 790.81 | D34: 20.89 | E34: 20.89 | F34: 1.08 | G34: 930.36 | H34: =(E34+F34)/D34 -> 1.0516994 | I34: 1004.79 | J34: 0.23 | K34: =J34/D34 -> 0.011010053 | L34: =J34*G34 -> 213.9828 | M34: =((E34+F34)-D34)-J34 -> 0.85 | N34: =M34/D34 -> 0.040689325 | O34: 組合室 | P34: 抓樣不穩 | Q34: 冰杓定量挖取(使用量上會較起伏)，持續上抽測確認人員使用準確度 | R34: 二配香辣醬蒜味香腸蛋炒飯
A35: 8 | B35: 油亮蒜味香腸片 | C35: 773.52 | D35: 70.26 | E35: 70.26 | F35: 2.99 | G35: 318.32 | H35: =(E35+F35)/D35 -> 1.0425562 | I35: 951.78 | J35: 0.56 | K35: =J35/D35 -> 0.0079703957 | L35: =J35*G35 -> 178.2592 | M35: =((E35+F35)-D35)-J35 -> 2.43 | N35: =M35/D35 -> 0.034585824 | O35: 組合室 | P35: 抓樣不穩 | Q35: 秤重物料，過多無法剝除 | R35: 二配香辣醬蒜味香腸蛋炒飯
A36: 9 | B36: 電解消毒混合紅K高麗絲 | C36: 771.62 | D36: 93.24 | E36: 93.24 | F36: 9.05 | G36: 104.84 | H36: =(E36+F36)/D36 -> 1.0970613 | I36: 948.8 | J36: 1.69 | K36: =J36/D36 -> 0.018125268 | L36: =J36*G36 -> 177.1796 | M36: =((E36+F36)-D36)-J36 -> 7.36 | N36: =M36/D36 -> 0.078936079 | O36: 組合室 | P36: 抓樣不穩 | Q36: 人員抓樣，絲狀較長抓樣重量差異 | R36: 共用類
A37: 10 | B37: 親子柴魚風味醬汁(114年) | C37: 771.59 | D37: 226.06 | E37: 226.06 | F37: 21.15 | G37: 44.86 | H37: =(E37+F37)/D37 -> 1.0935592 | I37: 948.79 | J37: 3.95 | K37: =J37/D37 -> 0.017473237 | L37: =J37*G37 -> 177.197 | M37: =((E37+F37)-D37)-J37 -> 17.2 | N37: =M37/D37 -> 0.076085995 | O37: 組合室 | P37: 抓樣不穩 | Q37: 注餡機使用(機器出料就有落差)，人員持續於線上不定時抽測重量 | R37: 共用類
A39: 共用類報廢金額前十名半成品
A40: 明細展開
A41: 排序 | B41: 半成品
B42: 名稱 | C42: 報廢金額 排序 | D42: 共用類總金額 占比
A44: 1 | B44: 拌總匯雞蛋沙拉CL(112年) | C44: 618.76 | D44: =C44/$L$5 -> 0.094276464
A45: 2 | B45: 電解消毒十字切美生菜 | C45: 429.44 | D45: =C45/$L$5 -> 0.065430998
A46: 3 | B46: 電解消毒雙色高麗菜絲(7:3) | C46: 286.46 | D46: =C46/$L$5 -> 0.043646059
A47: 4 | B47: 電解消毒切段美生菜2-3cm | C47: 235.11 | D47: =C47/$L$5 -> 0.035822192
A48: 5 | B48: 義美業務用馬芬堡 | C48: 233.74 | D48: =C48/$L$5 -> 0.035613454
A49: 6 | B49: 墨西哥餅皮-原味(8英吋)新 | C49: 231.16 | D49: =C49/$L$5 -> 0.035220356
A50: 7 | B50: 電解消毒蔥花 | C50: 220.92 | D50: =C50/$L$5 -> 0.033660153
A51: 8 | B51: 酸黃瓜碎(新) | C51: 219.95 | D51: =C51/$L$5 -> 0.03351236
A52: 9 | B52: 電解消毒美生菜(三明治用) | C52: 213.68 | D52: =C52/$L$5 -> 0.032557041
A53: 10 | B53: 切新重煙燻火腿0.9mm | C53: 210.76 | D53: =C53/$L$5 -> 0.03211214
A54: ※炊飯類不納入半成品廢棄計算
A56: ※淺黃色為工廠自填項目

Sheet 0827分析標準表 
A1: 新豐廠半成品管理分析
A2: 日期 | C2: 營業額 | D2: 報廢展開 | F2: 超用展開 | H2: 報廢展開 | J2: 超用展開 | L2: 報廢展開
A3: 45896 | C3: 5656058.4 | D3: 總報廢 | F3: 總超用 | H3: 報廢-前10名 | J3: 超用-前10名 | L3: 共用類-總報廢
D4: 金額 | E4: 占比(營業額) | F4: 金額 | G4: 占比(營業額) | H4: 金額 | I4: 占比(總報廢) | J4: 金額 | K4: 占比(總超用) | L4: 金額 | M4: 占比(總報廢)
A5: 年度KPI目標0.25% | D5: 13725.69 | E5: =D5/C3 -> 0.0024267235 | F5: 43410.63 | G5: =F5/C3 -> 0.0076750676 | H5: =SUM(C12:C21) -> 3800.4 | I5: =H5/D5 -> 0.27688226 | J5: =SUM(C28:C37) -> 12041.49 | K5: =J5/F5 -> 0.27738575 | L5: 6230.94 | M5: =L5/D5 -> 0.45396188
A7: 報廢金額前十名半成品
A8: 明細展開 | D8: 生產資訊 | O8: 類別 | P8: 分析原因 (請填寫8大原因) | Q8: 其他原因說明 | R8: 備註-商品名稱
A9: 排序 | B9: 半成品 | D9: 生產端 | J9: 組合端
B10: 名稱 | C10: 報廢金額 排序 | D10: 產出量 | J10: 報廢 | L10: 超用
D11: 訂單需求 (kg) | E11: 實際產出 (kg) | F11: 補單 (kg) | G11: 單價 (元) | H11: 實際生產 (對比訂單需求) | I11: 差異 (元) | J11: kg | K11: 占比 | L11: kg | M11: 占比 | N11: 金額 (元)
A12: 1 | B12: 鮪魚沙拉(113.05) | C12: 950.8 | D12: 197.73 | E12: 197.73 | F12: 19.7 | G12: 194.04 | H12: =(E12+F12)/D12 -> 1.0996308 | I12: 3822.59 | J12: 4.9 | K12: =J12/D12 -> 0.024781267 | L12: =((E12+F12)-D12)-J12 -> 14.8 | M12: =L12/D12 -> 0.074849542 | N12: =L12*G12 -> 2871.792 | O12: 組合端 | P12: 抓樣不穩 | Q12: 人員冰杓定量手法不穩 | R12: 鮪魚起司溏心蛋三明治
A13: 2 | B13: 拌總匯雞蛋沙拉CL(112年) | C13: 457.63 | D13: 277.84 | E13: 277.84 | F13: 23.5 | G13: 95.34 | H13: =(E13+F13)/D13 -> 1.0845811 | I13: 2240.49 | J13: 4.8 | K13: =J13/D13 -> 0.01727613 | L13: =((E13+F13)-D13)-J13 -> 18.7 | M13: =L13/D13 -> 0.067304924 | N13: =L13*G13 -> 1782.858 | O13: 組合端 | P13: 抓樣不穩 | Q13: 人員冰杓定量手法不穩 | R13: 共用類
A14: 3 | B14: 義美業務用馬芬堡 | C14: 444.69 | D14: 13382 | E14: 13382 | F14: 76.67 | G14: 5.8 | H14: =(E14+F14)/D14 -> 1.0057293 | I14: 444.69 | J14: 76.67 | K14: =J14/D14 -> 0.0057293379 | L14: =((E14+F14)-D14)-J14 -> 0 | M14: =L14/D14 -> 0 | N14: =L14*G14 -> 0 | O14: 組合端 | P14: 其他原因 | Q14: 包材過於貼體 | R14: 共用類
A15: 4 | B15: 墨西哥餅皮-原味(8英吋)新 | C15: 393.62 | D15: 6628 | E15: 6628 | F15: 59.82 | G15: 6.58 | H15: =(E15+F15)/D15 -> 1.0090253 | I15: 393.62 | J15: 59.82 | K15: =J15/D15 -> 0.009025347 | L15: =((E15+F15)-D15)-J15 -> -2.9132252e-13 | M15: =L15/D15 -> -4.3953307e-17 | N15: =L15*G15 -> -1.9169022e-12 | O15: 原物料 | P15: 原物料規格 | Q15: 菜梗太硬導致捲的時候破損 | R15: 共用類
A16: 5 | B16: 溏心洋芋沙拉(113.06) | C16: 319.14 | D16: 334.5 | E16: 334.5 | F16: 14.94 | G16: 111.2 | H16: =(E16+F16)/D16 -> 1.0446637 | I16: 1661.33 | J16: 2.87 | K16: =J16/D16 -> 0.0085799701 | L16: =((E16+F16)-D16)-J16 -> 12.07 | M16: =L16/D16 -> 0.036083707 | N16: =L16*G16 -> 1342.184 | O16: 組合端 | P16: 抓樣不穩 | Q16: 人員冰杓定量手法不穩 | R16: 溏心蛋洋芋沙拉
A17: 6 | B17: 電解消毒十字切美生菜 | C17: 300.92 | D17: 291.15 | E17: 291.15 | F17: 10.24 | G17: 156.73 | H17: =(E17+F17)/D17 -> 1.0351709 | I17: 1604.92 | J17: 1.92 | K17: =J17/D17 -> 0.0065945389 | L17: =((E17+F17)-D17)-J17 -> 8.32 | M17: =L17/D17 -> 0.028576335 | N17: =L17*G17 -> 1303.9936 | O17: 原物料 | P17: 原物料規格 | Q17: 原物料特性，梗葉比例重量差異大 | R17: 共用類
A18: 7 | B18: 炒素鬆(新豐113.04) | C18: 271.57 | D18: 39.34 | E18: 39.34 | F18: 2 | G18: 271.57 | H18: =(E18+F18)/D18 -> 1.0508388 | I18: 543.14 | J18: 1 | K18: =J18/D18 -> 0.02541942 | L18: =((E18+F18)-D18)-J18 -> 1 | M18: =L18/D18 -> 0.02541942 | N18: =L18*G18 -> 271.57 | O18: 組合端 | P18: 抓樣不穩 | Q18: 人員冰杓定量手法不穩 | R18: 共用類
A19: 8 | B19: 炒辛口紅蘿蔔丁(112年) | C19: 259.49 | D19: 64.27 | E19: 64.27 | F19: 6.4 | G19: 90.1 | H19: =(E19+F19)/D19 -> 1.0995799 | I19: 576.64 | J19: 2.88 | K19: =J19/D19 -> 0.044810954 | L19: =((E19+F19)-D19)-J19 -> 3.52 | M19: =L19/D19 -> 0.054768944 | N19: =L19*G19 -> 317.152 | O19: 原物料 | P19: 原物料規格 | Q19: 原物料製程未過篩，調理製程後較細碎 | R19: 二配金咖哩濃厚辛辣咖哩飯
A20: 9 | B20: 紐奧良抹醬(113.04) | C20: 202.52 | D20: 36.98 | E20: 36.98 | F20: 3.6 | G20: 118.43 | H20: =(E20+F20)/D20 -> 1.0973499 | I20: 426.35 | J20: 1.71 | K20: =J20/D20 -> 0.046241211 | L20: =((E20+F20)-D20)-J20 -> 1.89 | M20: =L20/D20 -> 0.051108707 | N20: =L20*G20 -> 223.8327 | O20: 組合端 | P20: 抓樣不穩 | Q20: 刮板挖取使用，持續上抽測確認人員使用準確度 | R20: 紐奧良風味烤雞鮮蔬三明治
A21: 10 | B21: 青檸沙拉醬(113.03) | C21: 200.02 | D21: 145.81 | E21: 145.81 | F21: 8.58 | G21: 127.4 | H21: =(E21+F21)/D21 -> 1.0588437 | I21: 1093.09 | J21: 1.57 | K21: =J21/D21 -> 0.010767437 | L21: =((E21+F21)-D21)-J21 -> 7.01 | M21: =L21/D21 -> 0.048076264 | N21: =L21*G21 -> 893.074 | O21: 組合端 | P21: 抓樣不穩 | Q21: 人員冰杓定量手法不穩 | R21: 共用類
A23: 超用金額前十名半成品
A24: 明細展開 | D24: 生產資訊 | O24: 類別 | P24: 分析原因 (請填寫8大原因) | Q24: 其他原因說明 | R24: 備註-商品名稱
A25: 排序 | B25: 半成品 | D25: 生產端 | J25: 組合端
B26: 名稱 | C26: 超用金額 排序 | D26: 產出量 | J26: 報廢 | M26: 超用
D27: 訂單需求 (kg) | E27: 實際產出 (kg) | F27: 補單 (kg) | G27: 單價 (元) | H27: 實際生產 (對比訂單需求) | I27: 差異 (元) | J27: kg | K27: 占比 | L27: 金額 (元) | M27: kg | N27: 占比
A28: 1 | B28: 鮪魚沙拉(113.05) | C28: 2871.79 | D28: 197.73 | E28: 197.73 | F28: 19.7 | G28: 194.04 | H28: =(E28+F28)/D28 -> 1.0996308 | I28: 3822.59 | J28: 4.9 | K28: =J28/D28 -> 0.024781267 | L28: =J28*G28 -> 950.796 | M28: =((E28+F28)-D28)-J28 -> 14.8 | N28: =M28/D28 -> 0.074849542 | O28: 組合室 | P28: 抓樣不穩 | Q28: 冰杓定量挖取(使用量上會較起伏)，持續上抽測確認人員使用準確度 | R28: 鮪魚起司溏心蛋三明治
A29: 2 | B29: 拌總匯雞蛋沙拉CL(112年) | C29: 1782.86 | D29: 277.84 | E29: 277.84 | F29: 23.5 | G29: 95.34 | H29: =(E29+F29)/D29 -> 1.0845811 | I29: 2240.49 | J29: 4.8 | K29: =J29/D29 -> 0.01727613 | L29: =J29*G29 -> 457.632 | M29: =((E29+F29)-D29)-J29 -> 18.7 | N29: =M29/D29 -> 0.067304924 | O29: 組合室 | P29: 抓樣不穩 | Q29: 冰杓定量挖取(使用量上會較起伏)，持續上抽測確認人員使用準確度 | R29: 共用類
A30: 3 | B30: 溏心洋芋沙拉(113.06) | C30: 1342.19 | D30: 334.5 | E30: 334.5 | F30: 14.94 | G30: 111.2 | H30: =(E30+F30)/D30 -> 1.0446637 | I30: 1661.33 | J30: 2.87 | K30: =J30/D30 -> 0.0085799701 | L30: =J30*G30 -> 319.144 | M30: =((E30+F30)-D30)-J30 -> 12.07 | N30: =M30/D30 -> 0.036083707 | O30: 組合室 | P30: 抓樣不穩 | Q30: 冰杓定量挖取(使用量上會較起伏)，持續上抽測確認人員使用準確度 | R30: 溏心蛋洋芋沙拉
A31: 4 | B31: 電解消毒十字切美生菜 | C31: 1304 | D31: 291.15 | E31: 291.15 | F31: 10.24 | G31: 156.73 | H31: =(E31+F31)/D31 -> 1.0351709 | I31: 1604.92 | J31: 1.92 | K31: =J31/D31 -> 0.0065945389 | L31: =J31*G31 -> 300.9216 | M31: =((E31+F31)-D31)-J31 -> 8.32 | N31: =M31/D31 -> 0.028576335 | O31: 組合室 | P31: 抓樣不穩 | Q31: 原物料特性，梗葉比例重量差異，抓樣不穩 | R31: 共用類
A32: 5 | B32: 青檸沙拉醬(113.03) | C32: 893.07 | D32: 145.81 | E32: 145.81 | F32: 8.58 | G32: 127.4 | H32: =(E32+F32)/D32 -> 1.0588437 | I32: 1093.09 | J32: 1.57 | K32: =J32/D32 -> 0.010767437 | L32: =J32*G32 -> 200.018 | M32: =((E32+F32)-D32)-J32 -> 7.01 | N32: =M32/D32 -> 0.048076264 | O32: 組合室 | P32: 抓樣不穩 | Q32: 冰杓定量挖取(使用量上會較起伏)，持續上抽測確認人員使用準確度 | R32: 共用類
A33: 6 | B33: 電解消毒雙色高麗菜絲(7:3) | C33: 796.03 | D33: 231.98 | E33: 231.98 | F33: 8.76 | G33: 99.12 | H33: =(E33+F33)/D33 -> 1.0377619 | I33: 868.29 | J33: 0.729 | K33: =J33/D33 -> 0.0031425123 | L33: =J33*G33 -> 72.25848 | M33: =((E33+F33)-D33)-J33 -> 8.031 | N33: =M33/D33 -> 0.034619364 | O33: 組合室 | P33: 抓樣不穩 | Q33: 人員抓樣，絲狀較長抓樣重量差異 | R33: 共用類
A34: 7 | B34: F-台式特級沙拉醬 | C34: 787.02 | D34: 224.44 | E34: 224.44 | F34: 12.28 | G34: 78 | H34: =(E34+F34)/D34 -> 1.054714 | I34: 957.84 | J34: 2.19 | K34: =J34/D34 -> 0.009757619 | L34: =J34*G34 -> 170.82 | M34: =((E34+F34)-D34)-J34 -> 10.09 | N34: =M34/D34 -> 0.044956336 | O34: 組合室 | P34: 抓樣不穩 | Q34: 刮板挖取使用，持續上抽測確認人員使用準確度 | R34: 共用類
A35: 8 | B35: 蒸基礎風味雞肉絲 | C35: 762.89 | D35: 96.06 | E35: 96.06 | F35: 2.28 | G35: 410.16 | H35: =(E35+F35)/D35 -> 1.0237352 | I35: 935.16 | J35: 0.42 | K35: =J35/D35 -> 0.0043722673 | L35: =J35*G35 -> 172.2672 | M35: =((E35+F35)-D35)-J35 -> 1.86 | N35: =M35/D35 -> 0.019362898 | O35: 組合室 | P35: 抓樣不穩 | Q35: 秤重物料，過多無法剝除 | R35: 共用類
A36: 9 | B36: 蒸鼎泰豐香辣醬 | C36: 753.59 | D36: 23.34 | E36: 23.34 | F36: 1.01 | G36: 930.36 | H36: =(E36+F36)/D36 -> 1.0432734 | I36: 939.66 | J36: 0.2 | K36: =J36/D36 -> 0.0085689803 | L36: =J36*G36 -> 186.072 | M36: =((E36+F36)-D36)-J36 -> 0.81 | N36: =M36/D36 -> 0.03470437 | O36: 組合室 | P36: 抓樣不穩 | Q36: 冰杓定量挖取(使用量上會較起伏)，持續上抽測確認人員使用準確度 | R36: 二配香辣醬蒜味香腸蛋炒飯
A37: 10 | B37: 油亮蒜味香腸片 | C37: 748.05 | D37: 78.51 | E37: 78.51 | F37: 2.89 | G37: 318.32 | H37: =(E37+F37)/D37 -> 1.0368106 | I37: 919.94 | J37: 0.54 | K37: =J37/D37 -> 0.0068781047 | L37: =J37*G37 -> 171.8928 | M37: =((E37+F37)-D37)-J37 -> 2.35 | N37: =M37/D37 -> 0.029932493 | O37: 組合室 | P37: 抓樣不穩 | Q37: 秤重物料，過多無法剝除 | R37: 二配香辣醬蒜味香腸蛋炒飯
A39: 共用類報廢金額前十名半成品
A40: 明細展開
A41: 排序 | B41: 半成品
B42: 名稱 | C42: 報廢金額 排序 | D42: 共用類總金額 占比
A44: 1 | B44: 拌總匯雞蛋沙拉CL(112年) | C44: 457.63 | D44: =C44/$L$5 -> 0.073444777
A45: 2 | B45: 義美業務用馬芬堡 | C45: 444.69 | D45: =C45/$L$5 -> 0.071368044
A46: 3 | B46: 墨西哥餅皮-原味(8英吋)新 | C46: 393.62 | D46: =C46/$L$5 -> 0.063171849
A47: 4 | B47: 電解消毒十字切美生菜 | C47: 300.92 | D47: =C47/$L$5 -> 0.048294479
A48: 5 | B48: 炒素鬆(新豐113.04) | C48: 271.57 | D48: =C48/$L$5 -> 0.043584114
A49: 6 | B49: 青檸沙拉醬(113.03) | C49: 200.02 | D49: =C49/$L$5 -> 0.032101096
A50: 7 | B50: 調製地瓜泥 | C50: 199.35 | D50: =C50/$L$5 -> 0.031993568
A51: 8 | B51: 電解消毒蔥花 | C51: 197.67 | D51: =C51/$L$5 -> 0.031723945
A52: 9 | B52: (V)電解消毒小黃瓜絲 | C52: 194.21 | D52: =C52/$L$5 -> 0.031168652
A53: 10 | B53: 蒸基礎風味雞肉絲 | C53: 172.27 | D53: =C53/$L$5 -> 0.027647514
A54: ※炊飯類不納入半成品廢棄計算
A56: ※淺黃色為工廠自填項目

Sheet 0826分析標準表 
A1: 新豐廠半成品管理分析
A2: 日期 | C2: 營業額 | D2: 報廢展開 | F2: 超用展開 | H2: 報廢展開 | J2: 超用展開 | L2: 報廢展開
A3: 45895 | C3: 5751890.8 | D3: 總報廢 | F3: 總超用 | H3: 報廢-前10名 | J3: 超用-前10名 | L3: 共用類-總報廢
D4: 金額 | E4: 占比(營業額) | F4: 金額 | G4: 占比(營業額) | H4: 金額 | I4: 占比(總報廢) | J4: 金額 | K4: 占比(總超用) | L4: 金額 | M4: 占比(總報廢)
A5: 年度KPI目標0.25% | D5: 13980.76 | E5: =D5/C3 -> 0.0024306372 | F5: 44448.19 | G5: =F5/C3 -> 0.0077275789 | H5: =SUM(C12:C21) -> 4161.68 | I5: =H5/D5 -> 0.29767194 | J5: =SUM(C28:C37) -> 10846.39 | K5: =J5/F5 -> 0.24402321 | L5: 8407.66 | M5: =L5/D5 -> 0.6013736
A7: 報廢金額前十名半成品
A8: 明細展開 | D8: 生產資訊 | O8: 類別 | P8: 分析原因 (請填寫8大原因) | Q8: 其他原因說明 | R8: 備註-商品名稱
A9: 排序 | B9: 半成品 | D9: 生產端 | J9: 組合端
B10: 名稱 | C10: 報廢金額 排序 | D10: 產出量 | J10: 報廢 | L10: 超用
D11: 訂單需求 (kg) | E11: 實際產出 (kg) | F11: 補單 (kg) | G11: 單價 (元) | H11: 實際生產 (對比訂單需求) | I11: 差異 (元) | J11: kg | K11: 占比 | L11: kg | M11: 占比 | N11: 金額 (元)
A12: 1 | B12: 義美業務用馬芬堡 | C12: 1447.16 | D12: 13613 | E12: 13613 | F12: 249.51 | G12: 5.8 | H12: =(E12+F12)/D12 -> 1.0183288 | I12: 1447.16 | J12: 249.51 | K12: =J12/D12 -> 0.018328803 | L12: =((E12+F12)-D12)-J12 -> 2.2737368e-13 | M12: =L12/D12 -> 1.6702687e-17 | N12: =L12*G12 -> 1.3187673e-12 | O12: 組合端 | P12: 其他原因 | Q12: 包材過於貼體 | R12: 共用類
A13: 2 | B13: 拌總匯雞蛋沙拉CL(112年) | C13: 656.89 | D13: 281.55 | E13: 281.55 | F13: 27.95 | G13: 95.34 | H13: =(E13+F13)/D13 -> 1.0992719 | I13: 2664.75 | J13: 6.89 | K13: =J13/D13 -> 0.024471675 | L13: =((E13+F13)-D13)-J13 -> 21.06 | M13: =L13/D13 -> 0.074800213 | N13: =L13*G13 -> 2007.8604 | O13: 組合端 | P13: 抓樣不穩 | Q13: 人員冰杓定量手法不穩 | R13: 共用類
A14: 3 | B14: 墨西哥餅皮-原味(8英吋)新 | C14: 392.56 | D14: 6694 | E14: 6694 | F14: 59.66 | G14: 6.58 | H14: =(E14+F14)/D14 -> 1.0089125 | I14: 392.56 | J14: 59.66 | K14: =J14/D14 -> 0.0089124589 | L14: =((E14+F14)-D14)-J14 -> -1.4210855e-13 | M14: =L14/D14 -> -2.1229242e-17 | N14: =L14*G14 -> -9.3507424e-13 | O14: 原物料 | P14: 原物料規格 | Q14: 菜梗太硬導致捲的時候破損 | R14: 共用類
A15: 4 | B15: 青醬優格(113.06) | C15: 365.42 | D15: 72.64 | E15: 72.64 | F15: 6.69 | G15: 159.57 | H15: =(E15+F15)/D15 -> 1.092098 | I15: 1067.52 | J15: 2.29 | K15: =J15/D15 -> 0.03152533 | L15: =((E15+F15)-D15)-J15 -> 4.4 | M15: =L15/D15 -> 0.060572687 | N15: =L15*G15 -> 702.108 | O15: 組合端 | P15: 抓樣不穩 | Q15: 人員冰杓定量手法不穩 | R15: 共用類
A16: 5 | B16: 炒素鬆(新豐113.04) | C16: 233.55 | D16: 39.18 | E16: 39.18 | F16: 3.63 | G16: 271.57 | H16: =(E16+F16)/D16 -> 1.0926493 | I16: 985.8 | J16: 0.86 | K16: =J16/D16 -> 0.021949974 | L16: =((E16+F16)-D16)-J16 -> 2.77 | M16: =L16/D16 -> 0.070699336 | N16: =L16*G16 -> 752.2489 | O16: 組合端 | P16: 抓樣不穩 | Q16: 人員冰杓定量手法不穩 | R16: 共用類
A17: 6 | B17: 電解消毒切段美生菜2-3cm | C17: 227.27 | D17: 355.16 | E17: 355.16 | F17: 7.07 | G17: 156.74 | H17: =(E17+F17)/D17 -> 1.0199065 | I17: 1108.15 | J17: 1.45 | K17: =J17/D17 -> 0.004082667 | L17: =((E17+F17)-D17)-J17 -> 5.62 | M17: =L17/D17 -> 0.015823854 | N17: =L17*G17 -> 880.8788 | O17: 原物料 | P17: 原物料規格 | Q17: 原物料特性，梗葉比例重量差異大 | R17: 共用類
A18: 7 | B18: 紐奧良抹醬(113.04) | C18: 218.5 | D18: 37.34 | E18: 37.34 | F18: 3.69 | G18: 118.43 | H18: =(E18+F18)/D18 -> 1.0988216 | I18: 437.01 | J18: 1.845 | K18: =J18/D18 -> 0.049410819 | L18: =((E18+F18)-D18)-J18 -> 1.845 | M18: =L18/D18 -> 0.049410819 | N18: =L18*G18 -> 218.50335 | O18: 組合端 | P18: 抓樣不穩 | Q18: 刮板挖取使用，持續上抽測確認人員使用準確度 | R18: 紐奧良風味烤雞鮮蔬三明治
A19: 8 | B19: 辛口咖哩豬肉(112年) | C19: 207.02 | D19: 74.05 | E19: 74.05 | F19: 3.08 | G19: 333.9 | H19: =(E19+F19)/D19 -> 1.0415935 | I19: 1028.41 | J19: 0.62 | K19: =J19/D19 -> 0.0083727211 | L19: =((E19+F19)-D19)-J19 -> 2.46 | M19: =L19/D19 -> 0.033220797 | N19: =L19*G19 -> 821.394 | O19: 組合端 | P19: 抓樣不穩 | Q19: 秤重物料，過多無法剝除 | R19: 二配金咖哩濃厚辛辣咖哩飯
A20: 9 | B20: 油亮蒜味香腸片 | C20: 206.91 | D20: 92.28 | E20: 92.28 | F20: 3.7 | G20: 318.32 | H20: =(E20+F20)/D20 -> 1.0400954 | I20: 1177.78 | J20: 0.65 | K20: =J20/D20 -> 0.0070437798 | L20: =((E20+F20)-D20)-J20 -> 3.05 | M20: =L20/D20 -> 0.033051582 | N20: =L20*G20 -> 970.876 | O20: 組合端 | P20: 抓樣不穩 | Q20: 秤重物料，過多無法剝除 | R20: 二配香辣醬蒜味香腸蛋炒飯
A21: 10 | B21: 電解消毒切段甜脆 | C21: 206.4 | D21: 12.64 | E21: 12.64 | F21: 1.25 | G21: 469.08 | H21: =(E21+F21)/D21 -> 1.0988924 | I21: 586.35 | J21: 0.44 | K21: =J21/D21 -> 0.034810127 | L21: =((E21+F21)-D21)-J21 -> 0.81 | M21: =L21/D21 -> 0.064082278 | N21: =L21*G21 -> 379.9548 | O21: 原物料 | P21: 原物料規格 | Q21: 原物料特性，梗葉比例重量差異大 | R21: 蔥鹽雞肉麵沙拉(114年)
A23: 超用金額前十名半成品
A24: 明細展開 | D24: 生產資訊 | O24: 類別 | P24: 分析原因 (請填寫8大原因) | Q24: 其他原因說明 | R24: 備註-商品名稱
A25: 排序 | B25: 半成品 | D25: 生產端 | J25: 組合端
B26: 名稱 | C26: 超用金額 排序 | D26: 產出量 | J26: 報廢 | M26: 超用
D27: 訂單需求 (kg) | E27: 實際產出 (kg) | F27: 補單 (kg) | G27: 單價 (元) | H27: 實際生產 (對比訂單需求) | I27: 差異 (元) | J27: kg | K27: 占比 | L27: 金額 (元) | M27: kg | N27: 占比
A28: 1 | B28: 拌總匯雞蛋沙拉CL(112年) | C28: 2007.86 | D28: 281.55 | E28: 281.55 | F28: 27.95 | G28: 95.34 | H28: =(E28+F28)/D28 -> 1.0992719 | I28: 2664.75 | J28: 6.89 | K28: =J28/D28 -> 0.024471675 | L28: =J28*G28 -> 656.8926 | M28: =((E28+F28)-D28)-J28 -> 21.06 | N28: =M28/D28 -> 0.074800213 | O28: 組合室 | P28: 抓樣不穩 | Q28: 冰杓定量挖取(使用量上會較起伏)，持續上抽測確認人員使用準確度 | R28: 共用類
A29: 2 | B29: F-台式特級沙拉醬 | C29: 1021.8 | D29: 229 | E29: 229 | F29: 15.73 | G29: 78 | H29: =(E29+F29)/D29 -> 1.06869 | I29: 1226.94 | J29: 2.63 | K29: =J29/D29 -> 0.011484716 | L29: =J29*G29 -> 205.14 | M29: =((E29+F29)-D29)-J29 -> 13.1 | N29: =M29/D29 -> 0.05720524 | O29: 組合室 | P29: 抓樣不穩 | Q29: 刮板挖取使用，持續上抽測確認人員使用準確度 | R29: 共用類
A30: 3 | B30: 蒸鼎泰豐香辣醬 | C30: 1014.09 | D30: 27.43 | E30: 27.43 | F30: 1.31 | G30: 930.36 | H30: =(E30+F30)/D30 -> 1.0477579 | I30: 1218.77 | J30: 0.22 | K30: =J30/D30 -> 0.0080204156 | L30: =J30*G30 -> 204.6792 | M30: =((E30+F30)-D30)-J30 -> 1.09 | N30: =M30/D30 -> 0.039737514 | O30: 組合室 | P30: 抓樣不穩 | Q30: 冰杓定量挖取(使用量上會較起伏)，持續上抽測確認人員使用準確度 | R30: 二配香辣醬蒜味香腸蛋炒飯
A31: 4 | B31: 蒸基礎風味雞肉絲 | C31: 992.59 | D31: 96.84 | E31: 96.84 | F31: 2.92 | G31: 410.16 | H31: =(E31+F31)/D31 -> 1.0301528 | I31: 1197.67 | J31: 0.5 | K31: =J31/D31 -> 0.0051631557 | L31: =J31*G31 -> 205.08 | M31: =((E31+F31)-D31)-J31 -> 2.42 | N31: =M31/D31 -> 0.024989674 | O31: 組合室 | P31: 抓樣不穩 | Q31: 秤重物料，過多無法剝除 | R31: 共用類
A32: 5 | B32: 青檸沙拉醬(113.03) | C32: 991.18 | D32: 147.27 | E32: 147.27 | F32: 9.39 | G32: 127.4 | H32: =(E32+F32)/D32 -> 1.0637604 | I32: 1196.29 | J32: 1.61 | K32: =J32/D32 -> 0.010932301 | L32: =J32*G32 -> 205.114 | M32: =((E32+F32)-D32)-J32 -> 7.78 | N32: =M32/D32 -> 0.052828139 | O32: 組合室 | P32: 抓樣不穩 | Q32: 冰杓定量挖取(使用量上會較起伏)，持續上抽測確認人員使用準確度 | R32: 共用類
A33: 6 | B33: 油亮蒜味香腸片 | C33: 970.87 | D33: 92.28 | E33: 92.28 | F33: 3.7 | G33: 318.32 | H33: =(E33+F33)/D33 -> 1.0400954 | I33: 1177.78 | J33: 0.65 | K33: =J33/D33 -> 0.0070437798 | L33: =J33*G33 -> 206.908 | M33: =((E33+F33)-D33)-J33 -> 3.05 | N33: =M33/D33 -> 0.033051582 | O33: 組合室 | P33: 抓樣不穩 | Q33: 秤重物料，過多無法剝除 | R33: 二配香辣醬蒜味香腸蛋炒飯
A34: 7 | B34: 電解消毒十字切美生菜 | C34: 963.89 | D34: 283.89 | E34: 283.89 | F34: 7.46 | G34: 156.73 | H34: =(E34+F34)/D34 -> 1.0262778 | I34: 1169.21 | J34: 1.31 | K34: =J34/D34 -> 0.0046144633 | L34: =J34*G34 -> 205.3163 | M34: =((E34+F34)-D34)-J34 -> 6.15 | N34: =M34/D34 -> 0.02166332 | O34: 組合室 | P34: 抓樣不穩 | Q34: 原物料特性，梗葉比例重量差異，抓樣不穩 | R34: 共用類
A35: 8 | B35: 親子柴魚風味醬汁(114年) | C35: 963.14 | D35: 264.54 | E35: 264.54 | F35: 26.05 | G35: 44.86 | H35: =(E35+F35)/D35 -> 1.0984728 | I35: 1168.6 | J35: 4.58 | K35: =J35/D35 -> 0.017313072 | L35: =J35*G35 -> 205.4588 | M35: =((E35+F35)-D35)-J35 -> 21.47 | N35: =M35/D35 -> 0.081159749 | O35: 組合室 | P35: 抓樣不穩 | Q35: 注餡機使用(機器出料就有落差)，人員持續於線上不定時抽測重量 | R35: 共用類
A36: 9 | B36: 水果莎莎醬(114.06) | C36: 961.05 | D36: 135.8 | E36: 135.8 | F36: 7 | G36: 166.56 | H36: =(E36+F36)/D36 -> 1.0515464 | I36: 1165.92 | J36: 1.23 | K36: =J36/D36 -> 0.0090574374 | L36: =J36*G36 -> 204.8688 | M36: =((E36+F36)-D36)-J36 -> 5.77 | N36: =M36/D36 -> 0.042488954 | O36: 組合室 | P36: 抓樣不穩 | Q36: 冰杓定量挖取(使用量上會較起伏)，持續上抽測確認人員使用準確度 | R36: 莎莎烤雞麵沙拉
A37: 10 | B37: 鼎泰豐-煮麻婆豆腐(113年) | C37: 959.92 | D37: 335.24 | E37: 335.24 | F37: 8.7 | G37: 133.88 | H37: =(E37+F37)/D37 -> 1.0259516 | I37: 1164.76 | J37: 1.53 | K37: =J37/D37 -> 0.0045638945 | L37: =J37*G37 -> 204.8364 | M37: =((E37+F37)-D37)-J37 -> 7.17 | N37: =M37/D37 -> 0.021387663 | O37: 組合室 | P37: 抓樣不穩 | Q37: 秤重物料，秤重精準度須持續校正 | R37: 二配川味麻婆燒豆腐燴飯
A39: 共用類報廢金額前十名半成品
A40: 明細展開
A41: 排序 | B41: 半成品
B42: 名稱 | C42: 報廢金額 排序 | D42: 共用類總金額 占比
A44: 1 | B44: 義美業務用馬芬堡 | C44: 1447.16 | D44: =C44/$L$5 -> 0.17212399
A45: 2 | B45: 拌總匯雞蛋沙拉CL(112年) | C45: 656.89 | D45: =C45/$L$5 -> 0.078129943
A46: 3 | B46: 墨西哥餅皮-原味(8英吋)新 | C46: 392.56 | D46: =C46/$L$5 -> 0.046690756
A47: 4 | B47: 青醬優格(113.06) | C47: 365.42 | D47: =C47/$L$5 -> 0.043462747
A48: 5 | B48: 炒素鬆(新豐113.04) | C48: 233.55 | D48: =C48/$L$5 -> 0.02777824
A49: 6 | B49: 電解消毒切段美生菜2-3cm | C49: 227.27 | D49: =C49/$L$5 -> 0.027031302
A50: 7 | B50: 胡麻沙拉醬(114.07) | C50: 205.84 | D50: =C50/$L$5 -> 0.024482436
A51: 8 | B51: 親子丼-滑蛋(114年) | C51: 205.74 | D51: =C51/$L$5 -> 0.024470542
A52: 9 | B52: 熟化帶皮黃肉地瓜滾刀7-13g | C52: 205.7 | D52: =C52/$L$5 -> 0.024465785
A53: 10 | B53: 電解消毒美生菜(三明治用) | C53: 205.54 | D53: =C53/$L$5 -> 0.024446755
A54: ※炊飯類不納入半成品廢棄計算
A56: ※淺黃色為工廠自填項目

Sheet 0825分析標準表 
A1: 新豐廠半成品管理分析
A2: 日期 | C2: 營業額 | D2: 報廢展開 | F2: 超用展開 | H2: 報廢展開 | J2: 超用展開 | L2: 報廢展開
A3: 45894 | C3: 6110563.6 | D3: 總報廢 | F3: 總超用 | H3: 報廢-前10名 | J3: 超用-前10名 | L3: 共用類-總報廢
D4: 金額 | E4: 占比(營業額) | F4: 金額 | G4: 占比(營業額) | H4: 金額 | I4: 占比(總報廢) | J4: 金額 | K4: 占比(總超用) | L4: 金額 | M4: 占比(總報廢)
A5: 年度KPI目標0.25% | D5: 14920.72 | E5: =D5/C3 -> 0.0024417911 | F5: 48957.46 | G5: =F5/C3 -> 0.0080119385 | H5: =SUM(C12:C21) -> 4555.26 | I5: =H5/D5 -> 0.3052976 | J5: =SUM(C28:C37) -> 9093.95 | K5: =J5/F5 -> 0.18575208 | L5: 7181.79 | M5: =L5/D5 -> 0.48132999
A7: 報廢金額前十名半成品
A8: 明細展開 | D8: 生產資訊 | O8: 類別 | P8: 分析原因 (請填寫8大原因) | Q8: 其他原因說明 | R8: 備註-商品名稱
A9: 排序 | B9: 半成品 | D9: 生產端 | J9: 組合端
B10: 名稱 | C10: 報廢金額 排序 | D10: 產出量 | J10: 報廢 | L10: 超用
D11: 訂單需求 (kg) | E11: 實際產出 (kg) | F11: 補單 (kg) | G11: 單價 (元) | H11: 實際生產 (對比訂單需求) | I11: 差異 (元) | J11: kg | K11: 占比 | L11: kg | M11: 占比 | N11: 金額 (元)
A12: 1 | B12: 鮪魚沙拉(113.05) | C12: 1086.62 | D12: 203.85 | E12: 203.85 | F12: 11.16 | G12: 194.04 | H12: =(E12+F12)/D12 -> 1.0547461 | I12: 2165.49 | J12: 5.6 | K12: =J12/D12 -> 0.02747118 | L12: =((E12+F12)-D12)-J12 -> 5.56 | M12: =L12/D12 -> 0.027274957 | N12: =L12*G12 -> 1078.8624 | O12: 組合端 | P12: 抓樣不穩 | Q12: 人員冰杓定量手法不穩 | R12: 鮪魚起司溏心蛋三明治
A13: 2 | B13: 義美業務用馬芬堡 | C13: 795.53 | D13: 13519 | E13: 13519 | F13: 137.16 | G13: 5.8 | H13: =(E13+F13)/D13 -> 1.0101457 | I13: 795.53 | J13: 137.16 | K13: =J13/D13 -> 0.010145721 | L13: =((E13+F13)-D13)-J13 -> 0 | M13: =L13/D13 -> 0 | N13: =L13*G13 -> 0 | O13: 組合端 | P13: 其他原因 | Q13: 包材過於貼體 | R13: 共用類
A14: 3 | B14: 青醬優格(113.06) | C14: 603.17 | D14: 76.82 | E14: 76.82 | F14: 7.68 | G14: 159.57 | H14: =(E14+F14)/D14 -> 1.099974 | I14: 1225.5 | J14: 3.78 | K14: =J14/D14 -> 0.049205936 | L14: =((E14+F14)-D14)-J14 -> 3.9 | M14: =L14/D14 -> 0.050768029 | N14: =L14*G14 -> 622.323 | O14: 組合端 | P14: 抓樣不穩 | Q14: 人員冰杓定量手法不穩 | R14: 共用類
A15: 4 | B15: 蒸鼎泰豐香辣醬 | C15: 465.18 | D15: 26.8 | E15: 27.02 | F15: 1.23 | G15: 930.36 | H15: =(E15+F15)/D15 -> 1.0541045 | I15: 1349.02 | J15: 0.5 | K15: =J15/D15 -> 0.018656716 | L15: =((E15+F15)-D15)-J15 -> 0.95 | M15: =L15/D15 -> 0.035447761 | N15: =L15*G15 -> 883.842 | O15: 組合端 | P15: 抓樣不穩 | Q15: 人員冰杓定量手法不穩 | R15: 二配香辣醬蒜味香腸蛋炒飯
A16: 5 | B16: 墨西哥餅皮-原味(8英吋)新 | C16: 375.98 | D16: 7063 | E16: 7063 | F16: 57.14 | G16: 6.58 | H16: =(E16+F16)/D16 -> 1.00809 | I16: 375.98 | J16: 57.14 | K16: =J16/D16 -> 0.0080900467 | L16: =((E16+F16)-D16)-J16 -> 3.2684966e-13 | M16: =L16/D16 -> 4.6276321e-17 | N16: =L16*G16 -> 2.1506708e-12 | O16: 原物料 | P16: 原物料規格 | Q16: 菜梗太硬導致捲的時候破損 | R16: 共用類
A17: 6 | B17: 拌總匯鮪魚沙拉CL(113年) | C17: 342.42 | D17: 74.8 | E17: 74.8 | F17: 7.48 | G17: 114.14 | H17: =(E17+F17)/D17 -> 1.1 | I17: 853.77 | J17: 3 | K17: =J17/D17 -> 0.040106952 | L17: =((E17+F17)-D17)-J17 -> 4.48 | M17: =L17/D17 -> 0.059893048 | N17: =L17*G17 -> 511.3472 | O17: 組合端 | P17: 抓樣不穩 | Q17: 人員冰杓定量手法不穩 | R17: 經典總匯三明治
A18: 7 | B18: 電解消毒混合蔥鹽蔬菜絲 | C18: 303.42 | D18: 51.15 | E18: 51.15 | F18: 5.11 | G18: 118.99 | H18: =(E18+F18)/D18 -> 1.0999022 | I18: 608.04 | J18: 2.55 | K18: =J18/D18 -> 0.049853372 | L18: =((E18+F18)-D18)-J18 -> 2.56 | M18: =L18/D18 -> 0.050048876 | N18: =L18*G18 -> 304.6144 | O18: 組合端 | P18: 抓樣不穩 | Q18: 人員抓樣手感不穩 | R18: 蔥鹽雞肉麵沙拉(114年)
A19: 8 | B19: 蒸海鮮醬(料) | C19: 194.68 | D19: 16.27 | E19: 16.27 | F19: 1.14 | G19: 846.44 | H19: =(E19+F19)/D19 -> 1.0700676 | I19: 964.94 | J19: 0.23 | K19: =J19/D19 -> 0.014136447 | L19: =((E19+F19)-D19)-J19 -> 0.91 | M19: =L19/D19 -> 0.055931162 | N19: =L19*G19 -> 770.2604 | O19: 組合端 | P19: 抓樣不穩 | Q19: 人員冰杓定量手法不穩 | R19: 二配香拌海鮮醬肉絲蛋炒飯
A20: 9 | B20: 油亮蒜味香腸片 | C20: 194.18 | D20: 90.13 | E20: 90.13 | F20: 3.36 | G20: 318.32 | H20: =(E20+F20)/D20 -> 1.0372795 | I20: 1069.56 | J20: 0.61 | K20: =J20/D20 -> 0.0067680018 | L20: =((E20+F20)-D20)-J20 -> 2.75 | M20: =L20/D20 -> 0.030511483 | N20: =L20*G20 -> 875.38 | O20: 組合端 | P20: 抓樣不穩 | Q20: 秤重物料，過多無法剝除 | R20: 二配香辣醬蒜味香腸蛋炒飯
A21: 10 | B21: 蒸鳳梨碎肉 | C21: 194.08 | D21: 35.51 | E21: 35.51 | F21: 3.55 | G21: 194.08 | H21: =(E21+F21)/D21 -> 1.0999718 | I21: 688.98 | J21: 1 | K21: =J21/D21 -> 0.028161081 | L21: =((E21+F21)-D21)-J21 -> 2.55 | M21: =L21/D21 -> 0.071810758 | N21: =L21*G21 -> 494.904 | O21: 組合端 | P21: 抓樣不穩 | Q21: 人員抓樣手感不穩 | R21: 莎莎烤雞麵沙拉
A23: 超用金額前十名半成品
A24: 明細展開 | D24: 生產資訊 | O24: 類別 | P24: 分析原因 (請填寫8大原因) | Q24: 其他原因說明 | R24: 備註-商品名稱
A25: 排序 | B25: 半成品 | D25: 生產端 | J25: 組合端
B26: 名稱 | C26: 超用金額 排序 | D26: 產出量 | J26: 報廢 | M26: 超用
D27: 訂單需求 (kg) | E27: 實際產出 (kg) | F27: 補單 (kg) | G27: 單價 (元) | H27: 實際生產 (對比訂單需求) | I27: 差異 (元) | J27: kg | K27: 占比 | L27: 金額 (元) | M27: kg | N27: 占比
A28: 1 | B28: 鮪魚沙拉(113.05) | C28: 1078.87 | D28: 203.85 | E28: 203.85 | F28: 11.16 | G28: 194.04 | H28: =(E28+F28)/D28 -> 1.0547461 | I28: 2165.49 | J28: 5.6 | K28: =J28/D28 -> 0.02747118 | L28: =J28*G28 -> 1086.624 | M28: =((E28+F28)-D28)-J28 -> 5.56 | N28: =M28/D28 -> 0.027274957 | O28: 組合室 | P28: 抓樣不穩 | Q28: 冰杓定量挖取(使用量上會較起伏)，持續上抽測確認人員使用準確度 | R28: 鮪魚起司溏心蛋三明治
A29: 2 | B29: F-台式特級沙拉醬 | C29: 928.2 | D29: 234.39 | E29: 234.39 | F29: 14.38 | G29: 78 | H29: =(E29+F29)/D29 -> 1.0613507 | I29: 1121.64 | J29: 2.48 | K29: =J29/D29 -> 0.010580656 | L29: =J29*G29 -> 193.44 | M29: =((E29+F29)-D29)-J29 -> 11.9 | N29: =M29/D29 -> 0.050770084 | O29: 組合室 | P29: 抓樣不穩 | Q29: 刮板挖取使用，持續上抽測確認人員使用準確度 | R29: 共用類
A30: 3 | B30: 青檸沙拉醬(113.03) | C30: 903.26 | D30: 155.38 | E30: 155.38 | F30: 8.61 | G30: 127.4 | H30: =(E30+F30)/D30 -> 1.0554125 | I30: 1096.91 | J30: 1.52 | K30: =J30/D30 -> 0.0097824688 | L30: =J30*G30 -> 193.648 | M30: =((E30+F30)-D30)-J30 -> 7.09 | N30: =M30/D30 -> 0.045630068 | O30: 組合室 | P30: 抓樣不穩 | Q30: 冰杓定量挖取(使用量上會較起伏)，持續上抽測確認人員使用準確度 | R30: 共用類
A31: 4 | B31: 蒸基礎風味雞肉絲 | C31: 902.35 | D31: 102.42 | E31: 102.42 | F31: 2.67 | G31: 410.16 | H31: =(E31+F31)/D31 -> 1.0260691 | I31: 1095.13 | J31: 0.47 | K31: =J31/D31 -> 0.0045889475 | L31: =J31*G31 -> 192.7752 | M31: =((E31+F31)-D31)-J31 -> 2.2 | N31: =M31/D31 -> 0.02148018 | O31: 組合室 | P31: 抓樣不穩 | Q31: 秤重物料，過多無法剝除 | R31: 共用類
A32: 5 | B32: 拌總匯雞蛋沙拉CL(112年) | C32: 900.96 | D32: 281.34 | E32: 281.34 | F32: 11.48 | G32: 95.34 | H32: =(E32+F32)/D32 -> 1.0408047 | I32: 1094.5 | J32: 2.03 | K32: =J32/D32 -> 0.0072154688 | L32: =J32*G32 -> 193.5402 | M32: =((E32+F32)-D32)-J32 -> 9.45 | N32: =M32/D32 -> 0.033589251 | O32: 組合室 | P32: 抓樣不穩 | Q32: 冰杓定量挖取(使用量上會較起伏)，持續上抽測確認人員使用準確度 | R32: 共用類
A33: 6 | B33: 蒸鼎泰豐香辣醬 | C33: 883.84 | D33: 26.8 | E33: 27.02 | F33: 1.23 | G33: 930.36 | H33: =(E33+F33)/D33 -> 1.0541045 | I33: 1349.02 | J33: 0.5 | K33: =J33/D33 -> 0.018656716 | L33: =J33*G33 -> 465.18 | M33: =((E33+F33)-D33)-J33 -> 0.95 | N33: =M33/D33 -> 0.035447761 | O33: 組合室 | P33: 抓樣不穩 | Q33: 冰杓定量挖取(使用量上會較起伏)，持續上抽測確認人員使用準確度 | R33: 二配香辣醬蒜味香腸蛋炒飯
A34: 7 | B34: 油亮蒜味香腸片 | C34: 875.38 | D34: 90.13 | E34: 90.13 | F34: 3.36 | G34: 318.32 | H34: =(E34+F34)/D34 -> 1.0372795 | I34: 1069.56 | J34: 0.61 | K34: =J34/D34 -> 0.0067680018 | L34: =J34*G34 -> 194.1752 | M34: =((E34+F34)-D34)-J34 -> 2.75 | N34: =M34/D34 -> 0.030511483 | O34: 組合室 | P34: 抓樣不穩 | Q34: 秤重物料，過多無法剝除 | R34: 二配香辣醬蒜味香腸蛋炒飯
A35: 8 | B35: 親子柴魚風味醬汁(114年) | C35: 875.22 | D35: 267 | E35: 267 | F35: 23.8 | G35: 44.86 | H35: =(E35+F35)/D35 -> 1.0891386 | I35: 1067.67 | J35: 4.29 | K35: =J35/D35 -> 0.016067416 | L35: =J35*G35 -> 192.4494 | M35: =((E35+F35)-D35)-J35 -> 19.51 | N35: =M35/D35 -> 0.073071161 | O35: 組合室 | P35: 抓樣不穩 | Q35: 注餡機使用(機器出料就有落差)，人員持續於線上不定時抽測重量 | R35: 共用類
A36: 9 | B36: 電解消毒十字切美生菜 | C36: 872.98 | D36: 290.76 | E36: 290.76 | F36: 6.8 | G36: 156.73 | H36: =(E36+F36)/D36 -> 1.023387 | I36: 1065.76 | J36: 1.23 | K36: =J36/D36 -> 0.004230293 | L36: =J36*G36 -> 192.7779 | M36: =((E36+F36)-D36)-J36 -> 5.57 | N36: =M36/D36 -> 0.019156693 | O36: 組合室 | P36: 抓樣不穩 | Q36: 原物料特性，梗葉比例重量差異，抓樣不穩 | R36: 共用類
A37: 10 | B37: 鼎泰豐-煮麻婆豆腐(113年) | C37: 872.89 | D37: 339.3 | E37: 339.3 | F37: 7.96 | G37: 133.88 | H37: =(E37+F37)/D37 -> 1.0234601 | I37: 1065.68 | J37: 1.44 | K37: =J37/D37 -> 0.0042440318 | L37: =J37*G37 -> 192.7872 | M37: =((E37+F37)-D37)-J37 -> 6.52 | N37: =M37/D37 -> 0.019216033 | O37: 組合室 | P37: 抓樣不穩 | Q37: 秤重物料，秤重精準度須持續校正 | R37: 二配川味麻婆燒豆腐燴飯
A39: 共用類報廢金額前十名半成品
A40: 明細展開
A41: 排序 | B41: 半成品
B42: 名稱 | C42: 報廢金額 排序 | D42: 共用類總金額 占比
A44: 1 | B44: 義美業務用馬芬堡 | C44: 795.53 | D44: =C44/$L$5 -> 0.11077043
A45: 2 | B45: 青醬優格(113.06) | C45: 603.17 | D45: =C45/$L$5 -> 0.083986026
A46: 3 | B46: 墨西哥餅皮-原味(8英吋)新 | C46: 375.98 | D46: =C46/$L$5 -> 0.052351851
A47: 4 | B47: 調製地瓜泥 | C47: 193.82 | D47: =C47/$L$5 -> 0.026987701
A48: 5 | B48: 切新重煙燻火腿0.9mm | C48: 193.73 | D48: =C48/$L$5 -> 0.026975169
A49: 6 | B49: 青檸沙拉醬(113.03) | C49: 193.65 | D49: =C49/$L$5 -> 0.02696403
A50: 7 | B50: 熟化帶皮黃肉地瓜滾刀7-13g | C50: 193.6 | D50: =C50/$L$5 -> 0.026957068
A51: 8 | B51: 拌總匯雞蛋沙拉CL(112年) | C51: 193.54 | D51: =C51/$L$5 -> 0.026948713
A52: 9 | B52: (V)電解消毒細切紅蘿蔔絲 | C52: 193.5 | D52: =C52/$L$5 -> 0.026943144
A53: 10 | B53: F-台式特級沙拉醬 | C53: 193.44 | D53: =C53/$L$5 -> 0.026934789
A54: ※炊飯類不納入半成品廢棄計算
A56: ※淺黃色為工廠自填項目

Sheet 0824分析標準表 
A1: 新豐廠半成品管理分析
A2: 日期 | C2: 營業額 | D2: 報廢展開 | F2: 超用展開 | H2: 報廢展開 | J2: 超用展開 | L2: 報廢展開
A3: 45893 | C3: 6385967.1 | D3: 總報廢 | F3: 總超用 | H3: 報廢-前10名 | J3: 超用-前10名 | L3: 共用類-總報廢
D4: 金額 | E4: 占比(營業額) | F4: 金額 | G4: 占比(營業額) | H4: 金額 | I4: 占比(總報廢) | J4: 金額 | K4: 占比(總超用) | L4: 金額 | M4: 占比(總報廢)
A5: 年度KPI目標0.25% | D5: 15627.19 | E5: =D5/C3 -> 0.0024471141 | F5: 54615.92 | G5: =F5/C3 -> 0.00855249 | H5: =SUM(C12:C21) -> 4182.57 | I5: =H5/D5 -> 0.26764697 | J5: =SUM(C28:C37) -> 11190.04 | K5: =J5/F5 -> 0.20488605 | L5: 8286.44 | M5: =L5/D5 -> 0.53025784
A7: 報廢金額前十名半成品
A8: 明細展開 | D8: 生產資訊 | O8: 類別 | P8: 分析原因 (請填寫8大原因) | Q8: 其他原因說明 | R8: 備註-商品名稱
A9: 排序 | B9: 半成品 | D9: 生產端 | J9: 組合端
B10: 名稱 | C10: 報廢金額 排序 | D10: 產出量 | J10: 報廢 | L10: 超用
D11: 訂單需求 (kg) | E11: 實際產出 (kg) | F11: 補單 (kg) | G11: 單價 (元) | H11: 實際生產 (對比訂單需求) | I11: 差異 (元) | J11: kg | K11: 占比 | L11: kg | M11: 占比 | N11: 金額 (元)
A12: 1 | B12: 拌總匯雞蛋沙拉CL(112年) | C12: 1208.91 | D12: 273.38 | E12: 273.38 | F12: 26.11 | G12: 95.34 | H12: =(E12+F12)/D12 -> 1.0955081 | I12: 2489.33 | J12: 12.68 | K12: =J12/D12 -> 0.046382325 | L12: =((E12+F12)-D12)-J12 -> 13.43 | M12: =L12/D12 -> 0.049125759 | N12: =L12*G12 -> 1280.4162 | O12: 組合端 | P12: 抓樣不穩 | Q12: 人員冰杓定量手法不穩 | R12: 共用類
A13: 2 | B13: 義美業務用馬芬堡 | C13: 669.44 | D13: 14834 | E13: 14834 | F13: 115.42 | G13: 5.8 | H13: =(E13+F13)/D13 -> 1.0077808 | I13: 669.44 | J13: 115.42 | K13: =J13/D13 -> 0.0077807739 | L13: =((E13+F13)-D13)-J13 -> 0 | M13: =L13/D13 -> 0 | N13: =L13*G13 -> 0 | O13: 組合端 | P13: 其他原因 | Q13: 包材過於貼體 | R13: 共用類
A14: 3 | B14: 鮪魚沙拉(113.05) | C14: 428.83 | D14: 194.64 | E14: 194.64 | F14: 11.1 | G14: 194.04 | H14: =(E14+F14)/D14 -> 1.0570284 | I14: 2153.84 | J14: 2.21 | K14: =J14/D14 -> 0.011354295 | L14: =((E14+F14)-D14)-J14 -> 8.89 | M14: =L14/D14 -> 0.045674065 | N14: =L14*G14 -> 1725.0156 | O14: 組合端 | P14: 抓樣不穩 | Q14: 人員冰杓定量手法不穩 | R14: 鮪魚起司溏心蛋三明治
A15: 4 | B15: 拌總匯鮪魚沙拉CL(113年) | C15: 368.67 | D15: 75.73 | E15: 75.73 | F15: 7.11 | G15: 114.14 | H15: =(E15+F15)/D15 -> 1.0938862 | I15: 811.54 | J15: 3.23 | K15: =J15/D15 -> 0.042651525 | L15: =((E15+F15)-D15)-J15 -> 3.88 | M15: =L15/D15 -> 0.051234649 | N15: =L15*G15 -> 442.8632 | O15: 組合端 | P15: 抓樣不穩 | Q15: 人員冰杓定量手法不穩 | R15: 經典總匯三明治
A16: 5 | B16: (V)電解消毒小黃瓜絲 | C16: 272.64 | D16: 86.5 | E16: 86.5 | F16: 7.77 | G16: 156.69 | H16: =(E16+F16)/D16 -> 1.0898266 | I16: 1217.48 | J16: 1.74 | K16: =J16/D16 -> 0.020115607 | L16: =((E16+F16)-D16)-J16 -> 6.03 | M16: =L16/D16 -> 0.069710983 | N16: =L16*G16 -> 944.8407 | O16: 組合端 | P16: 抓樣不穩 | Q16: 人員抓樣手感不穩 | R16: 共用類
A17: 6 | B17: 日式烤洋蔥絲(114年) | C17: 252.1 | D17: 87.87 | E17: 87.87 | F17: 8.1 | G17: 135.54 | H17: =(E17+F17)/D17 -> 1.0921816 | I17: 1097.87 | J17: 1.86 | K17: =J17/D17 -> 0.021167634 | L17: =((E17+F17)-D17)-J17 -> 6.24 | M17: =L17/D17 -> 0.071013998 | N17: =L17*G17 -> 845.7696 | O17: 組合端 | P17: 抓樣不穩 | Q17: 人員抓樣手感不穩 | R17: 共用類
A18: 7 | B18: 蒸基礎風味雞肉絲 | C18: 246.1 | D18: 103.42 | E18: 103.42 | F18: 3.15 | G18: 410.16 | H18: =(E18+F18)/D18 -> 1.0304583 | I18: 1292 | J18: 0.6 | K18: =J18/D18 -> 0.0058015858 | L18: =((E18+F18)-D18)-J18 -> 2.55 | M18: =L18/D18 -> 0.02465674 | N18: =L18*G18 -> 1045.908 | O18: 組合端 | P18: 抓樣不穩 | Q18: 秤重物料，過多無法剝除 | R18: 共用類
A19: 8 | B19: 蒸海鮮醬(料) | C19: 245.47 | D19: 15.25 | E19: 15.25 | F19: 1.34 | G19: 846.44 | H19: =(E19+F19)/D19 -> 1.0878689 | I19: 1134.23 | J19: 0.29 | K19: =J19/D19 -> 0.019016393 | L19: =((E19+F19)-D19)-J19 -> 1.05 | M19: =L19/D19 -> 0.068852459 | N19: =L19*G19 -> 888.762 | O19: 組合端 | P19: 抓樣不穩 | Q19: 人員冰杓定量手法不穩 | R19: 二配香拌海鮮醬肉絲蛋炒飯
A20: 9 | B20: 炒金鉤蝦肉燥(112年) | C20: 245.3 | D20: 15.3 | E20: 15.3 | F20: 1.53 | G20: 408.83 | H20: =(E20+F20)/D20 -> 1.1 | I20: 625.51 | J20: 0.6 | K20: =J20/D20 -> 0.039215686 | L20: =((E20+F20)-D20)-J20 -> 0.93 | M20: =L20/D20 -> 0.060784314 | N20: =L20*G20 -> 380.2119 | O20: 組合端 | P20: 抓樣不穩 | Q20: 人員冰杓定量手法不穩 | R20: 古早味炒炊粉
A21: 10 | B21: 油亮蒜味香腸片 | C21: 245.11 | D21: 89.69 | E21: 89.69 | F21: 3.96 | G21: 318.32 | H21: =(E21+F21)/D21 -> 1.0441521 | I21: 1260.55 | J21: 0.77 | K21: =J21/D21 -> 0.0085851265 | L21: =((E21+F21)-D21)-J21 -> 3.19 | M21: =L21/D21 -> 0.035566953 | N21: =L21*G21 -> 1015.4408 | O21: 組合端 | P21: 抓樣不穩 | Q21: 秤重物料，過多無法剝除 | R21: 二配香辣醬蒜味香腸蛋炒飯
A23: 超用金額前十名半成品
A24: 明細展開 | D24: 生產資訊 | O24: 類別 | P24: 分析原因 (請填寫8大原因) | Q24: 其他原因說明 | R24: 備註-商品名稱
A25: 排序 | B25: 半成品 | D25: 生產端 | J25: 組合端
B26: 名稱 | C26: 超用金額 排序 | D26: 產出量 | J26: 報廢 | M26: 超用
D27: 訂單需求 (kg) | E27: 實際產出 (kg) | F27: 補單 (kg) | G27: 單價 (元) | H27: 實際生產 (對比訂單需求) | I27: 差異 (元) | J27: kg | K27: 占比 | L27: 金額 (元) | M27: kg | N27: 占比
A28: 1 | B28: 鮪魚沙拉(113.05) | C28: 1725.01 | D28: 194.64 | E28: 194.64 | F28: 11.1 | G28: 194.04 | H28: =(E28+F28)/D28 -> 1.0570284 | I28: 2153.84 | J28: 2.21 | K28: =J28/D28 -> 0.011354295 | L28: =J28*G28 -> 428.8284 | M28: =((E28+F28)-D28)-J28 -> 8.89 | N28: =M28/D28 -> 0.045674065 | O28: 組合室 | P28: 抓樣不穩 | Q28: 冰杓定量挖取(使用量上會較起伏)，持續上抽測確認人員使用準確度 | R28: 鮪魚起司溏心蛋三明治
A29: 2 | B29: 拌總匯雞蛋沙拉CL(112年) | C29: 1280.42 | D29: 273.38 | E29: 273.38 | F29: 26.11 | G29: 95.34 | H29: =(E29+F29)/D29 -> 1.0955081 | I29: 2489.33 | J29: 12.68 | K29: =J29/D29 -> 0.046382325 | L29: =J29*G29 -> 1208.9112 | M29: =((E29+F29)-D29)-J29 -> 13.43 | N29: =M29/D29 -> 0.049125759 | O29: 組合室 | P29: 抓樣不穩 | Q29: 冰杓定量挖取(使用量上會較起伏)，持續上抽測確認人員使用準確度 | R29: 共用類
A30: 3 | B30: F-台式特級沙拉醬 | C30: 1077.96 | D30: 234.01 | E30: 234.01 | F30: 16.96 | G30: 78 | H30: =(E30+F30)/D30 -> 1.0724755 | I30: 1322.88 | J30: 3.14 | K30: =J30/D30 -> 0.01341823 | L30: =J30*G30 -> 244.92 | M30: =((E30+F30)-D30)-J30 -> 13.82 | N30: =M30/D30 -> 0.059057305 | O30: 組合室 | P30: 抓樣不穩 | Q30: 刮板挖取使用，持續上抽測確認人員使用準確度 | R30: 共用類
A31: 4 | B31: 蒸基礎風味雞肉絲 | C31: 1045.9 | D31: 103.42 | E31: 103.42 | F31: 3.15 | G31: 410.16 | H31: =(E31+F31)/D31 -> 1.0304583 | I31: 1292 | J31: 0.6 | K31: =J31/D31 -> 0.0058015858 | L31: =J31*G31 -> 246.096 | M31: =((E31+F31)-D31)-J31 -> 2.55 | N31: =M31/D31 -> 0.02465674 | O31: 組合室 | P31: 抓樣不穩 | Q31: 秤重物料，過多無法剝除 | R31: 共用類
A32: 5 | B32: 青檸沙拉醬(113.03) | C32: 1043.4 | D32: 156.81 | E32: 156.81 | F32: 10.11 | G32: 127.4 | H32: =(E32+F32)/D32 -> 1.0644729 | I32: 1288.01 | J32: 1.92 | K32: =J32/D32 -> 0.012244117 | L32: =J32*G32 -> 244.608 | M32: =((E32+F32)-D32)-J32 -> 8.19 | N32: =M32/D32 -> 0.052228812 | O32: 組合室 | P32: 抓樣不穩 | Q32: 冰杓定量挖取(使用量上會較起伏)，持續上抽測確認人員使用準確度 | R32: 共用類
A33: 6 | B33: 鼎泰豐-煮麻婆豆腐(113年) | C33: 1016.15 | D33: 338.83 | E33: 338.83 | F33: 9.42 | G33: 133.88 | H33: =(E33+F33)/D33 -> 1.0278016 | I33: 1261.15 | J33: 1.83 | K33: =J33/D33 -> 0.0054009385 | L33: =J33*G33 -> 245.0004 | M33: =((E33+F33)-D33)-J33 -> 7.59 | N33: =M33/D33 -> 0.022400614 | O33: 組合室 | P33: 抓樣不穩 | Q33: 秤重物料，秤重精準度須持續校正 | R33: 二配川味麻婆燒豆腐燴飯
A34: 7 | B34: 油亮蒜味香腸片 | C34: 1015.44 | D34: 89.69 | E34: 89.69 | F34: 3.96 | G34: 318.32 | H34: =(E34+F34)/D34 -> 1.0441521 | I34: 1260.55 | J34: 0.77 | K34: =J34/D34 -> 0.0085851265 | L34: =J34*G34 -> 245.1064 | M34: =((E34+F34)-D34)-J34 -> 3.19 | N34: =M34/D34 -> 0.035566953 | O34: 組合室 | P34: 抓樣不穩 | Q34: 秤重物料，過多無法剝除 | R34: 二配香辣醬蒜味香腸蛋炒飯
A35: 8 | B35: 水果莎莎醬(114.06) | C35: 1014.35 | D35: 149.2 | E35: 149.2 | F35: 7.56 | G35: 166.56 | H35: =(E35+F35)/D35 -> 1.0506702 | I35: 1259.19 | J35: 1.47 | K35: =J35/D35 -> 0.0098525469 | L35: =J35*G35 -> 244.8432 | M35: =((E35+F35)-D35)-J35 -> 6.09 | N35: =M35/D35 -> 0.040817694 | O35: 組合室 | P35: 抓樣不穩 | Q35: 冰杓定量挖取(使用量上會較起伏)，持續上抽測確認人員使用準確度 | R35: 莎莎烤雞麵沙拉
A36: 9 | B36: 蒸鼎泰豐香辣醬 | C36: 986.18 | D36: 26.66 | E36: 26.66 | F36: 1.3 | G36: 930.36 | H36: =(E36+F36)/D36 -> 1.0487622 | I36: 1209.47 | J36: 0.24 | K36: =J36/D36 -> 0.0090022506 | L36: =J36*G36 -> 223.2864 | M36: =((E36+F36)-D36)-J36 -> 1.06 | N36: =M36/D36 -> 0.03975994 | O36: 組合室 | P36: 抓樣不穩 | Q36: 冰杓定量挖取(使用量上會較起伏)，持續上抽測確認人員使用準確度 | R36: 二配香辣醬蒜味香腸蛋炒飯
A37: 10 | B37: 溏心洋芋沙拉(113.06) | C37: 985.23 | D37: 355.1 | E37: 355.1 | F37: 11.06 | G37: 111.2 | H37: =(E37+F37)/D37 -> 1.0311462 | I37: 1229.87 | J37: 2.2 | K37: =J37/D37 -> 0.0061954379 | L37: =J37*G37 -> 244.64 | M37: =((E37+F37)-D37)-J37 -> 8.86 | N37: =M37/D37 -> 0.024950718 | O37: 組合室 | P37: 抓樣不穩 | Q37: 冰杓定量挖取(使用量上會較起伏)，持續上抽測確認人員使用準確度 | R37: 溏心蛋洋芋沙拉
A39: 共用類報廢金額前十名半成品
A40: 明細展開
A41: 排序 | B41: 半成品
B42: 名稱 | C42: 報廢金額 排序 | D42: 共用類總金額 占比
A44: 1 | B44: 拌總匯雞蛋沙拉CL(112年) | C44: 1208.91 | D44: =C44/$L$5 -> 0.14589015
A45: 2 | B45: 義美業務用馬芬堡 | C45: 669.44 | D45: =C45/$L$5 -> 0.080787407
A46: 3 | B46: (V)電解消毒小黃瓜絲 | C46: 272.64 | D46: =C46/$L$5 -> 0.032901946
A47: 4 | B47: 日式烤洋蔥絲(114年) | C47: 252.1 | D47: =C47/$L$5 -> 0.030423197
A48: 5 | B48: 蒸基礎風味雞肉絲 | C48: 246.1 | D48: =C48/$L$5 -> 0.029699123
A49: 6 | B49: 調製地瓜泥 | C49: 245.04 | D49: =C49/$L$5 -> 0.029571203
A50: 7 | B50: F-台式特級沙拉醬 | C50: 244.92 | D50: =C50/$L$5 -> 0.029556722
A51: 8 | B51: 酸黃瓜碎(新) | C51: 244.85 | D51: =C51/$L$5 -> 0.029548274
A52: 9 | B52: 電解消毒雙色高麗菜絲(7:3) | C52: 244.83 | D52: =C52/$L$5 -> 0.02954586
A53: 10 | B53: 切新重煙燻火腿0.9mm | C53: 244.82 | D53: =C53/$L$5 -> 0.029544654
A54: ※炊飯類不納入半成品廢棄計算
A56: ※淺黃色為工廠自填項目

Sheet 0823分析標準表 
A1: 新豐廠半成品管理分析
A2: 日期 | C2: 營業額 | D2: 報廢展開 | F2: 超用展開 | H2: 報廢展開 | J2: 超用展開 | L2: 報廢展開
A3: 45892 | C3: 5147138.7 | D3: 總報廢 | F3: 總超用 | H3: 報廢-前10名 | J3: 超用-前10名 | L3: 共用類-總報廢
D4: 金額 | E4: 占比(營業額) | F4: 金額 | G4: 占比(營業額) | H4: 金額 | I4: 占比(總報廢) | J4: 金額 | K4: 占比(總超用) | L4: 金額 | M4: 占比(總報廢)
A5: 年度KPI目標0.25% | D5: 12468.09 | E5: =D5/C3 -> 0.0024223342 | F5: 44152.76 | G5: =F5/C3 -> 0.0085781175 | H5: =SUM(C12:C21) -> 3597.55 | I5: =H5/D5 -> 0.28854059 | J5: =SUM(C28:C37) -> 9252.35 | K5: =J5/F5 -> 0.20955315 | L5: 6270.17 | M5: =L5/D5 -> 0.5028974
A7: 報廢金額前十名半成品
A8: 明細展開 | D8: 生產資訊 | O8: 類別 | P8: 分析原因 (請填寫8大原因) | Q8: 其他原因說明 | R8: 備註-商品名稱
A9: 排序 | B9: 半成品 | D9: 生產端 | J9: 組合端
B10: 名稱 | C10: 報廢金額 排序 | D10: 產出量 | J10: 報廢 | L10: 超用
D11: 訂單需求 (kg) | E11: 實際產出 (kg) | F11: 補單 (kg) | G11: 單價 (元) | H11: 實際生產 (對比訂單需求) | I11: 差異 (元) | J11: kg | K11: 占比 | L11: kg | M11: 占比 | N11: 金額 (元)
A12: 1 | B12: 義美業務用馬芬堡 | C12: 609.58 | D12: 11491 | E12: 11491 | F12: 105.1 | G12: 5.8 | H12: =(E12+F12)/D12 -> 1.0091463 | I12: 609.58 | J12: 105.1 | K12: =J12/D12 -> 0.0091462884 | L12: =((E12+F12)-D12)-J12 -> 3.6948222e-13 | M12: =L12/D12 -> 3.2154053e-17 | N12: =L12*G12 -> 2.1429969e-12 | O12: 組合端 | P12: 其他原因 | Q12: 包材過於貼體 | R12: 共用類
A13: 2 | B13: 青檸沙拉醬(113.03) | C13: 560.56 | D13: 115.44 | E13: 115.44 | F13: 11.48 | G13: 127.4 | H13: =(E13+F13)/D13 -> 1.0994456 | I13: 1462.55 | J13: 4.4 | K13: =J13/D13 -> 0.038115038 | L13: =((E13+F13)-D13)-J13 -> 7.08 | M13: =L13/D13 -> 0.061330561 | N13: =L13*G13 -> 901.992 | O13: 組合端 | P13: 抓樣不穩 | Q13: 人員冰杓定量手法不穩 | R13: 共用類
A14: 3 | B14: 烤鹹蛋黃碎 | C14: 454.61 | D14: 10.58 | E14: 10.58 | F14: 1.05 | G14: 1567.63 | H14: =(E14+F14)/D14 -> 1.0992439 | I14: 1646.01 | J14: 0.29 | K14: =J14/D14 -> 0.027410208 | L14: =((E14+F14)-D14)-J14 -> 0.76 | M14: =L14/D14 -> 0.071833648 | N14: =L14*G14 -> 1191.3988 | O14: 組合端 | P14: 抓樣不穩 | Q14: 人員抓樣手感不穩 | R14: 二配美味蟹煲
A15: 4 | B15: 墨西哥餅皮-原味(8英吋)新 | C15: 411.12 | D15: 5247 | E15: 5247 | F15: 62.48 | G15: 6.58 | H15: =(E15+F15)/D15 -> 1.0119078 | I15: 411.12 | J15: 62.48 | K15: =J15/D15 -> 0.011907757 | L15: =((E15+F15)-D15)-J15 -> -4.3343107e-13 | M15: =L15/D15 -> -8.2605502e-17 | N15: =L15*G15 -> -2.8519764e-12 | O15: 原物料 | P15: 原物料規格 | Q15: 菜梗太硬導致捲的時候破損 | R15: 共用類
A16: 5 | B16: 拌芥末雞蛋沙拉(114.07) | C16: 350.29 | D16: 198.3 | E16: 198.3 | F16: 12.4 | G16: 147.8 | H16: =(E16+F16)/D16 -> 1.0625315 | I16: 1832.72 | J16: 2.37 | K16: =J16/D16 -> 0.011951589 | L16: =((E16+F16)-D16)-J16 -> 10.03 | M16: =L16/D16 -> 0.050579929 | N16: =L16*G16 -> 1482.434 | O16: 組合端 | P16: 抓樣不穩 | Q16: 人員冰杓定量手法不穩 | R16: 日式芥末蛋沙拉三明治
A17: 6 | B17: 奶油霜(火腿起司) | C17: 336.71 | D17: 62.17 | E17: 62.17 | F17: 6.16 | G17: 194.63 | H17: =(E17+F17)/D17 -> 1.0990832 | I17: 1198.92 | J17: 1.73 | K17: =J17/D17 -> 0.027826926 | L17: =((E17+F17)-D17)-J17 -> 4.43 | M17: =L17/D17 -> 0.071256233 | N17: =L17*G17 -> 862.2109 | O17: 組合端 | P17: 抓樣不穩 | Q17: 刮板挖取使用，持續上抽測確認人員使用準確度 | R17: 火腿起司蛋三明治
A18: 7 | B18: 炒辛口馬鈴薯丁(112年) | C18: 264.95 | D18: 50.94 | E18: 50.94 | F18: 5.03 | G18: 124.39 | H18: =(E18+F18)/D18 -> 1.0987436 | I18: 625.68 | J18: 2.13 | K18: =J18/D18 -> 0.041813899 | L18: =((E18+F18)-D18)-J18 -> 2.9 | M18: =L18/D18 -> 0.056929721 | N18: =L18*G18 -> 360.731 | O18: 原物料 | P18: 原物料規格 | Q18: 原物料製程未過篩，調理製程後較細碎 | R18: 二配金咖哩濃厚辛辣咖哩飯
A19: 8 | B19: 溏心洋芋沙拉(113.06) | C19: 233.52 | D19: 283.5 | E19: 283.5 | F19: 11.22 | G19: 111.2 | H19: =(E19+F19)/D19 -> 1.0395767 | I19: 1247.66 | J19: 2.1 | K19: =J19/D19 -> 0.0074074074 | L19: =((E19+F19)-D19)-J19 -> 9.12 | M19: =L19/D19 -> 0.032169312 | N19: =L19*G19 -> 1014.144 | O19: 組合端 | P19: 抓樣不穩 | Q19: 人員冰杓定量手法不穩 | R19: 溏心蛋洋芋沙拉
A20: 9 | B20: 義美4吋無芝麻漢堡 | C20: 204.12 | D20: 5925 | E20: 5925 | F20: 47.47 | G20: 4.3 | H20: =(E20+F20)/D20 -> 1.0080118 | I20: 204.12 | J20: 47.47 | K20: =J20/D20 -> 0.0080118143 | L20: =((E20+F20)-D20)-J20 -> 2.5579538e-13 | M20: =L20/D20 -> 4.3172217e-17 | N20: =L20*G20 -> 1.0999202e-12 | O20: 組合端 | P20: 其他原因 | Q20: 包材過於貼體 | R20: 共用類
A21: 10 | B21: 電解消毒蔥花 | C21: 172.09 | D21: 22.68 | E21: 22.68 | F21: 2.14 | G21: 232.55 | H21: =(E21+F21)/D21 -> 1.0943563 | I21: 497.66 | J21: 0.74 | K21: =J21/D21 -> 0.032627866 | L21: =((E21+F21)-D21)-J21 -> 1.4 | M21: =L21/D21 -> 0.061728395 | N21: =L21*G21 -> 325.57 | O21: 組合端 | P21: 抓樣不穩 | Q21: 人員抓樣手感不穩 | R21: 共用類
A23: 超用金額前十名半成品
A24: 明細展開 | D24: 生產資訊 | O24: 類別 | P24: 分析原因 (請填寫8大原因) | Q24: 其他原因說明 | R24: 備註-商品名稱
A25: 排序 | B25: 半成品 | D25: 生產端 | J25: 組合端
B26: 名稱 | C26: 超用金額 排序 | D26: 產出量 | J26: 報廢 | M26: 超用
D27: 訂單需求 (kg) | E27: 實際產出 (kg) | F27: 補單 (kg) | G27: 單價 (元) | H27: 實際生產 (對比訂單需求) | I27: 差異 (元) | J27: kg | K27: 占比 | L27: 金額 (元) | M27: kg | N27: 占比
A28: 1 | B28: 拌芥末雞蛋沙拉(114.07) | C28: 1482.43 | D28: 198.3 | E28: 198.3 | F28: 12.4 | G28: 147.8 | H28: =(E28+F28)/D28 -> 1.0625315 | I28: 1832.72 | J28: 2.37 | K28: =J28/D28 -> 0.011951589 | L28: =J28*G28 -> 350.286 | M28: =((E28+F28)-D28)-J28 -> 10.03 | N28: =M28/D28 -> 0.050579929 | O28: 組合室 | P28: 抓樣不穩 | Q28: 冰杓定量挖取(使用量上會較起伏)，持續上抽測確認人員使用準確度 | R28: 日式芥末蛋沙拉三明治
A29: 2 | B29: 烤鹹蛋黃碎 | C29: 1191.4 | D29: 10.58 | E29: 10.58 | F29: 1.05 | G29: 1567.63 | H29: =(E29+F29)/D29 -> 1.0992439 | I29: 1646.01 | J29: 0.29 | K29: =J29/D29 -> 0.027410208 | L29: =J29*G29 -> 454.6127 | M29: =((E29+F29)-D29)-J29 -> 0.76 | N29: =M29/D29 -> 0.071833648 | O29: 組合端 | P29: 抓樣不穩 | Q29: 人員抓樣手感不穩 | R29: 二配美味蟹煲
A30: 3 | B30: 溏心洋芋沙拉(113.06) | C30: 1014.14 | D30: 283.5 | E30: 283.5 | F30: 11.22 | G30: 111.2 | H30: =(E30+F30)/D30 -> 1.0395767 | I30: 1247.66 | J30: 2.1 | K30: =J30/D30 -> 0.0074074074 | L30: =J30*G30 -> 233.52 | M30: =((E30+F30)-D30)-J30 -> 9.12 | N30: =M30/D30 -> 0.032169312 | O30: 組合室 | P30: 抓樣不穩 | Q30: 冰杓定量挖取(使用量上會較起伏)，持續上抽測確認人員使用準確度 | R30: 溏心蛋洋芋沙拉
A31: 4 | B31: 青檸沙拉醬(113.03) | C31: 901.99 | D31: 115.44 | E31: 115.44 | F31: 11.48 | G31: 127.4 | H31: =(E31+F31)/D31 -> 1.0994456 | I31: 1462.55 | J31: 4.4 | K31: =J31/D31 -> 0.038115038 | L31: =J31*G31 -> 560.56 | M31: =((E31+F31)-D31)-J31 -> 7.08 | N31: =M31/D31 -> 0.061330561 | O31: 組合室 | P31: 抓樣不穩 | Q31: 冰杓定量挖取(使用量上會較起伏)，持續上抽測確認人員使用準確度 | R31: 共用類
A32: 5 | B32: 奶油霜(火腿起司) | C32: 862.21 | D32: 62.17 | E32: 62.17 | F32: 6.16 | G32: 194.63 | H32: =(E32+F32)/D32 -> 1.0990832 | I32: 1198.92 | J32: 1.73 | K32: =J32/D32 -> 0.027826926 | L32: =J32*G32 -> 336.7099 | M32: =((E32+F32)-D32)-J32 -> 4.43 | N32: =M32/D32 -> 0.071256233 | O32: 組合室 | P32: 抓樣不穩 | Q32: 冰杓定量挖取(使用量上會較起伏)，持續上抽測確認人員使用準確度 | R32: 火腿起司蛋三明治
A33: 6 | B33: F-台式特級沙拉醬 | C33: 790.14 | D33: 158.82 | E33: 158.82 | F33: 12.26 | G33: 78 | H33: =(E33+F33)/D33 -> 1.0771943 | I33: 956.28 | J33: 2.13 | K33: =J33/D33 -> 0.013411409 | L33: =J33*G33 -> 166.14 | M33: =((E33+F33)-D33)-J33 -> 10.13 | N33: =M33/D33 -> 0.063782899 | O33: 組合室 | P33: 抓樣不穩 | Q33: 刮板挖取使用，持續上抽測確認人員使用準確度 | R33: 共用類
A34: 7 | B34: 拌總匯雞蛋沙拉CL(112年) | C34: 763.68 | D34: 178.26 | E34: 178.26 | F34: 9.75 | G34: 95.34 | H34: =(E34+F34)/D34 -> 1.0546954 | I34: 929.57 | J34: 1.74 | K34: =J34/D34 -> 0.0097610232 | L34: =J34*G34 -> 165.8916 | M34: =((E34+F34)-D34)-J34 -> 8.01 | N34: =M34/D34 -> 0.044934366 | O34: 組合室 | P34: 抓樣不穩 | Q34: 冰杓定量挖取(使用量上會較起伏)，持續上抽測確認人員使用準確度 | R34: 共用類
A35: 8 | B35: 蒸基礎風味雞肉絲 | C35: 758.8 | D35: 77.32 | E35: 77.32 | F35: 2.25 | G35: 410.16 | H35: =(E35+F35)/D35 -> 1.0290998 | I35: 922.86 | J35: 0.4 | K35: =J35/D35 -> 0.0051733057 | L35: =J35*G35 -> 164.064 | M35: =((E35+F35)-D35)-J35 -> 1.85 | N35: =M35/D35 -> 0.023926539 | O35: 組合室 | P35: 抓樣不穩 | Q35: 秤重物料，過多無法剝除 | R35: 共用類
A36: 9 | B36: 水果莎莎醬(114.06) | C36: 744.52 | D36: 116.8 | E36: 116.8 | F36: 5.47 | G36: 166.56 | H36: =(E36+F36)/D36 -> 1.0468322 | I36: 911.08 | J36: 1 | K36: =J36/D36 -> 0.0085616438 | L36: =J36*G36 -> 166.56 | M36: =((E36+F36)-D36)-J36 -> 4.47 | N36: =M36/D36 -> 0.038270548 | O36: 組合室 | P36: 抓樣不穩 | Q36: 冰杓定量挖取(使用量上會較起伏)，持續上抽測確認人員使用準確度 | R36: 莎莎烤雞麵沙拉
A37: 10 | B37: 鼎泰豐-煮麻婆豆腐(113年) | C37: 743.04 | D37: 320.11 | E37: 320.11 | F37: 6.79 | G37: 133.88 | H37: =(E37+F37)/D37 -> 1.0212115 | I37: 909.05 | J37: 1.24 | K37: =J37/D37 -> 0.0038736684 | L37: =J37*G37 -> 166.0112 | M37: =((E37+F37)-D37)-J37 -> 5.55 | N37: =M37/D37 -> 0.01733779 | O37: 組合室 | P37: 抓樣不穩 | Q37: 秤重物料，秤重精準度須持續校正 | R37: 二配川味麻婆燒豆腐燴飯
A39: 共用類報廢金額前十名半成品
A40: 明細展開
A41: 排序 | B41: 半成品
B42: 名稱 | C42: 報廢金額 排序 | D42: 共用類總金額 占比
A44: 1 | B44: 義美業務用馬芬堡 | C44: 609.58 | D44: =C44/$L$5 -> 0.097219055
A45: 2 | B45: 青檸沙拉醬(113.03) | C45: 560.56 | D45: =C45/$L$5 -> 0.089401085
A46: 3 | B46: 墨西哥餅皮-原味(8英吋)新 | C46: 411.12 | D46: =C46/$L$5 -> 0.0655676
A47: 4 | B47: 義美4吋無芝麻漢堡 | C47: 204.12 | D47: =C47/$L$5 -> 0.032554141
A48: 5 | B48: 電解消毒蔥花 | C48: 172.09 | D48: =C48/$L$5 -> 0.027445827
A49: 6 | B49: 電解消毒美生菜(三明治用) | C49: 166.87 | D49: =C49/$L$5 -> 0.026613314
A50: 7 | B50: (V)電解消毒紫高麗菜絲 | C50: 166.35 | D50: =C50/$L$5 -> 0.026530381
A51: 8 | B51: 蒸紫米薏仁 | C51: 166.22 | D51: =C51/$L$5 -> 0.026509648
A52: 9 | B52: 電解消毒切段美生菜2-3cm | C52: 166.14 | D52: =C52/$L$5 -> 0.026496889
A53: 10 | B53: F-台式特級沙拉醬 | C53: 166.14 | D53: =C53/$L$5 -> 0.026496889
A54: ※炊飯類不納入半成品廢棄計算
A56: ※淺黃色為工廠自填項目

Sheet 0822分析標準表 
A1: 新豐廠半成品管理分析
A2: 日期 | C2: 營業額 | D2: 報廢展開 | F2: 超用展開 | H2: 報廢展開 | J2: 超用展開 | L2: 報廢展開
A3: 45891 | C3: 4909451 | D3: 總報廢 | F3: 總超用 | H3: 報廢-前10名 | J3: 超用-前10名 | L3: 共用類-總報廢
D4: 金額 | E4: 占比(營業額) | F4: 金額 | G4: 占比(營業額) | H4: 金額 | I4: 占比(總報廢) | J4: 金額 | K4: 占比(總超用) | L4: 金額 | M4: 占比(總報廢)
A5: 年度KPI目標0.25% | D5: 11842.7 | E5: =D5/C3 -> 0.0024122249 | F5: 42159.59 | G5: =F5/C3 -> 0.0085874348 | H5: =SUM(C12:C21) -> 3010.82 | I5: =H5/D5 -> 0.25423425 | J5: =SUM(C28:C37) -> 9001.06 | K5: =J5/F5 -> 0.2134997 | L5: 6480.14 | M5: =L5/D5 -> 0.54718434
A7: 報廢金額前十名半成品
A8: 明細展開 | D8: 生產資訊 | O8: 類別 | P8: 分析原因 (請填寫8大原因) | Q8: 其他原因說明 | R8: 備註-商品名稱
A9: 排序 | B9: 半成品 | D9: 生產端 | J9: 組合端
B10: 名稱 | C10: 報廢金額 排序 | D10: 產出量 | J10: 報廢 | L10: 超用
D11: 訂單需求 (kg) | E11: 實際產出 (kg) | F11: 補單 (kg) | G11: 單價 (元) | H11: 實際生產 (對比訂單需求) | I11: 差異 (元) | J11: kg | K11: 占比 | L11: kg | M11: 占比 | N11: 金額 (元)
A12: 1 | B12: 青檸沙拉醬(113.03) | C12: 538.9 | D12: 112.57 | E12: 112.57 | F12: 11.23 | G12: 127.4 | H12: =(E12+F12)/D12 -> 1.0997601 | I12: 1430.7 | J12: 4.23 | K12: =J12/D12 -> 0.037576619 | L12: =((E12+F12)-D12)-J12 -> 7 | M12: =L12/D12 -> 0.06218353 | N12: =L12*G12 -> 891.8 | O12: 組合端 | P12: 抓樣不穩 | Q12: 人員冰杓定量手法不穩 | R12: 共用類
A13: 2 | B13: 義美業務用馬芬堡 | C13: 490.97 | D13: 11197 | E13: 11197 | F13: 84.65 | G13: 5.8 | H13: =(E13+F13)/D13 -> 1.0075601 | I13: 490.97 | J13: 84.65 | K13: =J13/D13 -> 0.0075600607 | L13: =((E13+F13)-D13)-J13 -> -3.6948222e-13 | M13: =L13/D13 -> -3.2998323e-17 | N13: =L13*G13 -> -2.1429969e-12 | O13: 組合端 | P13: 其他原因 | Q13: 包材過於貼體 | R13: 共用類
A14: 3 | B14: 拌總匯雞蛋沙拉CL(112年) | C14: 434.75 | D14: 181.79 | E14: 181.79 | F14: 18.13 | G14: 95.34 | H14: =(E14+F14)/D14 -> 1.0997305 | I14: 1728.51 | J14: 4.56 | K14: =J14/D14 -> 0.025083888 | L14: =((E14+F14)-D14)-J14 -> 13.57 | M14: =L14/D14 -> 0.07464657 | N14: =L14*G14 -> 1293.7638 | O14: 組合端 | P14: 抓樣不穩 | Q14: 人員冰杓定量手法不穩 | R14: 共用類
A15: 4 | B15: 電解消毒十字切美生菜 | C15: 388.69 | D15: 201.92 | E15: 201.92 | F15: 13.39 | G15: 156.73 | H15: =(E15+F15)/D15 -> 1.0663134 | I15: 2098.61 | J15: 2.48 | K15: =J15/D15 -> 0.012282092 | L15: =((E15+F15)-D15)-J15 -> 10.91 | M15: =L15/D15 -> 0.0540313 | N15: =L15*G15 -> 1709.9243 | O15: 原物料 | P15: 原物料規格 | Q15: 原物料特性，梗葉比例重量差異大 | R15: 共用類
A16: 5 | B16: 墨西哥餅皮-原味(8英吋)新 | C16: 278.4 | D16: 5117 | E16: 5117 | F16: 42.31 | G16: 6.58 | H16: =(E16+F16)/D16 -> 1.0082685 | I16: 278.4 | J16: 42.31 | K16: =J16/D16 -> 0.0082685167 | L16: =((E16+F16)-D16)-J16 -> 3.9790393e-13 | M16: =L16/D16 -> 7.7761175e-17 | N16: =L16*G16 -> 2.6182079e-12 | O16: 原物料 | P16: 原物料規格 | Q16: 菜梗太硬導致捲的時候破損 | R16: 共用類
A17: 6 | B17: 炒辛口紅蘿蔔丁(112年) | C17: 227.05 | D17: 53.64 | E17: 53.64 | F17: 5.36 | G17: 90.1 | H17: =(E17+F17)/D17 -> 1.0999254 | I17: 482.94 | J17: 2.52 | K17: =J17/D17 -> 0.046979866 | L17: =((E17+F17)-D17)-J17 -> 2.84 | M17: =L17/D17 -> 0.052945563 | N17: =L17*G17 -> 255.884 | O17: 原物料 | P17: 原物料規格 | Q17: 原物料製程未過篩，調理製程後較細碎 | R17: 二配金咖哩濃厚辛辣咖哩飯
A18: 7 | B18: 炒金鉤蝦肉燥(112年) | C18: 163.53 | D18: 11.28 | E18: 11.28 | F18: 1.12 | G18: 408.83 | H18: =(E18+F18)/D18 -> 1.0992908 | I18: 457.89 | J18: 0.4 | K18: =J18/D18 -> 0.035460993 | L18: =((E18+F18)-D18)-J18 -> 0.72 | M18: =L18/D18 -> 0.063829787 | N18: =L18*G18 -> 294.3576 | O18: 組合端 | P18: 抓樣不穩 | Q18: 人員抓樣手感不穩 | R18: 古早味炒炊粉
A19: 8 | B19: 炒素鬆(新豐113.04) | C19: 162.94 | D19: 31.58 | E19: 31.58 | F19: 2.72 | G19: 271.57 | H19: =(E19+F19)/D19 -> 1.0861305 | I19: 738.67 | J19: 0.6 | K19: =J19/D19 -> 0.018999367 | L19: =((E19+F19)-D19)-J19 -> 2.12 | M19: =L19/D19 -> 0.067131096 | N19: =L19*G19 -> 575.7284 | O19: 組合端 | P19: 抓樣不穩 | Q19: 人員冰杓定量手法不穩 | R19: 共用類
A20: 9 | B20: 電解消毒美生菜(三明治用) | C20: 162.8 | D20: 65.72 | E20: 65.72 | F20: 4.04 | G20: 203.5 | H20: =(E20+F20)/D20 -> 1.0614729 | I20: 822.14 | J20: 0.8 | K20: =J20/D20 -> 0.012172855 | L20: =((E20+F20)-D20)-J20 -> 3.24 | M20: =L20/D20 -> 0.049300061 | N20: =L20*G20 -> 659.34 | O20: 原物料 | P20: 原物料規格 | Q20: 原物料特性，梗葉比例重量差異大 | R20: 共用類
A21: 10 | B21: 電解消毒蔥花 | C21: 162.79 | D21: 19.75 | E21: 19.75 | F21: 1.97 | G21: 232.55 | H21: =(E21+F21)/D21 -> 1.0997468 | I21: 458.12 | J21: 0.7 | K21: =J21/D21 -> 0.035443038 | L21: =((E21+F21)-D21)-J21 -> 1.27 | M21: =L21/D21 -> 0.064303797 | N21: =L21*G21 -> 295.3385 | O21: 組合端 | P21: 抓樣不穩 | Q21: 人員抓樣手感不穩 | R21: 共用類
A23: 超用金額前十名半成品
A24: 明細展開 | D24: 生產資訊 | O24: 類別 | P24: 分析原因 (請填寫8大原因) | Q24: 其他原因說明 | R24: 備註-商品名稱
A25: 排序 | B25: 半成品 | D25: 生產端 | J25: 組合端
B26: 名稱 | C26: 超用金額 排序 | D26: 產出量 | J26: 報廢 | M26: 超用
D27: 訂單需求 (kg) | E27: 實際產出 (kg) | F27: 補單 (kg) | G27: 單價 (元) | H27: 實際生產 (對比訂單需求) | I27: 差異 (元) | J27: kg | K27: 占比 | L27: 金額 (元) | M27: kg | N27: 占比
A28: 1 | B28: 電解消毒十字切美生菜 | C28: 1709.92 | D28: 201.92 | E28: 201.92 | F28: 13.39 | G28: 156.73 | H28: =(E28+F28)/D28 -> 1.0663134 | I28: 2098.61 | J28: 2.48 | K28: =J28/D28 -> 0.012282092 | L28: =J28*G28 -> 388.6904 | M28: =((E28+F28)-D28)-J28 -> 10.91 | N28: =M28/D28 -> 0.0540313 | O28: 組合室 | P28: 抓樣不穩 | Q28: 原物料特性，梗葉比例重量差異，抓樣不穩 | R28: 共用類
A29: 2 | B29: 拌總匯雞蛋沙拉CL(112年) | C29: 1293.76 | D29: 181.79 | E29: 181.79 | F29: 18.13 | G29: 95.34 | H29: =(E29+F29)/D29 -> 1.0997305 | I29: 1728.51 | J29: 4.56 | K29: =J29/D29 -> 0.025083888 | L29: =J29*G29 -> 434.7504 | M29: =((E29+F29)-D29)-J29 -> 13.57 | N29: =M29/D29 -> 0.07464657 | O29: 組合室 | P29: 抓樣不穩 | Q29: 冰杓定量挖取(使用量上會較起伏)，持續上抽測確認人員使用準確度 | R29: 共用類
A30: 3 | B30: 青檸沙拉醬(113.03) | C30: 891.8 | D30: 112.57 | E30: 112.57 | F30: 11.23 | G30: 127.4 | H30: =(E30+F30)/D30 -> 1.0997601 | I30: 1430.7 | J30: 4.23 | K30: =J30/D30 -> 0.037576619 | L30: =J30*G30 -> 538.902 | M30: =((E30+F30)-D30)-J30 -> 7 | N30: =M30/D30 -> 0.06218353 | O30: 組合室 | P30: 抓樣不穩 | Q30: 冰杓定量挖取(使用量上會較起伏)，持續上抽測確認人員使用準確度 | R30: 共用類
A31: 4 | B31: 蒸鼎泰豐香辣醬 | C31: 772.2 | D31: 20.58 | E31: 20.58 | F31: 0.99 | G31: 930.36 | H31: =(E31+F31)/D31 -> 1.048105 | I31: 921.06 | J31: 0.16 | K31: =J31/D31 -> 0.0077745384 | L31: =J31*G31 -> 148.8576 | M31: =((E31+F31)-D31)-J31 -> 0.83 | N31: =M31/D31 -> 0.040330418 | O31: 組合室 | P31: 抓樣不穩 | Q31: 冰杓定量挖取(使用量上會較起伏)，持續上抽測確認人員使用準確度 | R31: 二配香辣醬蒜味香腸蛋炒飯
A32: 5 | B32: F-台式特級沙拉醬 | C32: 755.82 | D32: 161.15 | E32: 161.15 | F32: 11.76 | G32: 78 | H32: =(E32+F32)/D32 -> 1.0729755 | I32: 917.28 | J32: 2.07 | K32: =J32/D32 -> 0.012845175 | L32: =J32*G32 -> 161.46 | M32: =((E32+F32)-D32)-J32 -> 9.69 | N32: =M32/D32 -> 0.060130313 | O32: 組合室 | P32: 抓樣不穩 | Q32: 刮板挖取使用，持續上抽測確認人員使用準確度 | R32: 共用類
A33: 6 | B33: 蒸基礎風味雞肉絲 | C33: 725.99 | D33: 76.96 | E33: 76.96 | F33: 2.16 | G33: 410.16 | H33: =(E33+F33)/D33 -> 1.0280665 | I33: 885.95 | J33: 0.39 | K33: =J33/D33 -> 0.0050675676 | L33: =J33*G33 -> 159.9624 | M33: =((E33+F33)-D33)-J33 -> 1.77 | N33: =M33/D33 -> 0.02299896 | O33: 組合室 | P33: 抓樣不穩 | Q33: 秤重物料，過多無法剝除 | R33: 共用類
A34: 7 | B34: 親子柴魚風味醬汁(114年) | C34: 713.73 | D34: 209.92 | E34: 209.92 | F34: 19.52 | G34: 44.86 | H34: =(E34+F34)/D34 -> 1.0929878 | I34: 875.67 | J34: 3.61 | K34: =J34/D34 -> 0.017197027 | L34: =J34*G34 -> 161.9446 | M34: =((E34+F34)-D34)-J34 -> 15.91 | N34: =M34/D34 -> 0.075790777 | O34: 組合室 | P34: 抓樣不穩 | Q34: 注餡機使用(機器出料就有落差)，人員持續於線上不定時抽測重量 | R34: 共用類
A35: 8 | B35: 鼎泰豐-煮麻婆豆腐(113年) | C35: 713.59 | D35: 265.2 | E35: 265.2 | F35: 6.54 | G35: 133.88 | H35: =(E35+F35)/D35 -> 1.0246606 | I35: 875.58 | J35: 1.21 | K35: =J35/D35 -> 0.0045625943 | L35: =J35*G35 -> 161.9948 | M35: =((E35+F35)-D35)-J35 -> 5.33 | N35: =M35/D35 -> 0.020098039 | O35: 組合室 | P35: 抓樣不穩 | Q35: 秤重物料，秤重精準度須持續校正 | R35: 二配川味麻婆燒豆腐燴飯
A36: 9 | B36: 油亮蒜味香腸片 | C36: 713.04 | D36: 69.23 | E36: 69.23 | F36: 2.75 | G36: 318.32 | H36: =(E36+F36)/D36 -> 1.0397227 | I36: 875.38 | J36: 0.51 | K36: =J36/D36 -> 0.0073667485 | L36: =J36*G36 -> 162.3432 | M36: =((E36+F36)-D36)-J36 -> 2.24 | N36: =M36/D36 -> 0.032355915 | O36: 組合室 | P36: 抓樣不穩 | Q36: 秤重物料，過多無法剝除 | R36: 二配香辣醬蒜味香腸蛋炒飯
A37: 10 | B37: 水果莎莎醬(114.06) | C37: 711.21 | D37: 110.4 | E37: 110.4 | F37: 5.24 | G37: 166.56 | H37: =(E37+F37)/D37 -> 1.0474638 | I37: 872.77 | J37: 0.97 | K37: =J37/D37 -> 0.0087862319 | L37: =J37*G37 -> 161.5632 | M37: =((E37+F37)-D37)-J37 -> 4.27 | N37: =M37/D37 -> 0.038677536 | O37: 組合室 | P37: 抓樣不穩 | Q37: 冰杓定量挖取(使用量上會較起伏)，持續上抽測確認人員使用準確度 | R37: 莎莎烤雞麵沙拉
A39: 共用類報廢金額前十名半成品
A40: 明細展開
A41: 排序 | B41: 半成品
B42: 名稱 | C42: 報廢金額 排序 | D42: 共用類總金額 占比
A44: 1 | B44: 青檸沙拉醬(113.03) | C44: 538.9 | D44: =C44/$L$5 -> 0.083161784
A45: 2 | B45: 義美業務用馬芬堡 | C45: 490.97 | D45: =C45/$L$5 -> 0.075765338
A46: 3 | B46: 拌總匯雞蛋沙拉CL(112年) | C46: 434.75 | D46: =C46/$L$5 -> 0.0670896
A47: 4 | B47: 電解消毒十字切美生菜 | C47: 388.69 | D47: =C47/$L$5 -> 0.059981729
A48: 5 | B48: 墨西哥餅皮-原味(8英吋)新 | C48: 278.4 | D48: =C48/$L$5 -> 0.042962035
A49: 6 | B49: 炒素鬆(新豐113.04) | C49: 162.94 | D49: =C49/$L$5 -> 0.025144518
A50: 7 | B50: 電解消毒美生菜(三明治用) | C50: 162.8 | D50: =C50/$L$5 -> 0.025122914
A51: 8 | B51: 電解消毒蔥花 | C51: 162.79 | D51: =C51/$L$5 -> 0.025121371
A52: 9 | B52: 親子丼-滑蛋(114年) | C52: 162 | D52: =C52/$L$5 -> 0.02499946
A53: 10 | B53: 調製地瓜泥 | C53: 161.97 | D53: =C53/$L$5 -> 0.02499483
A54: ※炊飯類不納入半成品廢棄計算
A56: ※淺黃色為工廠自填項目

Sheet 0821分析標準表 
A1: 新豐廠半成品管理分析
A2: 日期 | C2: 營業額 | D2: 報廢展開 | F2: 超用展開 | H2: 報廢展開 | J2: 超用展開 | L2: 報廢展開
A3: 45890 | C3: 5963895.7 | D3: 總報廢 | F3: 總超用 | H3: 報廢-前10名 | J3: 超用-前10名 | L3: 共用類-總報廢
D4: 金額 | E4: 占比(營業額) | F4: 金額 | G4: 占比(營業額) | H4: 金額 | I4: 占比(總報廢) | J4: 金額 | K4: 占比(總超用) | L4: 金額 | M4: 占比(總報廢)
A5: 年度KPI目標0.25% | D5: 14483.7 | E5: =D5/C3 -> 0.0024285636 | F5: 51116.98 | G5: =F5/C3 -> 0.0085710722 | H5: =SUM(C12:C21) -> 4221.63 | I5: =H5/D5 -> 0.29147455 | J5: =SUM(C28:C37) -> 11496.08 | K5: =J5/F5 -> 0.22489748 | L5: 6589.54 | M5: =L5/D5 -> 0.45496248
A7: 報廢金額前十名半成品
A8: 明細展開 | D8: 生產資訊 | O8: 類別 | P8: 分析原因 (請填寫8大原因) | Q8: 其他原因說明 | R8: 備註-商品名稱
A9: 排序 | B9: 半成品 | D9: 生產端 | J9: 組合端
B10: 名稱 | C10: 報廢金額 排序 | D10: 產出量 | J10: 報廢 | L10: 超用
D11: 訂單需求 (kg) | E11: 實際產出 (kg) | F11: 補單 (kg) | G11: 單價 (元) | H11: 實際生產 (對比訂單需求) | I11: 差異 (元) | J11: kg | K11: 占比 | L11: kg | M11: 占比 | N11: 金額 (元)
A12: 1 | B12: 鮪魚沙拉(113.05) | C12: 1051.7 | D12: 179.55 | E12: 179.55 | F12: 17.03 | G12: 194.04 | H12: =(E12+F12)/D12 -> 1.0948482 | I12: 3304.5 | J12: 5.42 | K12: =J12/D12 -> 0.030186578 | L12: =((E12+F12)-D12)-J12 -> 11.61 | M12: =L12/D12 -> 0.064661654 | N12: =L12*G12 -> 2252.8044 | O12: 組合端 | P12: 抓樣不穩 | Q12: 人員冰杓定量手法不穩 | R12: 鮪魚起司溏心蛋三明治
A13: 2 | B13: 水果莎莎醬(114.06) | C13: 679.56 | D13: 131.88 | E13: 131.88 | F13: 13.1 | G13: 166.56 | H13: =(E13+F13)/D13 -> 1.0993327 | I13: 2181.94 | J13: 4.08 | K13: =J13/D13 -> 0.030937216 | L13: =((E13+F13)-D13)-J13 -> 9.02 | M13: =L13/D13 -> 0.068395511 | N13: =L13*G13 -> 1502.3712 | O13: 組合端 | P13: 抓樣不穩 | Q13: 人員冰杓定量手法不穩 | R13: 莎莎烤雞麵沙拉
A14: 3 | B14: 義美業務用馬芬堡 | C14: 519.27 | D14: 14286 | E14: 14286 | F14: 89.53 | G14: 5.8 | H14: =(E14+F14)/D14 -> 1.006267 | I14: 519.27 | J14: 89.53 | K14: =J14/D14 -> 0.0062669747 | L14: =((E14+F14)-D14)-J14 -> 6.5369932e-13 | M14: =L14/D14 -> 4.5758037e-17 | N14: =L14*G14 -> 3.791456e-12 | O14: 組合端 | P14: 其他原因 | Q14: 包材過於貼體 | R14: 共用類
A15: 4 | B15: 拌總匯鮪魚沙拉CL(113年) | C15: 463.41 | D15: 66.06 | E15: 66.06 | F15: 11.38 | G15: 114.14 | H15: =(E15+F15)/D15 -> 1.1722676 | I15: 1298.91 | J15: 4.06 | K15: =J15/D15 -> 0.061459279 | L15: =((E15+F15)-D15)-J15 -> 7.32 | M15: =L15/D15 -> 0.11080836 | N15: =L15*G15 -> 835.5048 | O15: 組合端 | P15: 抓樣不穩 | Q15: 人員冰杓定量手法不穩 | R15: 經典總匯三明治
A16: 5 | B16: 墨西哥餅皮-原味(8英吋)新 | C16: 383.61 | D16: 6215 | E16: 6215 | F16: 58.3 | G16: 6.58 | H16: =(E16+F16)/D16 -> 1.0093805 | I16: 383.61 | J16: 58.3 | K16: =J16/D16 -> 0.009380531 | L16: =((E16+F16)-D16)-J16 -> 1.8474111e-13 | M16: =L16/D16 -> 2.9725038e-17 | N16: =L16*G16 -> 1.2155965e-12 | O16: 原物料 | P16: 原物料規格 | Q16: 菜梗太硬導致捲的時候破損 | R16: 共用類
A17: 6 | B17: 溏心洋芋沙拉(113.06) | C17: 335.82 | D17: 326.6 | E17: 326.6 | F17: 15.72 | G17: 111.2 | H17: =(E17+F17)/D17 -> 1.0481323 | I17: 1748.06 | J17: 3.02 | K17: =J17/D17 -> 0.0092467851 | L17: =((E17+F17)-D17)-J17 -> 12.7 | M17: =L17/D17 -> 0.038885487 | N17: =L17*G17 -> 1412.24 | O17: 組合端 | P17: 抓樣不穩 | Q17: 人員冰杓定量手法不穩 | R17: 溏心蛋洋芋沙拉
A18: 7 | B18: 油亮蒜味香腸片 | C18: 197.36 | D18: 68.82 | E18: 68.82 | F18: 2.32 | G18: 318.32 | H18: =(E18+F18)/D18 -> 1.0337111 | I18: 738.5 | J18: 0.62 | K18: =J18/D18 -> 0.009009009 | L18: =((E18+F18)-D18)-J18 -> 1.7 | M18: =L18/D18 -> 0.024702121 | N18: =L18*G18 -> 541.144 | O18: 組合端 | P18: 抓樣不穩 | Q18: 秤重物料，過多無法剝除 | R18: 二配香辣醬蒜味香腸蛋炒飯
A19: 8 | B19: 電解消毒切段甜脆 | C19: 197.01 | D19: 12.26 | E19: 12.26 | F19: 1.22 | G19: 469.08 | H19: =(E19+F19)/D19 -> 1.0995106 | I19: 572.28 | J19: 0.42 | K19: =J19/D19 -> 0.034257749 | L19: =((E19+F19)-D19)-J19 -> 0.8 | M19: =L19/D19 -> 0.065252855 | N19: =L19*G19 -> 375.264 | O19: 原物料 | P19: 原物料規格 | Q19: 原物料特性，梗葉比例重量差異大 | R19: 蔥鹽雞肉麵沙拉(114年)
A20: 9 | B20: 辛口咖哩豬肉(112年) | C20: 197 | D20: 63.47 | E20: 63.47 | F20: 2.76 | G20: 333.9 | H20: =(E20+F20)/D20 -> 1.0434851 | I20: 921.56 | J20: 0.59 | K20: =J20/D20 -> 0.0092957303 | L20: =((E20+F20)-D20)-J20 -> 2.17 | M20: =L20/D20 -> 0.034189381 | N20: =L20*G20 -> 724.563 | O20: 組合端 | P20: 抓樣不穩 | Q20: 秤重物料，過多無法剝除 | R20: 二配金咖哩濃厚辛辣咖哩飯
A21: 10 | B21: 胡麻沙拉醬(114.07) | C21: 196.89 | D21: 45.33 | E21: 45.33 | F21: 4.53 | G21: 149.16 | H21: =(E21+F21)/D21 -> 1.0999338 | I21: 675.69 | J21: 1.32 | K21: =J21/D21 -> 0.029119788 | L21: =((E21+F21)-D21)-J21 -> 3.21 | M21: =L21/D21 -> 0.07081403 | N21: =L21*G21 -> 478.8036 | O21: 組合端 | P21: 抓樣不穩 | Q21: 刮板挖取使用，持續上抽測確認人員使用準確度 | R21: 共用類
A23: 超用金額前十名半成品
A24: 明細展開 | D24: 生產資訊 | O24: 類別 | P24: 分析原因 (請填寫8大原因) | Q24: 其他原因說明 | R24: 備註-商品名稱
A25: 排序 | B25: 半成品 | D25: 生產端 | J25: 組合端
B26: 名稱 | C26: 超用金額 排序 | D26: 產出量 | J26: 報廢 | M26: 超用
D27: 訂單需求 (kg) | E27: 實際產出 (kg) | F27: 補單 (kg) | G27: 單價 (元) | H27: 實際生產 (對比訂單需求) | I27: 差異 (元) | J27: kg | K27: 占比 | L27: 金額 (元) | M27: kg | N27: 占比
A28: 1 | B28: 鮪魚沙拉(113.05) | C28: 2252.8 | D28: 179.55 | E28: 179.55 | F28: 17.03 | G28: 194.04 | H28: =(E28+F28)/D28 -> 1.0948482 | I28: 3304.5 | J28: 5.42 | K28: =J28/D28 -> 0.030186578 | L28: =J28*G28 -> 1051.6968 | M28: =((E28+F28)-D28)-J28 -> 11.61 | N28: =M28/D28 -> 0.064661654 | O28: 組合室 | P28: 抓樣不穩 | Q28: 冰杓定量挖取(使用量上會較起伏)，持續上抽測確認人員使用準確度 | R28: 鮪魚起司溏心蛋三明治
A29: 2 | B29: 水果莎莎醬(114.06) | C29: 1502.38 | D29: 131.88 | E29: 131.88 | F29: 13.1 | G29: 166.56 | H29: =(E29+F29)/D29 -> 1.0993327 | I29: 2181.94 | J29: 4.08 | K29: =J29/D29 -> 0.030937216 | L29: =J29*G29 -> 679.5648 | M29: =((E29+F29)-D29)-J29 -> 9.02 | N29: =M29/D29 -> 0.068395511 | O29: 組合室 | P29: 抓樣不穩 | Q29: 冰杓定量挖取(使用量上會較起伏)，持續上抽測確認人員使用準確度 | R29: 莎莎烤雞麵沙拉
A30: 3 | B30: 溏心洋芋沙拉(113.06) | C30: 1412.24 | D30: 326.6 | E30: 326.6 | F30: 15.72 | G30: 111.2 | H30: =(E30+F30)/D30 -> 1.0481323 | I30: 1748.06 | J30: 3.02 | K30: =J30/D30 -> 0.0092467851 | L30: =J30*G30 -> 335.824 | M30: =((E30+F30)-D30)-J30 -> 12.7 | N30: =M30/D30 -> 0.038885487 | O30: 組合室 | P30: 抓樣不穩 | Q30: 冰杓定量挖取(使用量上會較起伏)，持續上抽測確認人員使用準確度 | R30: 溏心蛋洋芋沙拉
A31: 4 | B31: 拌總匯雞蛋沙拉CL(112年) | C31: 1151.71 | D31: 249.57 | E31: 249.57 | F31: 14.14 | G31: 95.34 | H31: =(E31+F31)/D31 -> 1.0566575 | I31: 1348.11 | J31: 2.06 | K31: =J31/D31 -> 0.0082541972 | L31: =J31*G31 -> 196.4004 | M31: =((E31+F31)-D31)-J31 -> 12.08 | N31: =M31/D31 -> 0.048403254 | O31: 組合室 | P31: 抓樣不穩 | Q31: 冰杓定量挖取(使用量上會較起伏)，持續上抽測確認人員使用準確度 | R31: 共用類
A32: 5 | B32: F-台式特級沙拉醬 | C32: 901.68 | D32: 213.14 | E32: 213.14 | F32: 14.07 | G32: 78 | H32: =(E32+F32)/D32 -> 1.0660129 | I32: 1097.46 | J32: 2.51 | K32: =J32/D32 -> 0.011776297 | L32: =J32*G32 -> 195.78 | M32: =((E32+F32)-D32)-J32 -> 11.56 | N32: =M32/D32 -> 0.054236652 | O32: 組合室 | P32: 抓樣不穩 | Q32: 刮板挖取使用，持續上抽測確認人員使用準確度 | R32: 共用類
A33: 6 | B33: 蒸鼎泰豐香辣醬 | C33: 901.45 | D33: 20.46 | E33: 20.46 | F33: 1.08 | G33: 1012.86 | H33: =(E33+F33)/D33 -> 1.0527859 | I33: 1093.89 | J33: 0.19 | K33: =J33/D33 -> 0.0092864125 | L33: =J33*G33 -> 192.4434 | M33: =((E33+F33)-D33)-J33 -> 0.89 | N33: =M33/D33 -> 0.043499511 | O33: 組合室 | P33: 抓樣不穩 | Q33: 冰杓定量挖取(使用量上會較起伏)，人員攪拌頻率再提高，滲出的香辣油不可混到下一鍋繼續使用 | R33: 二配香辣醬蒜味香腸蛋炒飯
A34: 7 | B34: 蒸基礎風味雞肉絲 | C34: 877.74 | D34: 91.48 | E34: 91.48 | F34: 2.62 | G34: 410.16 | H34: =(E34+F34)/D34 -> 1.0286401 | I34: 1074.62 | J34: 0.48 | K34: =J34/D34 -> 0.0052470485 | L34: =J34*G34 -> 196.8768 | M34: =((E34+F34)-D34)-J34 -> 2.14 | N34: =M34/D34 -> 0.023393091 | O34: 組合室 | P34: 抓樣不穩 | Q34: 秤重物料，過多無法剝除 | R34: 共用類
A35: 8 | B35: 青檸沙拉醬(113.03) | C35: 876.51 | D35: 136.73 | E35: 136.73 | F35: 8.42 | G35: 127.4 | H35: =(E35+F35)/D35 -> 1.0615812 | I35: 1072.71 | J35: 1.54 | K35: =J35/D35 -> 0.011263073 | L35: =J35*G35 -> 196.196 | M35: =((E35+F35)-D35)-J35 -> 6.88 | N35: =M35/D35 -> 0.050318145 | O35: 組合室 | P35: 抓樣不穩 | Q35: 冰杓定量挖取(使用量上會較起伏)，持續上抽測確認人員使用準確度 | R35: 共用類
A36: 9 | B36: 拌總匯鮪魚沙拉CL(113年) | C36: 835.5 | D36: 66.06 | E36: 66.06 | F36: 11.38 | G36: 114.14 | H36: =(E36+F36)/D36 -> 1.1722676 | I36: 1298.91 | J36: 4.06 | K36: =J36/D36 -> 0.061459279 | L36: =J36*G36 -> 463.4084 | M36: =((E36+F36)-D36)-J36 -> 7.32 | N36: =M36/D36 -> 0.11080836 | O36: 組合室 | P36: 抓樣不穩 | Q36: 冰杓定量挖取(使用量上會較起伏)，持續上抽測確認人員使用準確度 | R36: 經典總匯三明治
A37: 10 | B37: 雞排蛋炒飯 | C37: 784.07 | D37: 448.35 | E37: 448.35 | F37: 16.55 | G37: 59.22 | H37: =(E37+F37)/D37 -> 1.0369131 | I37: 980.09 | J37: 3.31 | K37: =J37/D37 -> 0.0073826252 | L37: =J37*G37 -> 196.0182 | M37: =((E37+F37)-D37)-J37 -> 13.24 | N37: =M37/D37 -> 0.029530501 | O37: 組合室 | P37: 抓樣不穩 | Q37: 秤重物料，秤重精準度須持續校正 | R37: 二配粗飽系雞排炒飯
A39: 共用類報廢金額前十名半成品
A40: 明細展開
A41: 排序 | B41: 半成品
B42: 名稱 | C42: 報廢金額 排序 | D42: 共用類總金額 占比
A44: 1 | B44: 義美業務用馬芬堡 | C44: 519.27 | D44: =C44/$L$5 -> 0.078802162
A45: 2 | B45: 墨西哥餅皮-原味(8英吋)新 | C45: 383.61 | D45: =C45/$L$5 -> 0.058214989
A46: 3 | B46: 胡麻沙拉醬(114.07) | C46: 196.89 | D46: =C46/$L$5 -> 0.029879172
A47: 4 | B47: 蒸基礎風味雞肉絲 | C47: 196.88 | D47: =C47/$L$5 -> 0.029877655
A48: 5 | B48: 調製地瓜泥 | C48: 196.58 | D48: =C48/$L$5 -> 0.029832128
A49: 6 | B49: 日式烤洋蔥絲(114年) | C49: 196.53 | D49: =C49/$L$5 -> 0.02982454
A50: 7 | B50: (V)電解消毒細切紅蘿蔔絲 | C50: 196.51 | D50: =C50/$L$5 -> 0.029821505
A51: 8 | B51: 拌總匯雞蛋沙拉CL(112年) | C51: 196.4 | D51: =C51/$L$5 -> 0.029804812
A52: 9 | B52: 可果美蕃茄醬 | C52: 196.37 | D52: =C52/$L$5 -> 0.029800259
A53: 10 | B53: 青醬優格(113.06) | C53: 196.27 | D53: =C53/$L$5 -> 0.029785084
A54: ※炊飯類不納入半成品廢棄計算
A56: ※淺黃色為工廠自填項目

Sheet 0820分析標準表 
A1: 新豐廠半成品管理分析
A2: 日期 | C2: 營業額 | D2: 報廢展開 | F2: 超用展開 | H2: 報廢展開 | J2: 超用展開 | L2: 報廢展開
A3: 08/20星期三 | C3: 6333786.4 | D3: 總報廢 | F3: 總超用 | H3: 報廢-前10名 | J3: 超用-前10名 | L3: 共用類-總報廢
D4: 金額 | E4: 占比(營業額) | F4: 金額 | G4: 占比(營業額) | H4: 金額 | I4: 占比(總報廢) | J4: 金額 | K4: 占比(總超用) | L4: 金額 | M4: 占比(總報廢)
A5: 年度KPI目標0.25% | D5: 15433.27 | E5: =D5/C3 -> 0.0024366578 | F5: 54238.01 | G5: =F5/C3 -> 0.0085632838 | H5: =SUM(C12:C21) -> 4575.1135 | I5: =H5/D5 -> 0.29644486 | J5: =SUM(C28:C37) -> 14483.215 | K5: =J5/F5 -> 0.26703071 | L5: 7981.86 | M5: =L5/D5 -> 0.51718528
A7: 報廢金額前十名半成品
A8: 明細展開 | D8: 生產資訊 | O8: 類別 | P8: 分析原因 (請填寫8大原因) | Q8: 其他原因說明 | R8: 備註-商品名稱
A9: 排序 | B9: 半成品 | D9: 生產端 | J9: 組合端
B10: 名稱 | C10: 報廢金額 排序 | D10: 產出量 | J10: 報廢 | L10: 超用
D11: 訂單需求 (kg) | E11: 實際產出 (kg) | F11: 補單 (kg) | G11: 單價 (元) | H11: 實際生產 (對比訂單需求) | I11: 差異 (元) | J11: kg | K11: 占比 | L11: kg | M11: 占比 | N11: 金額 (元)
A12: 1 | B12: 鮪魚沙拉(113.05) | C12: 1109.9088 | D12: 185.07 | E12: 185.07 | F12: 31.12 | G12: 194.04 | H12: =(E12+F12)/D12 -> 1.1681526 | I12: 6038.5248 | J12: 5.72 | K12: =J12/D12 -> 0.030907224 | L12: =((E12+F12)-D12)-J12 -> 25.4 | M12: =L12/D12 -> 0.13724537 | N12: =L12*G12 -> 4928.616 | O12: 組合端 | P12: 抓樣不穩 | Q12: 人員冰杓定量手法不穩 | R12: 鮪魚起司溏心蛋三明治
A13: 2 | B13: 墨西哥餅皮-原味(8英吋)新 | C13: 1080.1728 | D13: 6668 | E13: 6668 | F13: 164.16 | G13: 6.58 | H13: =(E13+F13)/D13 -> 1.0246191 | I13: 1080.1728 | J13: 164.16 | K13: =J13/D13 -> 0.024619076 | L13: =((E13+F13)-D13)-J13 -> 0 | M13: =L13/D13 -> 0 | N13: =L13*G13 -> 0 | O13: 原物料 | P13: 原物料規格 | Q13: 菜梗太硬導致捲的時候破損 | R13: 共用類
A14: 3 | B14: 義美業務用馬芬堡 | C14: 708.064 | D14: 15388 | E14: 15388 | F14: 122.08 | G14: 5.8 | H14: =(E14+F14)/D14 -> 1.0079335 | I14: 708.064 | J14: 122.08 | K14: =J14/D14 -> 0.0079334546 | L14: =((E14+F14)-D14)-J14 -> 0 | M14: =L14/D14 -> 0 | N14: =L14*G14 -> 0 | O14: 組合端 | P14: 其他原因 | Q14: 包材過於貼體 | R14: 共用類
A15: 4 | B15: 日式烤洋蔥絲(114年) | C15: 281.9232 | D15: 87.66 | E15: 87.66 | F15: 11.33 | G15: 135.54 | H15: =(E15+F15)/D15 -> 1.1292494 | I15: 1535.6682 | J15: 2.08 | K15: =J15/D15 -> 0.02372804 | L15: =((E15+F15)-D15)-J15 -> 9.25 | M15: =L15/D15 -> 0.10552133 | N15: =L15*G15 -> 1253.745 | O15: 組合端 | P15: 抓樣不穩 | Q15: 人員抓樣手感不穩 | R15: 共用類
A16: 5 | B16: 打發植鮮 | C16: 279.5403 | D16: 68.76 | E16: 68.76 | F16: 11.16 | G16: 122.07 | H16: =(E16+F16)/D16 -> 1.1623037 | I16: 1362.3012 | J16: 2.29 | K16: =J16/D16 -> 0.033304247 | L16: =((E16+F16)-D16)-J16 -> 8.87 | M16: =L16/D16 -> 0.12899942 | N16: =L16*G16 -> 1082.7609 | O16: 組合端 | P16: 抓樣不穩 | Q16: 人員抓樣手感不穩 | R16: 水果派對三明治
A17: 6 | B17: 電解消毒雙色高麗菜絲(7:3) | C17: 241.8528 | D17: 233.38 | E17: 233.38 | F17: 12.99 | G17: 99.12 | H17: =(E17+F17)/D17 -> 1.0556603 | I17: 1287.5688 | J17: 2.44 | K17: =J17/D17 -> 0.010455052 | L17: =((E17+F17)-D17)-J17 -> 10.55 | M17: =L17/D17 -> 0.045205245 | N17: =L17*G17 -> 1045.716 | O17: 組合端 | P17: 抓樣不穩 | Q17: 人員抓樣手感不穩 | R17: 共用類
A18: 7 | B18: 蒸基礎風味雞肉絲 | C18: 233.7912 | D18: 97.28 | E18: 97.28 | F18: 3.25 | G18: 410.16 | H18: =(E18+F18)/D18 -> 1.0334087 | I18: 1333.02 | J18: 0.57 | K18: =J18/D18 -> 0.005859375 | L18: =((E18+F18)-D18)-J18 -> 2.68 | M18: =L18/D18 -> 0.027549342 | N18: =L18*G18 -> 1099.2288 | O18: 組合端 | P18: 抓樣不穩 | Q18: 人員抓樣手感不穩 | R18: 共用類
A19: 8 | B19: 辛口咖哩豬肉(112年) | C19: 213.696 | D19: 69.97 | E19: 69.97 | F19: 3.11 | G19: 333.9 | H19: =(E19+F19)/D19 -> 1.0444476 | I19: 1038.429 | J19: 0.64 | K19: =J19/D19 -> 0.0091467772 | L19: =((E19+F19)-D19)-J19 -> 2.47 | M19: =L19/D19 -> 0.035300843 | N19: =L19*G19 -> 824.733 | O19: 組合端 | P19: 抓樣不穩 | Q19: 秤重物料，過多無法剝除 | R19: 二配金咖哩濃厚辛辣咖哩飯
A20: 9 | B20: 油亮蒜味香腸片 | C20: 213.2744 | D20: 78.88 | E20: 78.88 | F20: 3.74 | G20: 318.32 | H20: =(E20+F20)/D20 -> 1.0474138 | I20: 1190.5168 | J20: 0.67 | K20: =J20/D20 -> 0.0084939148 | L20: =((E20+F20)-D20)-J20 -> 3.07 | M20: =L20/D20 -> 0.038919878 | N20: =L20*G20 -> 977.2424 | O20: 組合端 | P20: 抓樣不穩 | Q20: 秤重物料，過多無法剝除 | R20: 二配香辣醬蒜味香腸蛋炒飯
A21: 10 | B21: 切新重煙燻火腿0.9mm | C21: 212.89 | D21: 168.56 | E21: 168.56 | F21: 4.98 | G21: 212.89 | H21: =(E21+F21)/D21 -> 1.0295444 | I21: 1060.1922 | J21: 1 | K21: =J21/D21 -> 0.0059326056 | L21: =((E21+F21)-D21)-J21 -> 3.98 | M21: =L21/D21 -> 0.02361177 | N21: =L21*G21 -> 847.3022 | O21: 組合端 | P21: 抓樣不穩 | Q21: 人員抓樣手感不穩 | R21: 共用類
A23: 超用金額前十名半成品
A24: 明細展開 | D24: 生產資訊 | O24: 類別 | P24: 分析原因 (請填寫8大原因) | Q24: 其他原因說明 | R24: 備註-商品名稱
A25: 排序 | B25: 半成品 | D25: 生產端 | J25: 組合端
B26: 名稱 | C26: 超用金額 排序 | D26: 產出量 | J26: 報廢 | M26: 超用
D27: 訂單需求 (kg) | E27: 實際產出 (kg) | F27: 補單 (kg) | G27: 單價 (元) | H27: 實際生產 (對比訂單需求) | I27: 差異 (元) | J27: kg | K27: 占比 | L27: 金額 (元) | M27: kg | N27: 占比
A28: 1 | B28: 鮪魚沙拉(113.05) | C28: 4928.616 | D28: 185.07 | E28: 185.07 | F28: 31.12 | G28: 194.04 | H28: =(E28+F28)/D28 -> 1.1681526 | I28: 6038.5248 | J28: 5.72 | K28: =J28/D28 -> 0.030907224 | L28: =J28*G28 -> 1109.9088 | M28: =((E28+F28)-D28)-J28 -> 25.4 | N28: =M28/D28 -> 0.13724537 | O28: 組合室 | P28: 抓樣不穩 | Q28: 冰杓定量挖取(使用量上會較起伏)，持續上抽測確認人員使用準確度 | R28: 鮪魚起司溏心蛋三明治
A29: 2 | B29: 日式烤洋蔥絲(114年) | C29: 1253.745 | D29: 87.66 | E29: 87.66 | F29: 11.33 | G29: 135.54 | H29: =(E29+F29)/D29 -> 1.1292494 | I29: 1535.6682 | J29: 2.08 | K29: =J29/D29 -> 0.02372804 | L29: =J29*G29 -> 281.9232 | M29: =((E29+F29)-D29)-J29 -> 9.25 | N29: =M29/D29 -> 0.10552133 | O29: 組合端 | P29: 抓樣不穩 | Q29: 人員抓樣手感不穩 | R29: 共用類
A30: 3 | B30: 蒸基礎風味雞肉絲 | C30: 1099.2288 | D30: 97.28 | E30: 97.28 | F30: 3.25 | G30: 410.16 | H30: =(E30+F30)/D30 -> 1.0334087 | I30: 1333.02 | J30: 0.57 | K30: =J30/D30 -> 0.005859375 | L30: =J30*G30 -> 233.7912 | M30: =((E30+F30)-D30)-J30 -> 2.68 | N30: =M30/D30 -> 0.027549342 | O30: 組合室 | P30: 抓樣不穩 | Q30: 秤重物料，過多無法剝除 | R30: 共用類
A31: 4 | B31: 打發植鮮 | C31: 1082.7609 | D31: 68.76 | E31: 68.76 | F31: 11.16 | G31: 122.07 | H31: =(E31+F31)/D31 -> 1.1623037 | I31: 1362.3012 | J31: 2.29 | K31: =J31/D31 -> 0.033304247 | L31: =J31*G31 -> 279.5403 | M31: =((E31+F31)-D31)-J31 -> 8.87 | N31: =M31/D31 -> 0.12899942 | O31: 組合室 | P31: 抓樣不穩 | Q31: 刮板挖取使用，持續上抽測確認人員使用準確度 | R31: 水果派對三明治
A32: 5 | B32: 電解消毒雙色高麗菜絲(7:3) | C32: 1045.716 | D32: 233.38 | E32: 233.38 | F32: 12.99 | G32: 99.12 | H32: =(E32+F32)/D32 -> 1.0556603 | I32: 1287.5688 | J32: 2.44 | K32: =J32/D32 -> 0.010455052 | L32: =J32*G32 -> 241.8528 | M32: =((E32+F32)-D32)-J32 -> 10.55 | N32: =M32/D32 -> 0.045205245 | O32: 組合室 | P32: 抓樣不穩 | Q32: 人員抓樣，絲狀較長抓樣重量差異 | R32: 共用類
A33: 6 | B33: 蒸鼎泰豐香辣醬 | C33: 1043.2458 | D33: 23.45 | E33: 23.45 | F33: 1.24 | G33: 1012.86 | H33: =(E33+F33)/D33 -> 1.0528785 | I33: 1255.9464 | J33: 0.21 | K33: =J33/D33 -> 0.0089552239 | L33: =J33*G33 -> 212.7006 | M33: =((E33+F33)-D33)-J33 -> 1.03 | N33: =M33/D33 -> 0.043923241 | O33: 組合室 | P33: 抓樣不穩 | Q33: 冰杓定量挖取(使用量上會較起伏)，人員攪拌頻率再提高，滲出的香辣油不可混到下一鍋繼續使用 | R33: 二配香辣醬蒜味香腸蛋炒飯
A34: 7 | B34: F-台式特級沙拉醬 | C34: 1028.82 | D34: 225.68 | E34: 225.68 | F34: 15.91 | G34: 78 | H34: =(E34+F34)/D34 -> 1.0704981 | I34: 1240.98 | J34: 2.72 | K34: =J34/D34 -> 0.012052464 | L34: =J34*G34 -> 212.16 | M34: =((E34+F34)-D34)-J34 -> 13.19 | N34: =M34/D34 -> 0.058445587 | O34: 組合室 | P34: 抓樣不穩 | Q34: 刮板挖取使用，持續上抽測確認人員使用準確度 | R34: 共用類
A35: 8 | B35: 拌總匯雞蛋沙拉CL(112年) | C35: 1001.07 | D35: 264.86 | E35: 264.86 | F35: 12.73 | G35: 95.34 | H35: =(E35+F35)/D35 -> 1.0480631 | I35: 1213.6782 | J35: 2.23 | K35: =J35/D35 -> 0.0084195424 | L35: =J35*G35 -> 212.6082 | M35: =((E35+F35)-D35)-J35 -> 10.5 | N35: =M35/D35 -> 0.039643585 | O35: 組合室 | P35: 抓樣不穩 | Q35: 冰杓定量挖取(使用量上會較起伏)，持續上抽測確認人員使用準確度 | R35: 共用類
A36: 9 | B36: 青檸沙拉醬(113.03) | C36: 1000.09 | D36: 146.69 | E36: 146.69 | F36: 9.52 | G36: 127.4 | H36: =(E36+F36)/D36 -> 1.0648988 | I36: 1212.848 | J36: 1.67 | K36: =J36/D36 -> 0.011384552 | L36: =J36*G36 -> 212.758 | M36: =((E36+F36)-D36)-J36 -> 7.85 | N36: =M36/D36 -> 0.053514214 | O36: 組合室 | P36: 抓樣不穩 | Q36: 冰杓定量挖取(使用量上會較起伏)，持續上抽測確認人員使用準確度 | R36: 共用類
A37: 10 | B37: 蒸紫米薏仁 | C37: 999.922 | D37: 121.61 | E37: 121.61 | F37: 18.67 | G37: 64.93 | H37: =(E37+F37)/D37 -> 1.1535236 | I37: 1212.2431 | J37: 3.27 | K37: =J37/D37 -> 0.026889236 | L37: =J37*G37 -> 212.3211 | M37: =((E37+F37)-D37)-J37 -> 15.4 | N37: =M37/D37 -> 0.12663432 | O37: 組合室 | P37: 抓樣不穩 | Q37: 冰杓定量挖取(使用量上會較起伏)，持續上抽測確認人員使用準確度 | R37: 共用類
A39: 共用類報廢金額前十名半成品
A40: 明細展開
A41: 排序 | B41: 半成品
B42: 名稱 | C42: 報廢金額 排序 | D42: 共用類總金額 占比
A44: 1 | B44: 墨西哥餅皮-原味(8英吋)新 | C44: 1080.17 | D44: =C44/$L$5 -> 0.13532811
A45: 2 | B45: 義美業務用馬芬堡 | C45: 708.06 | D45: =C45/$L$5 -> 0.088708647
A46: 3 | B46: 日式烤洋蔥絲(114年) | C46: 281.92 | D46: =C46/$L$5 -> 0.035320088
A47: 4 | B47: 電解消毒雙色高麗菜絲(7:3) | C47: 241.85 | D47: =C47/$L$5 -> 0.030299955
A48: 5 | B48: 蒸基礎風味雞肉絲 | C48: 233.79 | D48: =C48/$L$5 -> 0.029290165
A49: 6 | B49: 切新重煙燻火腿0.9mm | C49: 212.89 | D49: =C49/$L$5 -> 0.026671728
A50: 7 | B50: 青檸沙拉醬(113.03) | C50: 212.76 | D50: =C50/$L$5 -> 0.026655441
A51: 8 | B51: 拌總匯雞蛋沙拉CL(112年) | C51: 212.61 | D51: =C51/$L$5 -> 0.026636649
A52: 9 | B52: (V)電解消毒細切紅蘿蔔絲 | C52: 212.55 | D52: =C52/$L$5 -> 0.026629132
A53: 10 | B53: 酸黃瓜碎(新) | C53: 212.48 | D53: =C53/$L$5 -> 0.026620362
A54: ※炊飯類不納入半成品廢棄計算
A56: ※淺黃色為工廠自填項目

Sheet 0819分析標準表 
A1: 新豐廠半成品管理分析
A2: 日期 | C2: 營業額 | D2: 報廢展開 | F2: 超用展開 | H2: 報廢展開 | J2: 超用展開 | L2: 報廢展開
A3: 45888 | C3: 6939236.5 | D3: 總報廢 | F3: 總超用 | H3: 報廢-前10名 | J3: 超用-前10名 | L3: 共用類-總報廢
D4: 金額 | E4: 占比(營業額) | F4: 金額 | G4: 占比(營業額) | H4: 金額 | I4: 占比(總報廢) | J4: 金額 | K4: 占比(總超用) | L4: 金額 | M4: 占比(總報廢)
A5: 年度KPI目標0.25% | D5: 17003.49 | E5: =D5/C3 -> 0.0024503402 | F5: 59330.15 | G5: =F5/C3 -> 0.0085499535 | H5: =SUM(C12:C21) -> 7155.3 | I5: =H5/D5 -> 0.42081361 | J5: =SUM(C28:C37) -> 16978.46 | K5: =J5/F5 -> 0.28616917 | L5: 8190.55 | M5: =L5/D5 -> 0.48169817
A7: 報廢金額前十名半成品
A8: 明細展開 | D8: 生產資訊 | O8: 類別 | P8: 分析原因 (請填寫8大原因) | Q8: 其他原因說明 | R8: 備註-商品名稱
A9: 排序 | B9: 半成品 | D9: 生產端 | J9: 組合端
B10: 名稱 | C10: 報廢金額 排序 | D10: 產出量 | J10: 報廢 | L10: 超用
D11: 訂單需求 (kg) | E11: 實際產出 (kg) | F11: 補單 (kg) | G11: 單價 (元) | H11: 實際生產 (對比訂單需求) | I11: 差異 (元) | J11: kg | K11: 占比 | L11: kg | M11: 占比 | N11: 金額 (元)
A12: 1 | B12: 義美業務用馬芬堡 | C12: 1647.2 | D12: 15596 | E12: 15596 | F12: 284 | G12: 5.8 | H12: =(E12+F12)/D12 -> 1.0182098 | I12: 1647.2 | J12: 284 | K12: =J12/D12 -> 0.018209797 | L12: =((E12+F12)-D12)-J12 -> 0 | M12: =L12/D12 -> 0 | N12: =L12*G12 -> 0 | O12: 組合端 | P12: 其他原因 | Q12: 包材過於貼體 | R12: 共用類
A13: 2 | B13: 墨西哥餅皮-原味(8英吋)新 | C13: 1329.16 | D13: 6607 | E13: 6607 | F13: 202 | G13: 6.58 | H13: =(E13+F13)/D13 -> 1.0305736 | I13: 1329.16 | J13: 202 | K13: =J13/D13 -> 0.030573634 | L13: =((E13+F13)-D13)-J13 -> 0 | M13: =L13/D13 -> 0 | N13: =L13*G13 -> 0 | O13: 原物料 | P13: 原物料規格 | Q13: 菜梗太硬導致捲的時候破損 | R13: 共用類
A14: 3 | B14: 四吋芝麻漢堡 | C14: 943.95 | D14: 4973 | E14: 4973 | F14: 217 | G14: 4.35 | H14: =(E14+F14)/D14 -> 1.0436356 | I14: 943.95 | J14: 217 | K14: =J14/D14 -> 0.043635632 | L14: =((E14+F14)-D14)-J14 -> 0 | M14: =L14/D14 -> 0 | N14: =L14*G14 -> 0 | O14: 組合端 | P14: 其他原因 | Q14: 包材過於貼體 | R14: 經典雙牛起司堡(113年)
A15: 4 | B15: 電解消毒十字切美生菜 | C15: 871.42 | D15: 320.34 | E15: 320.34 | F15: 18.57 | G15: 156.73 | H15: =(E15+F15)/D15 -> 1.0579697 | I15: 2910.48 | J15: 5.56 | K15: =J15/D15 -> 0.017356559 | L15: =((E15+F15)-D15)-J15 -> 13.01 | M15: =L15/D15 -> 0.040613099 | N15: =L15*G15 -> 2039.0573 | O15: 原物料 | P15: 原物料規格 | Q15: 原物料特性，梗葉比例重量差異大 | R15: 共用類
A16: 5 | B16: 電解消毒雙色高麗菜絲(7:3) | C16: 608.6 | D16: 231.25 | E16: 231.25 | F16: 23.76 | G16: 99.12 | H16: =(E16+F16)/D16 -> 1.1027459 | I16: 2355.09 | J16: 6.14 | K16: =J16/D16 -> 0.026551351 | L16: =((E16+F16)-D16)-J16 -> 17.62 | M16: =L16/D16 -> 0.076194595 | N16: =L16*G16 -> 1746.4944 | O16: 組合端 | P16: 抓樣不穩 | Q16: 人員抓樣手感不穩 | R16: 共用類
A17: 6 | B17: 泰式酸辣醬(114.08) | C17: 583.01 | D17: 90.63 | E17: 90.63 | F17: 13.74 | G17: 121.46 | H17: =(E17+F17)/D17 -> 1.1516054 | I17: 1668.86 | J17: 4.8 | K17: =J17/D17 -> 0.052962595 | L17: =((E17+F17)-D17)-J17 -> 8.94 | M17: =L17/D17 -> 0.098642833 | N17: =L17*G17 -> 1085.8524 | O17: 組合端 | P17: 抓樣不穩 | Q17: 人員冰杓定量手法不穩 | R17: 泰式酸辣炸雞堡
A18: 7 | B18: 電解消毒切段甜脆 | C18: 431.55 | D18: 12.82 | E18: 12.82 | F18: 2.47 | G18: 469.08 | H18: =(E18+F18)/D18 -> 1.1926677 | I18: 1158.63 | J18: 0.92 | K18: =J18/D18 -> 0.071762871 | L18: =((E18+F18)-D18)-J18 -> 1.55 | M18: =L18/D18 -> 0.12090484 | N18: =L18*G18 -> 727.074 | O18: 組合端 | P18: 抓樣不穩 | Q18: 人員抓樣手感不穩 | R18: 蔥鹽雞肉麵沙拉(114年)
A19: 8 | B19: 青醬優格(113.06) | C19: 255.31 | D19: 71.87 | E19: 71.87 | F19: 6.67 | G19: 159.57 | H19: =(E19+F19)/D19 -> 1.0928065 | I19: 1064.33 | J19: 1.6 | K19: =J19/D19 -> 0.022262418 | L19: =((E19+F19)-D19)-J19 -> 5.07 | M19: =L19/D19 -> 0.070544038 | N19: =L19*G19 -> 809.0199 | O19: 調理端 | P19: 展開量105% | Q19: 調理多產預留超用量 | R19: 共用類
A20: 9 | B20: 塔塔醬(112.11) | C20: 243.11 | D20: 21.8 | E20: 21.8 | F20: 4.32 | G20: 127.95 | H20: =(E20+F20)/D20 -> 1.1981651 | I20: 552.74 | J20: 1.9 | K20: =J20/D20 -> 0.087155963 | L20: =((E20+F20)-D20)-J20 -> 2.42 | M20: =L20/D20 -> 0.11100917 | N20: =L20*G20 -> 309.639 | O20: 調理端 | P20: 展開量105% | Q20: 調理多產預留超用量 | R20: 黃金魚堡
A21: 10 | B21: 蒸基礎風味雞肉絲 | C21: 241.99 | D21: 95.82 | E21: 95.82 | F21: 2.9 | G21: 410.16 | H21: =(E21+F21)/D21 -> 1.0302651 | I21: 1189.46 | J21: 0.59 | K21: =J21/D21 -> 0.0061573784 | L21: =((E21+F21)-D21)-J21 -> 2.31 | M21: =L21/D21 -> 0.024107702 | N21: =L21*G21 -> 947.4696 | O21: 組合端 | P21: 抓樣不穩 | Q21: 人員抓樣手感不穩 | R21: 共用類
A23: 超用金額前十名半成品
A24: 明細展開 | D24: 生產資訊 | O24: 類別 | P24: 分析原因 (請填寫8大原因) | Q24: 其他原因說明 | R24: 備註-商品名稱
A25: 排序 | B25: 半成品 | D25: 生產端 | J25: 組合端
B26: 名稱 | C26: 超用金額 排序 | D26: 產出量 | J26: 報廢 | M26: 超用
D27: 訂單需求 (kg) | E27: 實際產出 (kg) | F27: 補單 (kg) | G27: 單價 (元) | H27: 實際生產 (對比訂單需求) | I27: 差異 (元) | J27: kg | K27: 占比 | L27: 金額 (元) | M27: kg | N27: 占比
A28: 1 | B28: 青檸沙拉醬(113.03) | C28: 3502.23 | D28: 145.35 | E28: 145.35 | F28: 29.35 | G28: 127.4 | H28: =(E28+F28)/D28 -> 1.2019264 | I28: 3739.19 | J28: 1.86 | K28: =J28/D28 -> 0.012796698 | L28: =J28*G28 -> 236.964 | M28: =((E28+F28)-D28)-J28 -> 27.49 | N28: =M28/D28 -> 0.18912969 | O28: 組合室 | P28: 抓樣不穩 | Q28: 冰杓定量挖取(使用量上會較起伏)，持續上抽測確認人員使用準確度 | R28: 共用類
A29: 2 | B29: 拌總匯雞蛋沙拉CL(112年) | C29: 2289.11 | D29: 262.92 | E29: 262.92 | F29: 25.5 | G29: 95.34 | H29: =(E29+F29)/D29 -> 1.0969877 | I29: 2431.17 | J29: 1.49 | K29: =J29/D29 -> 0.0056671231 | L29: =J29*G29 -> 142.0566 | M29: =((E29+F29)-D29)-J29 -> 24.01 | N29: =M29/D29 -> 0.091320554 | O29: 組合室 | P29: 抓樣不穩 | Q29: 冰杓定量挖取(使用量上會較起伏)，持續上抽測確認人員使用準確度 | R29: 共用類
A30: 3 | B30: 電解消毒十字切美生菜 | C30: 2039.06 | D30: 320.34 | E30: 320.34 | F30: 18.57 | G30: 156.73 | H30: =(E30+F30)/D30 -> 1.0579697 | I30: 2910.48 | J30: 5.56 | K30: =J30/D30 -> 0.017356559 | L30: =J30*G30 -> 871.4188 | M30: =((E30+F30)-D30)-J30 -> 13.01 | N30: =M30/D30 -> 0.040613099 | O30: 組合室 | P30: 抓樣不穩 | Q30: 原物料特性，梗葉比例重量差異，抓樣不穩 | R30: 共用類
A31: 4 | B31: 電解消毒混合紅K高麗絲 | C31: 1943.73 | D31: 95.82 | E31: 95.82 | F31: 20.8 | G31: 104.84 | H31: =(E31+F31)/D31 -> 1.2170737 | I31: 2180.67 | J31: 2.26 | K31: =J31/D31 -> 0.02358589 | L31: =J31*G31 -> 236.9384 | M31: =((E31+F31)-D31)-J31 -> 18.54 | N31: =M31/D31 -> 0.19348779 | O31: 組合室 | P31: 抓樣不穩 | Q31: 人員抓樣，絲狀較長抓樣重量差異 | R31: 共用類
A32: 5 | B32: 電解消毒雙色高麗菜絲(7:3) | C32: 1746.49 | D32: 231.25 | E32: 231.25 | F32: 23.76 | G32: 99.12 | H32: =(E32+F32)/D32 -> 1.1027459 | I32: 2355.09 | J32: 6.14 | K32: =J32/D32 -> 0.026551351 | L32: =J32*G32 -> 608.5968 | M32: =((E32+F32)-D32)-J32 -> 17.62 | N32: =M32/D32 -> 0.076194595 | O32: 組合室 | P32: 抓樣不穩 | Q32: 人員抓樣，絲狀較長抓樣重量差異 | R32: 共用類
A33: 6 | B33: 蒸紫米薏仁 | C33: 1147.97 | D33: 119.78 | E33: 119.78 | F33: 20.33 | G33: 64.93 | H33: =(E33+F33)/D33 -> 1.1697278 | I33: 1320.03 | J33: 2.65 | K33: =J33/D33 -> 0.022123894 | L33: =J33*G33 -> 172.0645 | M33: =((E33+F33)-D33)-J33 -> 17.68 | N33: =M33/D33 -> 0.14760394 | O33: 組合室 | P33: 抓樣不穩 | Q33: 冰杓定量挖取(使用量上會較起伏)，持續上抽測確認人員使用準確度 | R33: 共用類
A34: 7 | B34: 親子柴魚風味醬汁(114年) | C34: 1104.01 | D34: 272.2 | E34: 272.2 | F34: 25.89 | G34: 44.86 | H34: =(E34+F34)/D34 -> 1.0951139 | I34: 1161.43 | J34: 1.28 | K34: =J34/D34 -> 0.0047024247 | L34: =J34*G34 -> 57.4208 | M34: =((E34+F34)-D34)-J34 -> 24.61 | N34: =M34/D34 -> 0.090411462 | O34: 組合室 | P34: 抓樣不穩 | Q34: 注餡機使用(機器出料就有落差)，人員持續於線上不定時抽測重量 | R34: 共用類
A35: 8 | B35: 泰式酸辣醬(114.08) | C35: 1085.85 | D35: 90.63 | E35: 90.63 | F35: 13.74 | G35: 121.46 | H35: =(E35+F35)/D35 -> 1.1516054 | I35: 1668.86 | J35: 4.8 | K35: =J35/D35 -> 0.052962595 | L35: =J35*G35 -> 583.008 | M35: =((E35+F35)-D35)-J35 -> 8.94 | N35: =M35/D35 -> 0.098642833 | O35: 組合室 | P35: 抓樣不穩 | Q35: 冰杓定量挖取(使用量上會較起伏)，持續上抽測確認人員使用準確度 | R35: 泰式酸辣炸雞堡
A36: 9 | B36: F-台式特級沙拉醬 | C36: 1062.36 | D36: 229.88 | E36: 229.88 | F36: 15.66 | G36: 78 | H36: =(E36+F36)/D36 -> 1.0681225 | I36: 1221.48 | J36: 2.04 | K36: =J36/D36 -> 0.0088741952 | L36: =J36*G36 -> 159.12 | M36: =((E36+F36)-D36)-J36 -> 13.62 | N36: =M36/D36 -> 0.059248303 | O36: 組合室 | P36: 抓樣不穩 | Q36: 刮板挖取使用，持續上抽測確認人員使用準確度 | R36: 共用類
A37: 10 | B37: 鼎泰豐-煮麻婆豆腐(113年) | C37: 1057.65 | D37: 332.9 | E37: 332.9 | F37: 9.67 | G37: 133.88 | H37: =(E37+F37)/D37 -> 1.0290478 | I37: 1294.62 | J37: 1.77 | K37: =J37/D37 -> 0.005316912 | L37: =J37*G37 -> 236.9676 | M37: =((E37+F37)-D37)-J37 -> 7.9 | N37: =M37/D37 -> 0.02373085 | O37: 組合室 | P37: 抓樣不穩 | Q37: 秤重物料，秤重精準度須持續校正 | R37: 二配川味麻婆燒豆腐燴飯
A39: 共用類報廢金額前十名半成品
A40: 明細展開
A41: 排序 | B41: 半成品
B42: 名稱 | C42: 報廢金額 排序 | D42: 共用類總金額 占比
A44: 1 | B44: 義美業務用馬芬堡 | C44: 1647.2 | D44: =C44/$L$5 -> 0.20110982
A45: 2 | B45: 墨西哥餅皮-原味(8英吋)新 | C45: 1329.16 | D45: =C45/$L$5 -> 0.1622797
A46: 3 | B46: 電解消毒十字切美生菜 | C46: 871.42 | D46: =C46/$L$5 -> 0.10639334
A47: 4 | B47: 電解消毒雙色高麗菜絲(7:3) | C47: 608.6 | D47: =C47/$L$5 -> 0.074305144
A48: 5 | B48: 青醬優格(113.06) | C48: 255.31 | D48: =C48/$L$5 -> 0.031171289
A49: 6 | B49: 蒸基礎風味雞肉絲 | C49: 241.99 | D49: =C49/$L$5 -> 0.029545024
A50: 7 | B50: 親子丼-滑蛋(114年) | C50: 237.33 | D50: =C50/$L$5 -> 0.028976076
A51: 8 | B51: 電解消毒蔥花 | C51: 237.2 | D51: =C51/$L$5 -> 0.028960204
A52: 9 | B52: 日式烤洋蔥絲(114年) | C52: 237.2 | D52: =C52/$L$5 -> 0.028960204
A53: 10 | B53: 青檸沙拉醬(113.03) | C53: 236.96 | D53: =C53/$L$5 -> 0.028930902
A54: ※炊飯類不納入半成品廢棄計算
A56: ※淺黃色為工廠自填項目

Sheet 0818分析標準表 
A1: 新豐廠半成品管理分析
A2: 日期 | C2: 營業額 | D2: 報廢展開 | F2: 超用展開 | H2: 報廢展開 | J2: 超用展開 | L2: 報廢展開
A3: 45887 | C3: 5701317.8 | D3: 總報廢 | F3: 總超用 | H3: 報廢-前10名 | J3: 超用-前10名 | L3: 共用類-總報廢
D4: 金額 | E4: 占比(營業額) | F4: 金額 | G4: 占比(營業額) | H4: 金額 | I4: 占比(總報廢) | J4: 金額 | K4: 占比(總超用) | L4: 金額 | M4: 占比(總報廢)
A5: 年度KPI目標0.25% | D5: 13867.02 | E5: =D5/C3 -> 0.0024322482 | F5: 48846.1 | G5: =F5/C3 -> 0.0085675104 | H5: =SUM(C12:C21) -> 4742.45 | I5: =H5/D5 -> 0.34199489 | J5: =SUM(C28:C37) -> 32506.15 | K5: =J5/F5 -> 0.66548097 | L5: 2450.88 | M5: =L5/D5 -> 0.17674165
A7: 報廢金額前十名半成品
A8: 明細展開 | D8: 生產資訊 | O8: 類別 | P8: 分析原因 (請填寫8大原因) | Q8: 其他原因說明 | R8: 備註-商品名稱
A9: 排序 | B9: 半成品 | D9: 生產端 | J9: 組合端
B10: 名稱 | C10: 報廢金額 排序 | D10: 產出量 | J10: 報廢 | L10: 超用
D11: 訂單需求 (kg) | E11: 實際產出 (kg) | F11: 補單 (kg) | G11: 單價 (元) | H11: 實際生產 (對比訂單需求) | I11: 差異 (元) | J11: kg | K11: 占比 | L11: kg | M11: 占比 | N11: 金額 (元)
A12: 1 | B12: 油亮後腿肉絲 | C12: 1007.69 | D12: 48.05 | E12: 51.67 | F12: 4.35 | G12: 342.75 | H12: =(E12+F12)/D12 -> 1.1658689 | I12: 2731.72 | J12: 2.94 | K12: =J12/D12 -> 0.061186264 | L12: =((E12+F12)-D12)-J12 -> 5.03 | M12: =L12/D12 -> 0.10468262 | N12: =L12*G12 -> 1724.0325 | O12: 組合端 | P12: 抓樣不穩 | Q12: 人員抓樣手感不穩 | R12: 二配香拌海鮮醬肉絲蛋炒飯
A13: 2 | B13: 炒辛口紅蘿蔔丁(112年) | C13: 467.17 | D13: 69.17 | E13: 79.54 | F13: 0 | G13: 90.1 | H13: =(E13+F13)/D13 -> 1.1499205 | I13: 934.34 | J13: 5.185 | K13: =J13/D13 -> 0.074960243 | L13: =((E13+F13)-D13)-J13 -> 5.185 | M13: =L13/D13 -> 0.074960243 | N13: =L13*G13 -> 467.1685 | O13: 原物料 | P13: 原物料規格 | Q13: 原物料製程未過篩，調理製程後較細碎 | R13: 二配金咖哩濃厚辛辣咖哩飯
A14: 3 | B14: 蒸基礎風味雞肉絲 | C14: 447.07 | D14: 103.1 | E14: 101.27 | F14: 7.6 | G14: 410.16 | H14: =(E14+F14)/D14 -> 1.0559651 | I14: 2366.62 | J14: 1.09 | K14: =J14/D14 -> 0.01057226 | L14: =((E14+F14)-D14)-J14 -> 4.68 | M14: =L14/D14 -> 0.045392823 | N14: =L14*G14 -> 1919.5488 | O14: 組合端 | P14: 抓樣不穩 | Q14: 人員抓樣手感不穩 | R14: 共用類
A15: 4 | B15: 川燙切片青江菜(VN-151) | C15: 429.32 | D15: 21.09 | E15: 22.89 | F15: 4 | G15: 148.04 | H15: =(E15+F15)/D15 -> 1.2750119 | I15: 858.63 | J15: 2.9 | K15: =J15/D15 -> 0.13750593 | L15: =((E15+F15)-D15)-J15 -> 2.9 | M15: =L15/D15 -> 0.13750593 | N15: =L15*G15 -> 429.316 | O15: 組合端 | P15: 抓樣不穩 | Q15: 人員抓樣手感不穩 | R15: 二配港式香滑嫩蛋牛肉燴飯
A16: 5 | B16: 電解消毒切段美生菜2-3cm | C16: 420.06 | D16: 386.9 | E16: 355.06 | F16: 37.6 | G16: 156.74 | H16: =(E16+F16)/D16 -> 1.0148876 | I16: 902.82 | J16: 2.68 | K16: =J16/D16 -> 0.0069268545 | L16: =((E16+F16)-D16)-J16 -> 3.08 | M16: =L16/D16 -> 0.0079607134 | N16: =L16*G16 -> 482.7592 | O16: 原物料 | P16: 原物料規格 | Q16: 原物料特性，梗葉比例重量差異大 | R16: 共用類
A17: 6 | B17: 電解消毒十字切美生菜 | C17: 406.71 | D17: 230.73 | E17: 220.42 | F17: 15.5 | G17: 156.73 | H17: =(E17+F17)/D17 -> 1.0224938 | I17: 813.43 | J17: 2.595 | K17: =J17/D17 -> 0.011246912 | L17: =((E17+F17)-D17)-J17 -> 2.595 | M17: =L17/D17 -> 0.011246912 | N17: =L17*G17 -> 406.71435 | O17: 原物料 | P17: 原物料規格 | Q17: 原物料特性，梗葉比例重量差異大 | R17: 共用類
A18: 7 | B18: 電解消毒混合紅K高麗絲 | C18: 399.44 | D18: 103.1 | E18: 106.71 | F18: 4 | G18: 104.84 | H18: =(E18+F18)/D18 -> 1.0738118 | I18: 797.83 | J18: 3.81 | K18: =J18/D18 -> 0.036954413 | L18: =((E18+F18)-D18)-J18 -> 3.8 | M18: =L18/D18 -> 0.03685742 | N18: =L18*G18 -> 398.392 | O18: 組合端 | P18: 抓樣不穩 | Q18: 人員抓樣手感不穩 | R18: 共用類
A19: 8 | B19: 電解消毒紫洋蔥(去皮)切絲 | C19: 395.56 | D19: 37.72 | E19: 39.21 | F19: 5.5 | G19: 113.18 | H19: =(E19+F19)/D19 -> 1.1853128 | I19: 791.13 | J19: 3.495 | K19: =J19/D19 -> 0.092656416 | L19: =((E19+F19)-D19)-J19 -> 3.495 | M19: =L19/D19 -> 0.092656416 | N19: =L19*G19 -> 395.5641 | O19: 組合端 | P19: 抓樣不穩 | Q19: 人員抓樣手感不穩 | R19: 莎莎烤雞麵沙拉
A20: 9 | B20: 電解消毒雙色高麗菜絲(7:3) | C20: 385.58 | D20: 251.52 | E20: 241.8 | F20: 17.5 | G20: 99.12 | H20: =(E20+F20)/D20 -> 1.0309319 | I20: 771.15 | J20: 3.89 | K20: =J20/D20 -> 0.015465967 | L20: =((E20+F20)-D20)-J20 -> 3.89 | M20: =L20/D20 -> 0.015465967 | N20: =L20*G20 -> 385.5768 | O20: 組合端 | P20: 抓樣不穩 | Q20: 人員抓樣手感不穩 | R20: 共用類
A21: 10 | B21: 塔塔醬(112.11) | C21: 383.85 | D21: 21.02 | E21: 27.01 | F21: 0 | G21: 127.95 | H21: =(E21+F21)/D21 -> 1.2849667 | I21: 766.42 | J21: 3 | K21: =J21/D21 -> 0.14272122 | L21: =((E21+F21)-D21)-J21 -> 2.99 | M21: =L21/D21 -> 0.14224548 | N21: =L21*G21 -> 382.5705 | O21: 調理端 | P21: 展開量105% | Q21: 調理多產預留超用量 | R21: 黃金魚堡
A23: 超用金額前十名半成品
A24: 明細展開 | D24: 生產資訊 | O24: 類別 | P24: 分析原因 (請填寫8大原因) | Q24: 其他原因說明 | R24: 備註-商品名稱
A25: 排序 | B25: 半成品 | D25: 生產端 | J25: 組合端
B26: 名稱 | C26: 超用金額 排序 | D26: 產出量 | J26: 報廢 | M26: 超用
D27: 訂單需求 (kg) | E27: 實際產出 (kg) | F27: 補單 (kg) | G27: 單價 (元) | H27: 實際生產 (對比訂單需求) | I27: 差異 (元) | J27: kg | K27: 占比 | L27: 金額 (元) | M27: kg | N27: 占比
A28: 1 | B28: 果香甘口咖哩腿丁 | C28: 5922.02 | D28: 98.58 | E28: 108.88 | F28: 8.66 | G28: 331.58 | H28: =(E28+F28)/D28 -> 1.1923311 | I28: 6286.76 | J28: 1.1 | K28: =J28/D28 -> 0.01115845 | L28: =J28*G28 -> 364.738 | M28: =((E28+F28)-D28)-J28 -> 17.86 | N28: =M28/D28 -> 0.18117265 | O28: 組合室 | P28: 抓樣不穩 | Q28: 秤重物料，過多無法剝除 | R28: 二配金咖哩果香甘口咖哩飯
A29: 2 | B29: 鮪魚沙拉(113.05) | C29: 5567 | D29: 198.93 | E29: 214.51 | F29: 15 | G29: 194.04 | H29: =(E29+F29)/D29 -> 1.1537224 | I29: 5933.74 | J29: 1.89 | K29: =J29/D29 -> 0.0095008294 | L29: =J29*G29 -> 366.7356 | M29: =((E29+F29)-D29)-J29 -> 28.69 | N29: =M29/D29 -> 0.14422159 | O29: 組合室 | P29: 抓樣不穩 | Q29: 冰杓定量挖取(使用量上會較起伏)，持續上抽測確認人員使用準確度 | R29: 鮪魚起司溏心蛋三明治
A30: 3 | B30: 辛口咖哩豬肉(112年) | C30: 5519.37 | D30: 74.93 | E30: 82.93 | F30: 9.62 | G30: 333.9 | H30: =(E30+F30)/D30 -> 1.2351528 | I30: 5883.32 | J30: 1.09 | K30: =J30/D30 -> 0.01454691 | L30: =J30*G30 -> 363.951 | M30: =((E30+F30)-D30)-J30 -> 16.53 | N30: =M30/D30 -> 0.2206059 | O30: 組合室 | P30: 抓樣不穩 | Q30: 秤重物料，過多無法剝除 | R30: 二配金咖哩濃厚辛辣咖哩飯
A31: 4 | B31: 炙烤雞腿丁(113年) | C31: 4420.1 | D31: 67.52 | E31: 74.66 | F31: 5.95 | G31: 365.6 | H31: =(E31+F31)/D31 -> 1.1938685 | I31: 4785.7 | J31: 1 | K31: =J31/D31 -> 0.014810427 | L31: =J31*G31 -> 365.6 | M31: =((E31+F31)-D31)-J31 -> 12.09 | N31: =M31/D31 -> 0.17905806 | O31: 組合室 | P31: 抓樣不穩 | Q31: 秤重物料，過多無法剝除 | R31: 極上炙烤親子丼
A32: 5 | B32: 熟化帶皮黃肉地瓜滾刀7-13g | C32: 2574 | D32: 125.01 | E32: 138.23 | F32: 13.5 | G32: 110 | H32: =(E32+F32)/D32 -> 1.2137429 | I32: 2939.2 | J32: 3.32 | K32: =J32/D32 -> 0.026557875 | L32: =J32*G32 -> 365.2 | M32: =((E32+F32)-D32)-J32 -> 23.4 | N32: =M32/D32 -> 0.18718503 | O32: 原物料 | P32: 原物料規格 | Q32: 原物料特性，重量規格落差太大，導致超用提升 | R32: 地瓜瓜握沙拉
A33: 6 | B33: 瘋狂奶油起司(113.11) | C33: 2271.95 | D33: 30.83 | E33: 39.03 | F33: 4.2 | G33: 212.73 | H33: =(E33+F33)/D33 -> 1.4022056 | I33: 2637.85 | J33: 1.72 | K33: =J33/D33 -> 0.055789815 | L33: =J33*G33 -> 365.8956 | M33: =((E33+F33)-D33)-J33 -> 10.68 | N33: =M33/D33 -> 0.34641583 | O33: 組合室 | P33: 抓樣不穩 | Q33: 冰杓定量挖取(使用量上會較起伏)，持續上抽測確認人員使用準確度 | R33: 瘋狂起司三明治(113年)
A34: 7 | B34: 蒸基礎風味雞肉絲 | C34: 1919.55 | D34: 103.1 | E34: 101.27 | F34: 7.6 | G34: 410.16 | H34: =(E34+F34)/D34 -> 1.0559651 | I34: 2366.62 | J34: 1.09 | K34: =J34/D34 -> 0.01057226 | L34: =J34*G34 -> 447.0744 | M34: =((E34+F34)-D34)-J34 -> 4.68 | N34: =M34/D34 -> 0.045392823 | O34: 組合室 | P34: 抓樣不穩 | Q34: 秤重物料，過多無法剝除 | R34: 共用類
A35: 8 | B35: 油亮後腿肉絲 | C35: 1724.03 | D35: 48.05 | E35: 51.67 | F35: 4.35 | G35: 342.75 | H35: =(E35+F35)/D35 -> 1.1658689 | I35: 2731.72 | J35: 2.94 | K35: =J35/D35 -> 0.061186264 | L35: =J35*G35 -> 1007.685 | M35: =((E35+F35)-D35)-J35 -> 5.03 | N35: =M35/D35 -> 0.10468262 | O35: 組合室 | P35: 抓樣不穩 | Q35: 秤重物料，過多無法剝除 | R35: 二配香拌海鮮醬肉絲蛋炒飯
A36: 9 | B36: 拌水果莎莎醬1.2細麵 | C36: 1297.89 | D36: 377.2 | E36: 389.34 | F36: 15 | G36: 61.25 | H36: =(E36+F36)/D36 -> 1.0719512 | I36: 1662.33 | J36: 5.95 | K36: =J36/D36 -> 0.015774125 | L36: =J36*G36 -> 364.4375 | M36: =((E36+F36)-D36)-J36 -> 21.19 | N36: =M36/D36 -> 0.056177094 | O36: 組合室 | P36: 抓樣不穩 | Q36: 麵體拌醬，會較容易互黏。操作手法需持續校正 | R36: 莎莎烤雞麵沙拉
A37: 10 | B37: 胡麻沙拉醬(114.07) | C37: 1290.24 | D37: 50 | E37: 58.03 | F37: 2.4 | G37: 149.16 | H37: =(E37+F37)/D37 -> 1.2086 | I37: 1555.74 | J37: 1.78 | K37: =J37/D37 -> 0.0356 | L37: =J37*G37 -> 265.5048 | M37: =((E37+F37)-D37)-J37 -> 8.65 | N37: =M37/D37 -> 0.173 | O37: 組合室 | P37: 抓樣不穩 | Q37: 刮板挖取使用，持續上抽測確認人員使用準確度 | R37: 地瓜瓜握沙拉
A39: 共用類報廢金額前十名半成品
A40: 明細展開
A41: 排序 | B41: 半成品
B42: 名稱 | C42: 報廢金額 排序 | D42: 共用類總金額 占比
A44: 1 | B44: 蒸基礎風味雞肉絲 | C44: 447.07 | D44: =C44/$L$5 -> 0.18241203
A45: 2 | B45: 電解消毒切段美生菜2-3cm | C45: 420.06 | D45: =C45/$L$5 -> 0.1713915
A46: 3 | B46: 電解消毒十字切美生菜 | C46: 406.71 | D46: =C46/$L$5 -> 0.16594448
A47: 4 | B47: 電解消毒混合紅K高麗絲 | C47: 399.44 | D47: =C47/$L$5 -> 0.1629782
A48: 5 | B48: 電解消毒雙色高麗菜絲(7:3) | C48: 385.58 | D48: =C48/$L$5 -> 0.15732308
A49: 6 | B49: 青醬優格(113.06) | C49: 210.63 | D49: =C49/$L$5 -> 0.08594056
A50: 7 | B50: 電解消毒蔥花 | C50: 181.39 | D50: =C50/$L$5 -> 0.074010151
A51: 8 | D51: =C51/$L$5 -> 0
A52: 9 | D52: =C52/$L$5 -> 0
A53: 10 | D53: =C53/$L$5 -> 0
A54: ※炊飯類不納入半成品廢棄計算
A56: ※淺黃色為工廠自填項目

Sheet 0817分析標準表 
A1: 新豐廠半成品管理分析
A2: 日期 | C2: 營業額 | D2: 報廢展開 | F2: 超用展開 | H2: 報廢展開 | J2: 超用展開 | L2: 報廢展開
A3: 45886 | C3: 5735188.3 | D3: 總報廢 | F3: 總超用 | H3: 報廢-前10名 | J3: 超用-前10名 | L3: 共用類-總報廢
D4: 金額 | E4: 占比(營業額) | F4: 金額 | G4: 占比(營業額) | H4: 金額 | I4: 占比(總報廢) | J4: 金額 | K4: 占比(總超用) | L4: 金額 | M4: 占比(總報廢)
A5: 年度KPI目標0.25% | D5: 13950.53 | E5: =D5/C3 -> 0.002432445 | F5: 49138.1 | G5: =F5/C3 -> 0.0085678268 | H5: =SUM(C12:C21) -> 5915.6 | I5: =H5/D5 -> 0.42404124 | J5: =SUM(C28:C37) -> 37558.52 | K5: =J5/F5 -> 0.7643462 | L5: 5576.01 | M5: =L5/D5 -> 0.39969879
A7: 報廢金額前十名半成品
A8: 明細展開 | D8: 生產資訊 | O8: 類別 | P8: 分析原因 (請填寫8大原因) | Q8: 其他原因說明 | R8: 備註-商品名稱
A9: 排序 | B9: 半成品 | D9: 生產端 | J9: 組合端
B10: 名稱 | C10: 報廢金額 排序 | D10: 產出量 | J10: 報廢 | L10: 超用
D11: 訂單需求 (kg) | E11: 實際產出 (kg) | F11: 補單 (kg) | G11: 單價 (元) | H11: 實際生產 (對比訂單需求) | I11: 差異 (元) | J11: kg | K11: 占比 | L11: kg | M11: 占比 | N11: 金額 (元)
A12: 1 | B12: 電解消毒切段美生菜2-3cm | C12: 1239.81 | D12: 395.6 | E12: 415.1 | F12: 10.72 | G12: 156.74 | H12: =(E12+F12)/D12 -> 1.0763903 | I12: 4736.68 | J12: 7.91 | K12: =J12/D12 -> 0.019994944 | L12: =((E12+F12)-D12)-J12 -> 22.31 | M12: =L12/D12 -> 0.056395349 | N12: =L12*G12 -> 3496.8694 | O12: 原物料 | P12: 原物料規格 | Q12: 原物料特性，梗葉比例重量差異大 | R12: 共用類
A13: 2 | B13: 電解消毒雙色高麗菜絲(7:3) | C13: 834.59 | D13: 250.95 | E13: 255.92 | F13: 11.75 | G13: 99.12 | H13: =(E13+F13)/D13 -> 1.0666268 | I13: 1657.29 | J13: 8.42 | K13: =J13/D13 -> 0.0335525 | L13: =((E13+F13)-D13)-J13 -> 8.3 | M13: =L13/D13 -> 0.033074318 | N13: =L13*G13 -> 822.696 | O13: 組合端 | P13: 抓樣不穩 | Q13: 人員抓樣手感不穩 | R13: 共用類
A14: 3 | B14: 日式烤洋蔥絲(114年) | C14: 733.27 | D14: 96.14 | E14: 107.8 | F14: 0 | G14: 135.54 | H14: =(E14+F14)/D14 -> 1.1212815 | I14: 1580.4 | J14: 5.41 | K14: =J14/D14 -> 0.056272103 | L14: =((E14+F14)-D14)-J14 -> 6.25 | M14: =L14/D14 -> 0.065009361 | N14: =L14*G14 -> 847.125 | O14: 組合端 | P14: 抓樣不穩 | Q14: 人員抓樣手感不穩 | R14: 共用類
A15: 4 | B15: 蒸鼎泰豐香辣醬 | C15: 557.07 | D15: 24 | E15: 21.79 | F15: 3.3 | G15: 1012.86 | H15: =(E15+F15)/D15 -> 1.0454167 | I15: 1104.02 | J15: 0.55 | K15: =J15/D15 -> 0.022916667 | L15: =((E15+F15)-D15)-J15 -> 0.54 | M15: =L15/D15 -> 0.0225 | N15: =L15*G15 -> 546.9444 | O15: 調理端 | P15: 展開量105% | Q15: 調理多產預留超用量 | R15: 二配香辣醬蒜味香腸蛋炒飯
A16: 5 | B16: 煮桂芳白醬(114年) | C16: 480.41 | D16: 14.44 | E16: 18.1 | F16: 0 | G16: 262.52 | H16: =(E16+F16)/D16 -> 1.2534626 | I16: 960.82 | J16: 1.83 | K16: =J16/D16 -> 0.1267313 | L16: =((E16+F16)-D16)-J16 -> 1.83 | M16: =L16/D16 -> 0.1267313 | N16: =L16*G16 -> 480.4116 | O16: 調理端 | P16: 展開量105% | Q16: 調理多產預留超用量 | R16: 哞哞奶香白醬火腿蛋堡
A17: 6 | B17: (V)電解消毒小黃瓜絲 | C17: 477.9 | D17: 76.14 | E17: 82.24 | F17: 0 | G17: 156.69 | H17: =(E17+F17)/D17 -> 1.0801156 | I17: 955.81 | J17: 3.05 | K17: =J17/D17 -> 0.040057788 | L17: =((E17+F17)-D17)-J17 -> 3.05 | M17: =L17/D17 -> 0.040057788 | N17: =L17*G17 -> 477.9045 | O17: 組合端 | P17: 抓樣不穩 | Q17: 人員抓樣手感不穩 | R17: 共用類
A18: 7 | B18: 炒金鉤蝦肉燥(112年) | C18: 445.62 | D18: 12.34 | E18: 12.52 | F18: 2 | G18: 408.83 | H18: =(E18+F18)/D18 -> 1.1766613 | I18: 891.25 | J18: 1.09 | K18: =J18/D18 -> 0.088330632 | L18: =((E18+F18)-D18)-J18 -> 1.09 | M18: =L18/D18 -> 0.088330632 | N18: =L18*G18 -> 445.6247 | O18: 組合端 | P18: 抓樣不穩 | Q18: 組合補單退回 | R18: 古早味炒炊粉
A19: 8 | B19: 青醬優格(113.06) | C19: 387.76 | D19: 77.63 | E19: 82.49 | F19: 0 | G19: 159.57 | H19: =(E19+F19)/D19 -> 1.0626047 | I19: 775.51 | J19: 2.43 | K19: =J19/D19 -> 0.031302332 | L19: =((E19+F19)-D19)-J19 -> 2.43 | M19: =L19/D19 -> 0.031302332 | N19: =L19*G19 -> 387.7551 | O19: 調理端 | P19: 展開量105% | Q19: 調理多產預留超用量 | R19: 共用類
A20: 9 | B20: 電解消毒十字切美生菜 | C20: 387.12 | D20: 224.63 | E20: 217.57 | F20: 12 | G20: 156.73 | H20: =(E20+F20)/D20 -> 1.0219917 | I20: 774.25 | J20: 2.47 | K20: =J20/D20 -> 0.01099586 | L20: =((E20+F20)-D20)-J20 -> 2.47 | M20: =L20/D20 -> 0.01099586 | N20: =L20*G20 -> 387.1231 | O20: 原物料 | P20: 原物料規格 | Q20: 原物料特性，梗葉比例重量差異大 | R20: 共用類
A21: 10 | B21: 炒素鬆(新豐113.04) | C21: 372.05 | D21: 42.48 | E21: 42.21 | F21: 3 | G21: 271.57 | H21: =(E21+F21)/D21 -> 1.0642655 | I21: 741.39 | J21: 1.37 | K21: =J21/D21 -> 0.032250471 | L21: =((E21+F21)-D21)-J21 -> 1.36 | M21: =L21/D21 -> 0.032015066 | N21: =L21*G21 -> 369.3352 | O21: 組合端 | P21: 抓樣不穩 | Q21: 組合補單退回 | R21: 地瓜瓜握沙拉
A23: 超用金額前十名半成品
A24: 明細展開 | D24: 生產資訊 | O24: 類別 | P24: 分析原因 (請填寫8大原因) | Q24: 其他原因說明 | R24: 備註-商品名稱
A25: 排序 | B25: 半成品 | D25: 生產端 | J25: 組合端
B26: 名稱 | C26: 超用金額 排序 | D26: 產出量 | J26: 報廢 | M26: 超用
D27: 訂單需求 (kg) | E27: 實際產出 (kg) | F27: 補單 (kg) | G27: 單價 (元) | H27: 實際生產 (對比訂單需求) | I27: 差異 (元) | J27: kg | K27: 占比 | L27: 金額 (元) | M27: kg | N27: 占比
A28: 1 | B28: 果香甘口咖哩腿丁 | C28: 6704.55 | D28: 98.58 | E28: 112.01 | F28: 7.91 | G28: 331.58 | H28: =(E28+F28)/D28 -> 1.2164739 | I28: 7075.92 | J28: 1.12 | K28: =J28/D28 -> 0.011361331 | L28: =J28*G28 -> 371.3696 | M28: =((E28+F28)-D28)-J28 -> 20.22 | N28: =M28/D28 -> 0.2051126 | O28: 組合室 | P28: 抓樣不穩 | Q28: 秤重物料，過多無法剝除 | R28: 二配金咖哩果香甘口咖哩飯
A29: 2 | B29: 切新重煙燻火腿0.9mm | C29: 6444.18 | D29: 111.49 | E29: 131.62 | F29: 11.88 | G29: 212.89 | H29: =(E29+F29)/D29 -> 1.287111 | I29: 6814.61 | J29: 1.74 | K29: =J29/D29 -> 0.015606781 | L29: =J29*G29 -> 370.4286 | M29: =((E29+F29)-D29)-J29 -> 30.27 | N29: =M29/D29 -> 0.27150417 | O29: 組合室 | P29: 抓樣不穩 | Q29: 抓樣使用，使用上會較難一片片分開 | R29: 共用類
A30: 3 | B30: 青檸沙拉醬(113.03) | C30: 4456.45 | D30: 157.74 | E30: 175.84 | F30: 19.8 | G30: 127.4 | H30: =(E30+F30)/D30 -> 1.2402688 | I30: 4828.46 | J30: 2.92 | K30: =J30/D30 -> 0.018511475 | L30: =J30*G30 -> 372.008 | M30: =((E30+F30)-D30)-J30 -> 34.98 | N30: =M30/D30 -> 0.22175732 | O30: 組合室 | P30: 抓樣不穩 | Q30: 冰杓定量挖取(使用量上會較起伏)，持續上抽測確認人員使用準確度 | R30: 共用類
A31: 4 | B31: 油亮後腿肉絲 | C31: 3993.04 | D31: 49.13 | E31: 58.96 | F31: 2.9 | G31: 342.75 | H31: =(E31+F31)/D31 -> 1.2591085 | I31: 4363.21 | J31: 1.08 | K31: =J31/D31 -> 0.021982495 | L31: =J31*G31 -> 370.17 | M31: =((E31+F31)-D31)-J31 -> 11.65 | N31: =M31/D31 -> 0.23712599 | O31: 組合室 | P31: 抓樣不穩 | Q31: 秤重物料，過多無法剝除 | R31: 二配香拌海鮮醬肉絲蛋炒飯
A32: 5 | B32: 電解消毒切段美生菜2-3cm | C32: 3496.87 | D32: 395.6 | E32: 415.1 | F32: 10.72 | G32: 156.74 | H32: =(E32+F32)/D32 -> 1.0763903 | I32: 4736.68 | J32: 7.91 | K32: =J32/D32 -> 0.019994944 | L32: =J32*G32 -> 1239.8134 | M32: =((E32+F32)-D32)-J32 -> 22.31 | N32: =M32/D32 -> 0.056395349 | O32: 組合室 | P32: 抓樣不穩 | Q32: 秤重物料，過多無法剝除 | R32: 共用類
A33: 6 | B33: 親子丼-滑蛋(114年) | C33: 3411.72 | D33: 470.68 | E33: 496.12 | F33: 21.2 | G33: 81 | H33: =(E33+F33)/D33 -> 1.0990907 | I33: 3777.84 | J33: 4.52 | K33: =J33/D33 -> 0.0096031274 | L33: =J33*G33 -> 366.12 | M33: =((E33+F33)-D33)-J33 -> 42.12 | N33: =M33/D33 -> 0.08948755 | O33: 組合室 | P33: 抓樣不穩 | Q33: 冰杓定量挖取(使用量上會較起伏)，持續上抽測確認人員使用準確度 | R33: 共用類
A34: 7 | B34: 油亮蒜味香腸片 | C34: 3183.2 | D34: 80.73 | E34: 86.34 | F34: 5.55 | G34: 318.32 | H34: =(E34+F34)/D34 -> 1.1382386 | I34: 3552.45 | J34: 1.16 | K34: =J34/D34 -> 0.014368884 | L34: =J34*G34 -> 369.2512 | M34: =((E34+F34)-D34)-J34 -> 10 | N34: =M34/D34 -> 0.12386969 | O34: 組合室 | P34: 抓樣不穩 | Q34: 秤重物料，過多無法剝除 | R34: 二配香辣醬蒜味香腸蛋炒飯
A35: 8 | B35: 鼎泰豐-黃金蛋炒飯(112年) | C35: 2827.62 | D35: 610.96 | E35: 635.46 | F35: 28 | G35: 60.94 | H35: =(E35+F35)/D35 -> 1.0859303 | I35: 3199.35 | J35: 6.1 | K35: =J35/D35 -> 0.009984287 | L35: =J35*G35 -> 371.734 | M35: =((E35+F35)-D35)-J35 -> 46.4 | N35: =M35/D35 -> 0.075946052 | O35: 組合室 | P35: 抓樣不穩 | Q35: 秤重物料，人員秤重精準度需再提升 | R35: 二配香辣醬蒜味香腸蛋炒飯
A36: 9 | B36: 藍莓優格奶油霜(114.05) | C36: 2176.55 | D36: 32.93 | E36: 37.23 | F36: 5.12 | G36: 268.71 | H36: =(E36+F36)/D36 -> 1.2860613 | I36: 2531.25 | J36: 1.32 | K36: =J36/D36 -> 0.040085029 | L36: =J36*G36 -> 354.6972 | M36: =((E36+F36)-D36)-J36 -> 8.1 | N36: =M36/D36 -> 0.24597631 | O36: 組合室 | P36: 抓樣不穩 | Q36: 冰杓定量挖取(使用量上會較起伏)，持續上抽測確認人員使用準確度 | R36: 藍莓優格三明治(114年)
A37: 10 | B37: 電解消毒切段廣東A | C37: 864.34 | D37: 11.71 | E37: 13.64 | F37: 2.5 | G37: 278.82 | H37: =(E37+F37)/D37 -> 1.3783091 | I37: 1235.17 | J37: 1.33 | K37: =J37/D37 -> 0.11357814 | L37: =J37*G37 -> 370.8306 | M37: =((E37+F37)-D37)-J37 -> 3.1 | N37: =M37/D37 -> 0.264731 | O37: 組合室 | P37: 抓樣不穩 | Q37: 原物料特性，梗葉比例重量差異，抓樣不穩 | R37: 莎莎烤雞麵沙拉
A39: 共用類報廢金額前十名半成品
A40: 明細展開
A41: 排序 | B41: 半成品
B42: 名稱 | C42: 報廢金額 排序 | D42: 共用類總金額 占比
A44: 1 | B44: 電解消毒切段美生菜2-3cm | C44: 1239.81 | D44: =C44/$L$5 -> 0.22234716
A45: 2 | B45: 電解消毒雙色高麗菜絲(7:3) | C45: 834.59 | D45: =C45/$L$5 -> 0.14967513
A46: 3 | B46: 日式烤洋蔥絲(114年) | C46: 733.27 | D46: =C46/$L$5 -> 0.13150443
A47: 4 | B47: (V)電解消毒小黃瓜絲 | C47: 477.9 | D47: =C47/$L$5 -> 0.085706446
A48: 5 | B48: 青醬優格(113.06) | C48: 387.76 | D48: =C48/$L$5 -> 0.069540765
A49: 6 | B49: 電解消毒十字切美生菜 | C49: 387.12 | D49: =C49/$L$5 -> 0.069425987
A50: 7 | B50: 青檸沙拉醬(113.03) | C50: 372.01 | D50: =C50/$L$5 -> 0.066716164
A51: 8 | B51: 切新重煙燻火腿0.9mm | C51: 370.43 | D51: =C51/$L$5 -> 0.066432808
A52: 9 | B52: 親子丼-滑蛋(114年) | C52: 366.12 | D52: =C52/$L$5 -> 0.065659854
A53: 10 | B53: 電解消毒蔥花 | C53: 323.24 | D53: =C53/$L$5 -> 0.057969767
A54: ※炊飯類不納入半成品廢棄計算
A56: ※淺黃色為工廠自填項目

Sheet 0816分析標準表 
A1: 新豐廠半成品管理分析
A2: 日期 | C2: 營業額 | D2: 報廢展開 | F2: 超用展開 | H2: 報廢展開 | J2: 超用展開 | L2: 報廢展開
A3: 45885 | C3: 4483117.5 | D3: 總報廢 | F3: 總超用 | H3: 報廢-前10名 | J3: 超用-前10名 | L3: 共用類-總報廢
D4: 金額 | E4: 占比(營業額) | F4: 金額 | G4: 占比(營業額) | H4: 金額 | I4: 占比(總報廢) | J4: 金額 | K4: 占比(總超用) | L4: 金額 | M4: 占比(總報廢)
A5: 年度KPI目標0.25% | D5: 10769.01 | E5: =D5/C3 -> 0.0024021253 | F5: 38544.86 | G5: =F5/C3 -> 0.0085977805 | H5: =SUM(C12:C21) -> 5301.32 | I5: =H5/D5 -> 0.49227552 | J5: =SUM(C28:C37) -> 26226.56 | K5: =J5/F5 -> 0.68041653 | L5: 2679.56 | M5: =L5/D5 -> 0.24882139
A7: 報廢金額前十名半成品
A8: 明細展開 | D8: 生產資訊 | O8: 類別 | P8: 分析原因 (請填寫8大原因) | Q8: 其他原因說明 | R8: 備註-商品名稱
A9: 排序 | B9: 半成品 | D9: 生產端 | J9: 組合端
B10: 名稱 | C10: 報廢金額 排序 | D10: 產出量 | J10: 報廢 | L10: 超用
D11: 訂單需求 (kg) | E11: 實際產出 (kg) | F11: 補單 (kg) | G11: 單價 (元) | H11: 實際生產 (對比訂單需求) | I11: 差異 (元) | J11: kg | K11: 占比 | L11: kg | M11: 占比 | N11: 金額 (元)
A12: 1 | B12: 油亮後腿肉絲 | C12: 819.17 | D12: 42.46 | E12: 49.26 | F12: 0 | G12: 342.75 | H12: =(E12+F12)/D12 -> 1.1601507 | I12: 2330.7 | J12: 2.39 | K12: =J12/D12 -> 0.056288271 | L12: =((E12+F12)-D12)-J12 -> 4.41 | M12: =L12/D12 -> 0.10386246 | N12: =L12*G12 -> 1511.5275 | O12: 調理端 | P12: 展開量105% | Q12: 調理多產預留超用量 | R12: 二配香拌海鮮醬肉絲蛋炒飯
A13: 2 | B13: 蒸基礎風味雞肉絲 | C13: 787.51 | D13: 77.64 | E13: 79.21 | F13: 6 | G13: 410.16 | H13: =(E13+F13)/D13 -> 1.0975013 | I13: 3104.91 | J13: 1.92 | K13: =J13/D13 -> 0.024729521 | L13: =((E13+F13)-D13)-J13 -> 5.65 | M13: =L13/D13 -> 0.072771767 | N13: =L13*G13 -> 2317.404 | O13: 組合端 | P13: 抓樣不穩 | Q13: 人員抓樣手感不穩 | R13: 共用類
A14: 3 | B14: 炙烤雞腿丁(113年) | C14: 749.48 | D14: 53.09 | E14: 59.37 | F14: 0 | G14: 365.6 | H14: =(E14+F14)/D14 -> 1.1182897 | I14: 2295.97 | J14: 2.05 | K14: =J14/D14 -> 0.038613675 | L14: =((E14+F14)-D14)-J14 -> 4.23 | M14: =L14/D14 -> 0.079676022 | N14: =L14*G14 -> 1546.488 | O14: 調理端 | P14: 展開量105% | Q14: 調理多產預留超用量 | R14: 極上炙烤親子丼
A15: 4 | B15: 電解消毒切段甜脆 | C15: 637.95 | D15: 10.75 | E15: 13.55 | F15: 0 | G15: 469.08 | H15: =(E15+F15)/D15 -> 1.2604651 | I15: 1313.42 | J15: 1.36 | K15: =J15/D15 -> 0.12651163 | L15: =((E15+F15)-D15)-J15 -> 1.44 | M15: =L15/D15 -> 0.13395349 | N15: =L15*G15 -> 675.4752 | O15: 組合端 | P15: 抓樣不穩 | Q15: 人員抓樣手感不穩 | R15: 蔥鹽雞肉麵沙拉(114年)
A16: 5 | B16: 電解消毒雙色高麗菜絲(7:3) | C16: 575.89 | D16: 183.37 | E16: 178.2 | F16: 17.5 | G16: 99.12 | H16: =(E16+F16)/D16 -> 1.0672411 | I16: 1222.15 | J16: 5.81 | K16: =J16/D16 -> 0.031684572 | L16: =((E16+F16)-D16)-J16 -> 6.52 | M16: =L16/D16 -> 0.035556525 | N16: =L16*G16 -> 646.2624 | O16: 組合端 | P16: 抓樣不穩 | Q16: 人員抓樣手感不穩 | R16: 共用類
A17: 6 | B17: (V)黑胡椒燴汁 | C17: 466.04 | D17: 41.25 | E17: 53.1 | F17: 0 | G17: 81.05 | H17: =(E17+F17)/D17 -> 1.2872727 | I17: 960.44 | J17: 5.75 | K17: =J17/D17 -> 0.13939394 | L17: =((E17+F17)-D17)-J17 -> 6.1 | M17: =L17/D17 -> 0.14787879 | N17: =L17*G17 -> 494.405 | O17: 組合端 | P17: 其他原因 | Q17: 人員不慎打翻 | R17: 二配黑胡椒素豬若飯
A18: 7 | B18: 電解消毒切段美生菜2-3cm | C18: 391.85 | D18: 301.29 | E18: 300.12 | F18: 20.4 | G18: 156.74 | H18: =(E18+F18)/D18 -> 1.0638256 | I18: 3014.11 | J18: 2.5 | K18: =J18/D18 -> 0.0082976534 | L18: =((E18+F18)-D18)-J18 -> 16.73 | M18: =L18/D18 -> 0.055527897 | N18: =L18*G18 -> 2622.2602 | O18: 原物料 | P18: 原物料規格 | Q18: 原物料特性，梗葉比例重量差異大 | R18: 共用類
A19: 8 | B19: 電解消毒混合蔥鹽蔬菜絲 | C19: 376.01 | D19: 40.3 | E19: 46.8 | F19: 0 | G19: 118.99 | H19: =(E19+F19)/D19 -> 1.1612903 | I19: 773.44 | J19: 3.16 | K19: =J19/D19 -> 0.078411911 | L19: =((E19+F19)-D19)-J19 -> 3.34 | M19: =L19/D19 -> 0.082878412 | N19: =L19*G19 -> 397.4266 | O19: 組合端 | P19: 抓樣不穩 | Q19: 人員抓樣手感不穩 | R19: 蔥鹽雞肉麵沙拉(114年)
A20: 9 | B20: 電解消毒紫洋蔥(去皮)切絲 | C20: 256.92 | D20: 30.61 | E20: 35.71 | F20: 0 | G20: 113.18 | H20: =(E20+F20)/D20 -> 1.1666122 | I20: 577.22 | J20: 2.27 | K20: =J20/D20 -> 0.074158772 | L20: =((E20+F20)-D20)-J20 -> 2.83 | M20: =L20/D20 -> 0.092453447 | N20: =L20*G20 -> 320.2994 | O20: 組合端 | P20: 抓樣不穩 | Q20: 人員抓樣手感不穩 | R20: 莎莎烤雞麵沙拉
A21: 10 | B21: 雞蛋沙拉(A) | C21: 240.5 | D21: 147 | E21: 138.71 | F21: 12.5 | G21: 185 | H21: =(E21+F21)/D21 -> 1.0286395 | I21: 778.85 | J21: 1.3 | K21: =J21/D21 -> 0.0088435374 | L21: =((E21+F21)-D21)-J21 -> 2.91 | M21: =L21/D21 -> 0.019795918 | N21: =L21*G21 -> 538.35 | O21: 組合端 | P21: 抓樣不穩 | Q21: 組合補單退回 | R21: 雞蛋沙拉三明治
A23: 超用金額前十名半成品
A24: 明細展開 | D24: 生產資訊 | O24: 類別 | P24: 分析原因 (請填寫8大原因) | Q24: 其他原因說明 | R24: 備註-商品名稱
A25: 排序 | B25: 半成品 | D25: 生產端 | J25: 組合端
B26: 名稱 | C26: 超用金額 排序 | D26: 產出量 | J26: 報廢 | M26: 超用
D27: 訂單需求 (kg) | E27: 實際產出 (kg) | F27: 補單 (kg) | G27: 單價 (元) | H27: 實際生產 (對比訂單需求) | I27: 差異 (元) | J27: kg | K27: 占比 | L27: 金額 (元) | M27: kg | N27: 占比
A28: 1 | B28: 果香甘口咖哩腿丁 | C28: 5451.17 | D28: 84.04 | E28: 96.55 | F28: 4.65 | G28: 331.58 | H28: =(E28+F28)/D28 -> 1.2041885 | I28: 5689.91 | J28: 0.72 | K28: =J28/D28 -> 0.0085673489 | L28: =J28*G28 -> 238.7376 | M28: =((E28+F28)-D28)-J28 -> 16.44 | N28: =M28/D28 -> 0.19562113 | O28: 組合室 | P28: 抓樣不穩 | Q28: 秤重物料，過多無法剝除 | R28: 二配金咖哩果香甘口咖哩飯
A29: 2 | B29: 切新重煙燻火腿0.9mm | C29: 4391.92 | D29: 74.97 | E29: 90.12 | F29: 6.6 | G29: 212.89 | H29: =(E29+F29)/D29 -> 1.290116 | I29: 4630.36 | J29: 1.12 | K29: =J29/D29 -> 0.014939309 | L29: =J29*G29 -> 238.4368 | M29: =((E29+F29)-D29)-J29 -> 20.63 | N29: =M29/D29 -> 0.27517674 | O29: 組合室 | P29: 抓樣不穩 | Q29: 抓樣使用，使用上會較難一片片分開 | R29: 共用類
A30: 3 | B30: 青檸沙拉醬(113.03) | C30: 3066.52 | D30: 115.26 | E30: 130.21 | F30: 11 | G30: 127.4 | H30: =(E30+F30)/D30 -> 1.2251432 | I30: 3306.03 | J30: 1.88 | K30: =J30/D30 -> 0.016310949 | L30: =J30*G30 -> 239.512 | M30: =((E30+F30)-D30)-J30 -> 24.07 | N30: =M30/D30 -> 0.20883221 | O30: 組合室 | P30: 抓樣不穩 | Q30: 冰杓定量挖取(使用量上會較起伏)，持續上抽測確認人員使用準確度 | R30: 共用類
A31: 4 | B31: 古早味拌炊粉(112年) | C31: 2960.45 | D31: 252.25 | E31: 295.12 | F31: 12.5 | G31: 57.81 | H31: =(E31+F31)/D31 -> 1.2195045 | I31: 3200.94 | J31: 4.16 | K31: =J31/D31 -> 0.016491576 | L31: =J31*G31 -> 240.4896 | M31: =((E31+F31)-D31)-J31 -> 51.21 | N31: =M31/D31 -> 0.20301288 | O31: 組合室 | P31: 抓樣不穩 | Q31: 秤重物料，油脂凝結人員不好拉斷 & 操作 | R31: 古早味炒炊粉
A32: 5 | B32: 電解消毒切段美生菜2-3cm | C32: 2622.26 | D32: 301.29 | E32: 300.12 | F32: 20.4 | G32: 156.74 | H32: =(E32+F32)/D32 -> 1.0638256 | I32: 3014.11 | J32: 2.5 | K32: =J32/D32 -> 0.0082976534 | L32: =J32*G32 -> 391.85 | M32: =((E32+F32)-D32)-J32 -> 16.73 | N32: =M32/D32 -> 0.055527897 | O32: 組合室 | P32: 抓樣不穩 | Q32: 秤重物料，過多無法剝除 | R32: 共用類
A33: 6 | B33: 蒸基礎風味雞肉絲 | C33: 2317.4 | D33: 77.64 | E33: 79.21 | F33: 6 | G33: 410.16 | H33: =(E33+F33)/D33 -> 1.0975013 | I33: 3104.91 | J33: 1.92 | K33: =J33/D33 -> 0.024729521 | L33: =J33*G33 -> 787.5072 | M33: =((E33+F33)-D33)-J33 -> 5.65 | N33: =M33/D33 -> 0.072771767 | O33: 組合室 | P33: 抓樣不穩 | Q33: 秤重物料，過多無法剝除 | R33: 共用類
A34: 7 | B34: 炙烤雞腿丁(113年) | C34: 1546.49 | D34: 53.09 | E34: 59.37 | F34: 0 | G34: 365.6 | H34: =(E34+F34)/D34 -> 1.1182897 | I34: 2295.97 | J34: 2.05 | K34: =J34/D34 -> 0.038613675 | L34: =J34*G34 -> 749.48 | M34: =((E34+F34)-D34)-J34 -> 4.23 | N34: =M34/D34 -> 0.079676022 | O34: 組合室 | P34: 抓樣不穩 | Q34: 秤重物料，過多無法剝除 | R34: 極上炙烤親子丼
A35: 8 | B35: 油亮後腿肉絲 | C35: 1511.53 | D35: 42.46 | E35: 49.26 | F35: 0 | G35: 342.75 | H35: =(E35+F35)/D35 -> 1.1601507 | I35: 2330.7 | J35: 2.39 | K35: =J35/D35 -> 0.056288271 | L35: =J35*G35 -> 819.1725 | M35: =((E35+F35)-D35)-J35 -> 4.41 | N35: =M35/D35 -> 0.10386246 | O35: 組合室 | P35: 抓樣不穩 | Q35: 秤重物料，過多無法剝除 | R35: 二配香拌海鮮醬肉絲蛋炒飯
A36: 9 | B36: 電解消毒切段廣東A | C36: 1210.08 | D36: 9.18 | E36: 10.69 | F36: 3.15 | G36: 278.82 | H36: =(E36+F36)/D36 -> 1.5076253 | I36: 1299.3 | J36: 0.32 | K36: =J36/D36 -> 0.034858388 | L36: =J36*G36 -> 89.2224 | M36: =((E36+F36)-D36)-J36 -> 4.34 | N36: =M36/D36 -> 0.47276688 | O36: 組合室 | P36: 抓樣不穩 | Q36: 原物料特性，梗葉比例重量差異，抓樣不穩 | R36: 莎莎烤雞麵沙拉
A37: 10 | B37: 瘋狂奶油起司(113.11) | C37: 1148.74 | D37: 22.58 | E37: 24.16 | F37: 4.2 | G37: 212.73 | H37: =(E37+F37)/D37 -> 1.2559787 | I37: 1229.58 | J37: 0.38 | K37: =J37/D37 -> 0.016829052 | L37: =J37*G37 -> 80.8374 | M37: =((E37+F37)-D37)-J37 -> 5.4 | N37: =M37/D37 -> 0.23914969 | O37: 組合室 | P37: 抓樣不穩 | Q37: 冰杓定量挖取(使用量上會較起伏)，持續上抽測確認人員使用準確度 | R37: 瘋狂起司三明治(113年)
A39: 共用類報廢金額前十名半成品
A40: 明細展開
A41: 排序 | B41: 半成品
B42: 名稱 | C42: 報廢金額 排序 | D42: 共用類總金額 占比
A44: 1 | B44: 蒸基礎風味雞肉絲 | C44: 787.51 | D44: =C44/$L$5 -> 0.29389527
A45: 2 | B45: 電解消毒雙色高麗菜絲(7:3) | C45: 575.89 | D45: =C45/$L$5 -> 0.21491961
A46: 3 | B46: 電解消毒切段美生菜2-3cm | C46: 391.85 | D46: =C46/$L$5 -> 0.1462367
A47: 4 | B47: 青檸沙拉醬(113.03) | C47: 239.51 | D47: =C47/$L$5 -> 0.089384078
A48: 5 | B48: 切新重煙燻火腿0.9mm | C48: 238.44 | D48: =C48/$L$5 -> 0.088984759
A49: 6 | B49: 電解消毒混合紅K高麗絲 | C49: 236.94 | D49: =C49/$L$5 -> 0.088424965
A50: 7 | B50: 青醬優格(113.06) | C50: 90.95 | D50: =C50/$L$5 -> 0.03394214
A51: 8 | B51: F-台式特級沙拉醬 | C51: 56.16 | D51: =C51/$L$5 -> 0.020958665
A52: 9 | B52: 蒸紫米薏仁 | C52: 34.41 | D52: =C52/$L$5 -> 0.012841661
A53: 10 | B53: 可果美蕃茄醬 | C53: 27.9 | D53: =C53/$L$5 -> 0.010412157
A54: ※炊飯類不納入半成品廢棄計算
A56: ※淺黃色為工廠自填項目

Sheet 0815分析標準表 
A1: 新豐廠半成品管理分析
A2: 日期 | C2: 營業額 | D2: 報廢展開 | F2: 超用展開 | H2: 報廢展開 | J2: 超用展開 | L2: 報廢展開
A3: 45884 | C3: 4456648 | D3: 總報廢 | F3: 總超用 | H3: 報廢-前10名 | J3: 超用-前10名 | L3: 共用類-總報廢
D4: 金額 | E4: 占比(營業額) | F4: 金額 | G4: 占比(營業額) | H4: 金額 | I4: 占比(總報廢) | J4: 金額 | K4: 占比(總超用) | L4: 金額 | M4: 占比(總報廢)
A5: 年度KPI目標0.25% | D5: 10695.08 | E5: =D5/C3 -> 0.0023998036 | F5: 38326.7 | G5: =F5/C3 -> 0.0085998938 | H5: =SUM(C12:C21) -> 4755.1 | I5: =H5/D5 -> 0.4446063 | J5: =SUM(C28:C37) -> 23717.95 | K5: =J5/F5 -> 0.61883622 | L5: 5570.39 | M5: =L5/D5 -> 0.52083668
A7: 報廢金額前十名半成品
A8: 明細展開 | D8: 生產資訊 | O8: 類別 | P8: 分析原因 (請填寫8大原因) | Q8: 其他原因說明 | R8: 備註-商品名稱
A9: 排序 | B9: 半成品 | D9: 生產端 | J9: 組合端
B10: 名稱 | C10: 報廢金額 排序 | D10: 產出量 | J10: 報廢 | L10: 超用
D11: 訂單需求 (kg) | E11: 實際產出 (kg) | F11: 補單 (kg) | G11: 單價 (元) | H11: 實際生產 (對比訂單需求) | I11: 差異 (元) | J11: kg | K11: 占比 | L11: kg | M11: 占比 | N11: 金額 (元)
A12: 1 | B12: 烤鹹蛋黃碎 | C12: 971.93 | D12: 10.28 | E12: 11.55 | F12: 0 | G12: 1567.63 | H12: =(E12+F12)/D12 -> 1.1235409 | I12: 1990.89 | J12: 0.62 | K12: =J12/D12 -> 0.060311284 | L12: =((E12+F12)-D12)-J12 -> 0.65 | M12: =L12/D12 -> 0.063229572 | N12: =L12*G12 -> 1018.9595 | O12: 調理端 | P12: 展開量105% | Q12: 調理多產預留超用量 | R12: 二配美味蟹煲
A13: 2 | B13: 電解消毒切段美生菜2-3cm | C13: 873.04 | D13: 283.99 | E13: 285.68 | F13: 23.4 | G13: 156.74 | H13: =(E13+F13)/D13 -> 1.0883482 | I13: 3932.61 | J13: 5.57 | K13: =J13/D13 -> 0.019613367 | L13: =((E13+F13)-D13)-J13 -> 19.52 | M13: =L13/D13 -> 0.068734815 | N13: =L13*G13 -> 3059.5648 | O13: 原物料 | P13: 原物料規格 | Q13: 原物料特性，梗葉比例重量差異大 | R13: 共用類
A14: 3 | B14: 電解消毒三色高麗菜絲 | C14: 754.5 | D14: 42.39 | E14: 44.91 | F14: 5.75 | G14: 235.78 | H14: =(E14+F14)/D14 -> 1.1950932 | I14: 1949.9 | J14: 3.2 | K14: =J14/D14 -> 0.075489502 | L14: =((E14+F14)-D14)-J14 -> 5.07 | M14: =L14/D14 -> 0.11960368 | N14: =L14*G14 -> 1195.4046 | O14: 組合端 | P14: 抓樣不穩 | Q14: 人員抓樣手感不穩 | R14: 共用類
A15: 4 | B15: 肯瓊醬(114.04) | C15: 347.37 | D15: 42.39 | E15: 47.06 | F15: 0 | G15: 148.45 | H15: =(E15+F15)/D15 -> 1.1101675 | I15: 693.26 | J15: 2.34 | K15: =J15/D15 -> 0.055201699 | L15: =((E15+F15)-D15)-J15 -> 2.33 | M15: =L15/D15 -> 0.054965794 | N15: =L15*G15 -> 345.8885 | O15: 調理端 | P15: 展開量105% | Q15: 調理多產預留超用量 | R15: 共用類
A16: 5 | B16: 電解消毒雙色高麗菜絲(7:3) | C16: 338.99 | D16: 176.68 | E16: 166.02 | F16: 17.5 | G16: 99.12 | H16: =(E16+F16)/D16 -> 1.0387141 | I16: 677.98 | J16: 3.42 | K16: =J16/D16 -> 0.01935703 | L16: =((E16+F16)-D16)-J16 -> 3.42 | M16: =L16/D16 -> 0.01935703 | N16: =L16*G16 -> 338.9904 | O16: 組合端 | P16: 抓樣不穩 | Q16: 人員抓樣手感不穩 | R16: 共用類
A17: 6 | B17: 日式烤洋蔥絲(114年) | C17: 330.72 | D17: 77.92 | E17: 86.46 | F17: 0 | G17: 135.54 | H17: =(E17+F17)/D17 -> 1.1095996 | I17: 1157.51 | J17: 2.44 | K17: =J17/D17 -> 0.031314168 | L17: =((E17+F17)-D17)-J17 -> 6.1 | M17: =L17/D17 -> 0.078285421 | N17: =L17*G17 -> 826.794 | O17: 組合端 | P17: 抓樣不穩 | Q17: 人員抓樣手感不穩 | R17: 共用類
A18: 7 | B18: 青檸沙拉醬(113.03) | C18: 318.5 | D18: 111.06 | E18: 120.46 | F18: 0 | G18: 127.4 | H18: =(E18+F18)/D18 -> 1.0846389 | I18: 1197.56 | J18: 2.5 | K18: =J18/D18 -> 0.022510355 | L18: =((E18+F18)-D18)-J18 -> 6.9 | M18: =L18/D18 -> 0.062128579 | N18: =L18*G18 -> 879.06 | O18: 調理端 | P18: 展開量105% | Q18: 調理多產預留超用量 | R18: 共用類
A19: 8 | B19: 拌芥末雞蛋沙拉(114.07) | C19: 295.6 | D19: 225.51 | E19: 189.31 | F19: 40.2 | G19: 147.8 | H19: =(E19+F19)/D19 -> 1.0177376 | I19: 591.2 | J19: 2 | K19: =J19/D19 -> 0.0088687863 | L19: =((E19+F19)-D19)-J19 -> 2 | M19: =L19/D19 -> 0.0088687863 | N19: =L19*G19 -> 295.6 | O19: 組合端 | P19: 抓樣不穩 | Q19: 組合補單退回 | R19: 日式芥末蛋沙拉三明治
A20: 9 | B20: 電解消毒蔥花 | C20: 267.43 | D20: 21.17 | E20: 23.47 | F20: 0 | G20: 232.55 | H20: =(E20+F20)/D20 -> 1.1086443 | I20: 534.86 | J20: 1.15 | K20: =J20/D20 -> 0.054322154 | L20: =((E20+F20)-D20)-J20 -> 1.15 | M20: =L20/D20 -> 0.054322154 | N20: =L20*G20 -> 267.4325 | O20: 組合端 | P20: 抓樣不穩 | Q20: 人員抓樣手感不穩 | R20: 共用類
A21: 10 | B21: 電解消毒混合蔥鹽蔬菜絲 | C21: 257.02 | D21: 37.52 | E21: 38.98 | F21: 3 | G21: 118.99 | H21: =(E21+F21)/D21 -> 1.1188699 | I21: 530.7 | J21: 2.16 | K21: =J21/D21 -> 0.057569296 | L21: =((E21+F21)-D21)-J21 -> 2.3 | M21: =L21/D21 -> 0.06130064 | N21: =L21*G21 -> 273.677 | O21: 組合端 | P21: 抓樣不穩 | Q21: 人員抓樣手感不穩 | R21: 蔥鹽雞肉麵沙拉(114年)
A23: 超用金額前十名半成品
A24: 明細展開 | D24: 生產資訊 | O24: 類別 | P24: 分析原因 (請填寫8大原因) | Q24: 其他原因說明 | R24: 備註-商品名稱
A25: 排序 | B25: 半成品 | D25: 生產端 | J25: 組合端
B26: 名稱 | C26: 超用金額 排序 | D26: 產出量 | J26: 報廢 | M26: 超用
D27: 訂單需求 (kg) | E27: 實際產出 (kg) | F27: 補單 (kg) | G27: 單價 (元) | H27: 實際生產 (對比訂單需求) | I27: 差異 (元) | J27: kg | K27: 占比 | L27: 金額 (元) | M27: kg | N27: 占比
A28: 1 | B28: 蒸基礎風味雞肉絲 | C28: 4183.63 | D28: 74.08 | E28: 78.9 | F28: 6 | G28: 410.16 | H28: =(E28+F28)/D28 -> 1.1460583 | I28: 4437.93 | J28: 0.62 | K28: =J28/D28 -> 0.0083693305 | L28: =J28*G28 -> 254.2992 | M28: =((E28+F28)-D28)-J28 -> 10.2 | N28: =M28/D28 -> 0.13768898 | O28: 組合室 | P28: 抓樣不穩 | Q28: 秤重物料，過多無法剝除 | R28: 共用類
A29: 2 | B29: 油亮蒜味香腸片 | C29: 3737.07 | D29: 67.16 | E29: 76 | F29: 3.7 | G29: 318.32 | H29: =(E29+F29)/D29 -> 1.1867183 | I29: 3991.73 | J29: 0.8 | K29: =J29/D29 -> 0.011911852 | L29: =J29*G29 -> 254.656 | M29: =((E29+F29)-D29)-J29 -> 11.74 | N29: =M29/D29 -> 0.17480643 | O29: 組合室 | P29: 抓樣不穩 | Q29: 秤重物料，過多無法剝除 | R29: 二配香辣醬蒜味香腸蛋炒飯
A30: 3 | B30: 電解消毒美生菜(三明治用) | C30: 3549.04 | D30: 63.95 | E30: 66.65 | F30: 16 | G30: 203.5 | H30: =(E30+F30)/D30 -> 1.2924159 | I30: 3805.45 | J30: 1.26 | K30: =J30/D30 -> 0.019702893 | L30: =J30*G30 -> 256.41 | M30: =((E30+F30)-D30)-J30 -> 17.44 | N30: =M30/D30 -> 0.27271306 | O30: 組合室 | P30: 抓樣不穩 | Q30: 原物料特性，梗葉比例重量差異，抓樣不穩 | R30: 共用類
A31: 4 | B31: 電解消毒切段美生菜2-3cm | C31: 3059.57 | D31: 283.99 | E31: 285.68 | F31: 23.4 | G31: 156.74 | H31: =(E31+F31)/D31 -> 1.0883482 | I31: 3932.61 | J31: 5.57 | K31: =J31/D31 -> 0.019613367 | L31: =J31*G31 -> 873.0418 | M31: =((E31+F31)-D31)-J31 -> 19.52 | N31: =M31/D31 -> 0.068734815 | O31: 組合室 | P31: 抓樣不穩 | Q31: 秤重物料，過多無法剝除 | R31: 共用類
A32: 5 | B32: 油亮後腿肉絲 | C32: 1998.23 | D32: 37.03 | E32: 40.7 | F32: 2.9 | G32: 342.75 | H32: =(E32+F32)/D32 -> 1.1774237 | I32: 2251.87 | J32: 0.74 | K32: =J32/D32 -> 0.019983797 | L32: =J32*G32 -> 253.635 | M32: =((E32+F32)-D32)-J32 -> 5.83 | N32: =M32/D32 -> 0.15743991 | O32: 組合室 | P32: 抓樣不穩 | Q32: 秤重物料，過多無法剝除 | R32: 二配香拌海鮮醬肉絲蛋炒飯
A33: 6 | B33: 熟化帶皮黃肉地瓜滾刀7-13g | C33: 1901.9 | D33: 97.38 | E33: 102 | F33: 15 | G33: 110 | H33: =(E33+F33)/D33 -> 1.2014787 | I33: 2158.2 | J33: 2.33 | K33: =J33/D33 -> 0.023926884 | L33: =J33*G33 -> 256.3 | M33: =((E33+F33)-D33)-J33 -> 17.29 | N33: =M33/D33 -> 0.17755186 | O33: 原物料 | P33: 原物料規格 | Q33: 原物料特性，重量規格落差太大，導致超用提升 | R33: 共用類
A34: 7 | B34: 炙烤雞腿丁(113年) | C34: 1732.94 | D34: 52.33 | E34: 52.52 | F34: 5.25 | G34: 365.6 | H34: =(E34+F34)/D34 -> 1.1039557 | I34: 1988.86 | J34: 0.7 | K34: =J34/D34 -> 0.013376648 | L34: =J34*G34 -> 255.92 | M34: =((E34+F34)-D34)-J34 -> 4.74 | N34: =M34/D34 -> 0.090579018 | O34: 組合室 | P34: 抓樣不穩 | Q34: 秤重物料，過多無法剝除 | R34: 極上炙烤親子丼
A35: 8 | B35: 電解消毒切段廣東A | C35: 1296.52 | D35: 17.06 | E35: 17.83 | F35: 4.8 | G35: 278.82 | H35: =(E35+F35)/D35 -> 1.3264947 | I35: 1553.03 | J35: 0.92 | K35: =J35/D35 -> 0.053927315 | L35: =J35*G35 -> 256.5144 | M35: =((E35+F35)-D35)-J35 -> 4.65 | N35: =M35/D35 -> 0.27256741 | O35: 組合室 | P35: 抓樣不穩 | Q35: 原物料特性，梗葉比例重量差異，抓樣不穩 | R35: 共用類
A36: 9 | B36: 電解消毒三色高麗菜絲 | C36: 1195.4 | D36: 42.39 | E36: 44.91 | F36: 5.75 | G36: 235.78 | H36: =(E36+F36)/D36 -> 1.1950932 | I36: 1949.9 | J36: 3.2 | K36: =J36/D36 -> 0.075489502 | L36: =J36*G36 -> 754.496 | M36: =((E36+F36)-D36)-J36 -> 5.07 | N36: =M36/D36 -> 0.11960368 | O36: 組合室 | P36: 抓樣不穩 | Q36: 人員抓樣，絲狀較長抓樣重量差異 | R36: 共用類
A37: 10 | B37: 瘋狂奶油起司(113.11) | C37: 1063.65 | D37: 22.75 | E37: 23.75 | F37: 5.2 | G37: 212.73 | H37: =(E37+F37)/D37 -> 1.2725275 | I37: 1318.93 | J37: 1.2 | K37: =J37/D37 -> 0.052747253 | L37: =J37*G37 -> 255.276 | M37: =((E37+F37)-D37)-J37 -> 5 | N37: =M37/D37 -> 0.21978022 | O37: 組合室 | P37: 抓樣不穩 | Q37: 冰杓定量挖取(使用量上會較起伏)，持續上抽測確認人員使用準確度 | R37: 瘋狂起司三明治(113年)
A39: 共用類報廢金額前十名半成品
A40: 明細展開
A41: 排序 | B41: 半成品
B42: 名稱 | C42: 報廢金額 排序 | D42: 共用類總金額 占比
A44: 1 | B44: 電解消毒切段美生菜2-3cm | C44: 873.04 | D44: =C44/$L$5 -> 0.1567287
A45: 2 | B45: 電解消毒三色高麗菜絲 | C45: 754.5 | D45: =C45/$L$5 -> 0.13544833
A46: 3 | B46: 肯瓊醬(114.04) | C46: 347.37 | D46: =C46/$L$5 -> 0.062360086
A47: 4 | B47: 電解消毒雙色高麗菜絲(7:3) | C47: 338.99 | D47: =C47/$L$5 -> 0.060855703
A48: 5 | B48: 日式烤洋蔥絲(114年) | C48: 330.72 | D48: =C48/$L$5 -> 0.059371067
A49: 6 | B49: 青檸沙拉醬(113.03) | C49: 318.5 | D49: =C49/$L$5 -> 0.057177325
A50: 7 | B50: 電解消毒蔥花 | C50: 267.43 | D50: =C50/$L$5 -> 0.048009206
A51: 8 | B51: 電解消毒切段廣東A | C51: 256.51 | D51: =C51/$L$5 -> 0.04604884
A52: 9 | B52: 電解消毒美生菜(三明治用) | C52: 256.41 | D52: =C52/$L$5 -> 0.046030888
A53: 10 | B53: 熟化帶皮黃肉地瓜滾刀7-13g | C53: 256.3 | D53: =C53/$L$5 -> 0.046011141
A54: ※炊飯類不納入半成品廢棄計算
A56: ※淺黃色為工廠自填項目

Sheet 0814分析標準表 
A1: 新豐廠半成品管理分析
A2: 日期 | C2: 營業額 | D2: 報廢展開 | F2: 超用展開 | H2: 報廢展開 | J2: 超用展開 | L2: 報廢展開
A3: 45883 | C3: 5220507.7 | D3: 總報廢 | F3: 總超用 | H3: 報廢-前10名 | J3: 超用-前10名 | L3: 共用類-總報廢
D4: 金額 | E4: 占比(營業額) | F4: 金額 | G4: 占比(營業額) | H4: 金額 | I4: 占比(總報廢) | J4: 金額 | K4: 占比(總超用) | L4: 金額 | M4: 占比(總報廢)
A5: 年度KPI目標0.25% | D5: 12531.16 | E5: =D5/C3 -> 0.0024003719 | F5: 44895.03 | G5: =F5/C3 -> 0.0085997441 | H5: =SUM(C12:C21) -> 5238.95 | I5: =H5/D5 -> 0.41807383 | J5: =SUM(C28:C37) -> 26429.35 | K5: =J5/F5 -> 0.58869211 | L5: 4639.55 | M5: =L5/D5 -> 0.37024106
A7: 報廢金額前十名半成品
A8: 明細展開 | D8: 生產資訊 | O8: 類別 | P8: 分析原因 (請填寫8大原因) | Q8: 其他原因說明 | R8: 備註-商品名稱
A9: 排序 | B9: 半成品 | D9: 生產端 | J9: 組合端
B10: 名稱 | C10: 報廢金額 排序 | D10: 產出量 | J10: 報廢 | L10: 超用
D11: 訂單需求 (kg) | E11: 實際產出 (kg) | F11: 補單 (kg) | G11: 單價 (元) | H11: 實際生產 (對比訂單需求) | I11: 差異 (元) | J11: kg | K11: 占比 | L11: kg | M11: 占比 | N11: 金額 (元)
A12: 1 | B12: 川燙醃嫩化淨零碳排牛肉片 | C12: 1180.53 | D12: 33.52 | E12: 36.08 | F12: 1.9 | G12: 814.16 | H12: =(E12+F12)/D12 -> 1.1330549 | I12: 3631.15 | J12: 1.45 | K12: =J12/D12 -> 0.043257757 | L12: =((E12+F12)-D12)-J12 -> 3.01 | M12: =L12/D12 -> 0.089797136 | N12: =L12*G12 -> 2450.6216 | O12: 組合端 | P12: 抓樣不穩 | Q12: 人員抓樣手感不穩 | R12: 二配港式香滑嫩蛋牛肉燴飯
A13: 2 | B13: 炒辛口紅蘿蔔丁(112年) | C13: 612.68 | D13: 62.74 | E13: 78.54 | F13: 0 | G13: 90.1 | H13: =(E13+F13)/D13 -> 1.251833 | I13: 1423.58 | J13: 6.8 | K13: =J13/D13 -> 0.10838381 | L13: =((E13+F13)-D13)-J13 -> 9 | M13: =L13/D13 -> 0.14344916 | N13: =L13*G13 -> 810.9 | O13: 原物料 | P13: 原物料規格 | Q13: 原物料製程未過篩，調理製程後較細碎 | R13: 二配金咖哩濃厚辛辣咖哩飯
A14: 3 | B14: 溏心洋芋沙拉(113.06) | C14: 528.2 | D14: 319.1 | E14: 304.85 | F14: 25 | G14: 111.2 | H14: =(E14+F14)/D14 -> 1.0336885 | I14: 1195.4 | J14: 4.75 | K14: =J14/D14 -> 0.014885616 | L14: =((E14+F14)-D14)-J14 -> 6 | M14: =L14/D14 -> 0.018802883 | N14: =L14*G14 -> 667.2 | O14: 調理端 | P14: 展開量105% | Q14: 調理多產預留超用量 | R14: 溏心蛋洋芋沙拉
A15: 4 | B15: 電解消毒蔥花 | C15: 511.61 | D15: 23.3 | E15: 25.5 | F15: 3 | G15: 232.55 | H15: =(E15+F15)/D15 -> 1.223176 | I15: 1209.26 | J15: 2.2 | K15: =J15/D15 -> 0.094420601 | L15: =((E15+F15)-D15)-J15 -> 3 | M15: =L15/D15 -> 0.12875536 | N15: =L15*G15 -> 697.65 | O15: 組合端 | P15: 抓樣不穩 | Q15: 人員抓樣手感不穩 | R15: 共用類
A16: 5 | B16: 電解消毒雙色高麗菜絲(7:3) | C16: 497.58 | D16: 216.26 | E16: 207.28 | F16: 19 | G16: 99.12 | H16: =(E16+F16)/D16 -> 1.0463331 | I16: 993.18 | J16: 5.02 | K16: =J16/D16 -> 0.023212799 | L16: =((E16+F16)-D16)-J16 -> 5 | M16: =L16/D16 -> 0.023120318 | N16: =L16*G16 -> 495.6 | O16: 組合端 | P16: 抓樣不穩 | Q16: 人員抓樣手感不穩 | R16: 共用類
A17: 6 | B17: 日式烤洋蔥絲(114年) | C17: 420.17 | D17: 89.37 | E17: 95.57 | F17: 0 | G17: 135.54 | H17: =(E17+F17)/D17 -> 1.0693745 | I17: 840.35 | J17: 3.1 | K17: =J17/D17 -> 0.034687255 | L17: =((E17+F17)-D17)-J17 -> 3.1 | M17: =L17/D17 -> 0.034687255 | N17: =L17*G17 -> 420.174 | O17: 組合端 | P17: 抓樣不穩 | Q17: 人員抓樣手感不穩 | R17: 共用類
A18: 7 | B18: 青檸沙拉醬(113.03) | C18: 403.86 | D18: 135.93 | E18: 139.74 | F18: 8.8 | G18: 127.4 | H18: =(E18+F18)/D18 -> 1.0927683 | I18: 1606.51 | J18: 3.17 | K18: =J18/D18 -> 0.023320827 | L18: =((E18+F18)-D18)-J18 -> 9.44 | M18: =L18/D18 -> 0.06944751 | N18: =L18*G18 -> 1202.656 | O18: 調理端 | P18: 展開量105% | Q18: 調理多產預留超用量 | R18: 共用類
A19: 8 | B19: 拌總匯雞蛋沙拉CL(112年) | C19: 395.66 | D19: 218.56 | E19: 175.26 | F19: 52.6 | G19: 95.34 | H19: =(E19+F19)/D19 -> 1.0425512 | I19: 886.66 | J19: 4.15 | K19: =J19/D19 -> 0.018987921 | L19: =((E19+F19)-D19)-J19 -> 5.15 | M19: =L19/D19 -> 0.023563324 | N19: =L19*G19 -> 491.001 | O19: 組合端 | P19: 抓樣不穩 | Q19: 組合補單退回 | R19: 共用類
A20: 9 | B20: 瘋狂奶油起司(113.11) | C20: 355.26 | D20: 27.64 | E20: 22.31 | F20: 9 | G20: 212.73 | H20: =(E20+F20)/D20 -> 1.1327786 | I20: 780.72 | J20: 1.67 | K20: =J20/D20 -> 0.060419682 | L20: =((E20+F20)-D20)-J20 -> 2 | M20: =L20/D20 -> 0.0723589 | N20: =L20*G20 -> 425.46 | O20: 組合端 | P20: 抓樣不穩 | Q20: 組合補單退回 | R20: 瘋狂起司三明治(113年)
A21: 10 | B21: 煮桂芳白醬(114年) | C21: 333.4 | D21: 14.96 | E21: 16.23 | F21: 2 | G21: 262.52 | H21: =(E21+F21)/D21 -> 1.2185829 | I21: 858.44 | J21: 1.27 | K21: =J21/D21 -> 0.084893048 | L21: =((E21+F21)-D21)-J21 -> 2 | M21: =L21/D21 -> 0.13368984 | N21: =L21*G21 -> 525.04 | O21: 調理端 | P21: 展開量105% | Q21: 調理多產預留超用量 | R21: 哞哞奶香白醬火腿蛋堡
A23: 超用金額前十名半成品
A24: 明細展開 | D24: 生產資訊 | O24: 類別 | P24: 分析原因 (請填寫8大原因) | Q24: 其他原因說明 | R24: 備註-商品名稱
A25: 排序 | B25: 半成品 | D25: 生產端 | J25: 組合端
B26: 名稱 | C26: 超用金額 排序 | D26: 產出量 | J26: 報廢 | M26: 超用
D27: 訂單需求 (kg) | E27: 實際產出 (kg) | F27: 補單 (kg) | G27: 單價 (元) | H27: 實際生產 (對比訂單需求) | I27: 差異 (元) | J27: kg | K27: 占比 | L27: 金額 (元) | M27: kg | N27: 占比
A28: 1 | B28: 電解消毒切段美生菜2-3cm | C28: 6319.76 | D28: 340.34 | E28: 344.53 | F28: 38.25 | G28: 156.74 | H28: =(E28+F28)/D28 -> 1.1246988 | I28: 6652.05 | J28: 2.12 | K28: =J28/D28 -> 0.0062290651 | L28: =J28*G28 -> 332.2888 | M28: =((E28+F28)-D28)-J28 -> 40.32 | N28: =M28/D28 -> 0.11846977 | O28: 組合室 | P28: 抓樣不穩 | Q28: 秤重物料，過多無法剝除 | R28: 共用類
A29: 2 | B29: 果香甘口咖哩腿丁 | C29: 4622.23 | D29: 86.86 | E29: 91.57 | F29: 10.23 | G29: 331.58 | H29: =(E29+F29)/D29 -> 1.1720009 | I29: 4953.81 | J29: 1 | K29: =J29/D29 -> 0.011512779 | L29: =J29*G29 -> 331.58 | M29: =((E29+F29)-D29)-J29 -> 13.94 | N29: =M29/D29 -> 0.16048814 | O29: 組合室 | P29: 抓樣不穩 | Q29: 秤重物料，過多無法剝除 | R29: 二配金咖哩果香甘口咖哩飯
A30: 3 | B30: 電解消毒牛蕃茄切片 | C30: 2536.68 | D30: 32.53 | E30: 39.26 | F30: 3 | G30: 294.62 | H30: =(E30+F30)/D30 -> 1.2991085 | I30: 2866.65 | J30: 1.12 | K30: =J30/D30 -> 0.034429757 | L30: =J30*G30 -> 329.9744 | M30: =((E30+F30)-D30)-J30 -> 8.61 | N30: =M30/D30 -> 0.26467876 | O30: 原物料 | P30: 原物料規格 | Q30: 原物料特性，重量規格落差太大，導致超用提升 | R30: 共用類
A31: 4 | B31: 川燙醃嫩化淨零碳排牛肉片 | C31: 2450.62 | D31: 33.52 | E31: 36.08 | F31: 1.9 | G31: 814.16 | H31: =(E31+F31)/D31 -> 1.1330549 | I31: 3631.15 | J31: 1.45 | K31: =J31/D31 -> 0.043257757 | L31: =J31*G31 -> 1180.532 | M31: =((E31+F31)-D31)-J31 -> 3.01 | N31: =M31/D31 -> 0.089797136 | O31: 組合室 | P31: 抓樣不穩 | Q31: 秤重物料，過多無法剝除 | R31: 二配港式香滑嫩蛋牛肉燴飯
A32: 5 | B32: 切新重煙燻火腿0.9mm | C32: 2252.37 | D32: 91.99 | E32: 95.13 | F32: 9 | G32: 212.89 | H32: =(E32+F32)/D32 -> 1.1319709 | I32: 2584.48 | J32: 1.56 | K32: =J32/D32 -> 0.016958365 | L32: =J32*G32 -> 332.1084 | M32: =((E32+F32)-D32)-J32 -> 10.58 | N32: =M32/D32 -> 0.1150125 | O32: 組合室 | P32: 抓樣不穩 | Q32: 抓樣使用，使用上會較難一片片分開 | R32: 共用類
A33: 6 | B33: 電解消毒三色高麗菜絲 | C33: 2067.79 | D33: 48.8 | E33: 49.93 | F33: 9 | G33: 235.78 | H33: =(E33+F33)/D33 -> 1.207582 | I33: 2388.45 | J33: 1.36 | K33: =J33/D33 -> 0.027868852 | L33: =J33*G33 -> 320.6608 | M33: =((E33+F33)-D33)-J33 -> 8.77 | N33: =M33/D33 -> 0.17971311 | O33: 組合室 | P33: 抓樣不穩 | Q33: 人員抓樣，絲狀較長抓樣重量差異 | R33: 共用類
A34: 7 | B34: 熟化帶皮黃肉地瓜滾刀7-13g | C34: 1930.5 | D34: 112.53 | E34: 115.6 | F34: 17.4 | G34: 110 | H34: =(E34+F34)/D34 -> 1.181907 | I34: 2251.7 | J34: 2.92 | K34: =J34/D34 -> 0.025948636 | L34: =J34*G34 -> 321.2 | M34: =((E34+F34)-D34)-J34 -> 17.55 | N34: =M34/D34 -> 0.15595841 | O34: 原物料 | P34: 原物料規格 | Q34: 原物料特性，重量規格落差太大，導致超用提升 | R34: 共用類
A35: 8 | B35: 雞蛋沙拉(A) | C35: 1565.1 | D35: 186.3 | E35: 196.55 | F35: 0 | G35: 185 | H35: =(E35+F35)/D35 -> 1.0550188 | I35: 1896.25 | J35: 1.79 | K35: =J35/D35 -> 0.0096081589 | L35: =J35*G35 -> 331.15 | M35: =((E35+F35)-D35)-J35 -> 8.46 | N35: =M35/D35 -> 0.045410628 | O35: 組合室 | P35: 抓樣不穩 | Q35: 冰杓定量挖取(使用量上會較起伏)，持續上抽測確認人員使用準確度 | R35: 雞蛋沙拉三明治
A36: 9 | B36: 藍莓優格奶油霜(114.05) | C36: 1351.61 | D36: 30.53 | E36: 31.27 | F36: 4.8 | G36: 268.71 | H36: =(E36+F36)/D36 -> 1.1814609 | I36: 1488.65 | J36: 0.51 | K36: =J36/D36 -> 0.01670488 | L36: =J36*G36 -> 137.0421 | M36: =((E36+F36)-D36)-J36 -> 5.03 | N36: =M36/D36 -> 0.16475598 | O36: 組合室 | P36: 抓樣不穩 | Q36: 冰杓定量挖取(使用量上會較起伏)，持續上抽測確認人員使用準確度 | R36: 藍莓優格三明治(114年)
A37: 10 | B37: 電解消毒混合蔥鹽蔬菜絲 | C37: 1332.69 | D37: 46.13 | E37: 49.59 | F37: 9 | G37: 118.99 | H37: =(E37+F37)/D37 -> 1.2701062 | I37: 1482.62 | J37: 1.26 | K37: =J37/D37 -> 0.027314112 | L37: =J37*G37 -> 149.9274 | M37: =((E37+F37)-D37)-J37 -> 11.2 | N37: =M37/D37 -> 0.24279211 | O37: 組合室 | P37: 抓樣不穩 | Q37: 人員抓樣，絲狀較長抓樣重量差異 | R37: 蔥鹽雞肉麵沙拉(114年)
A39: 共用類報廢金額前十名半成品
A40: 明細展開
A41: 排序 | B41: 半成品
B42: 名稱 | C42: 報廢金額 排序 | D42: 共用類總金額 占比
A44: 1 | B44: 電解消毒蔥花 | C44: 511.61 | D44: =C44/$L$5 -> 0.11027147
A45: 2 | B45: 電解消毒雙色高麗菜絲(7:3) | C45: 497.58 | D45: =C45/$L$5 -> 0.10724747
A46: 3 | B46: 日式烤洋蔥絲(114年) | C46: 420.17 | D46: =C46/$L$5 -> 0.090562662
A47: 4 | B47: 青檸沙拉醬(113.03) | C47: 403.86 | D47: =C47/$L$5 -> 0.087047235
A48: 5 | B48: 拌總匯雞蛋沙拉CL(112年) | C48: 395.66 | D48: =C48/$L$5 -> 0.085279822
A49: 6 | B49: 電解消毒切段美生菜2-3cm | C49: 332.29 | D49: =C49/$L$5 -> 0.07162117
A50: 7 | B50: 切新重煙燻火腿0.9mm | C50: 332.11 | D50: =C50/$L$5 -> 0.071582373
A51: 8 | B51: 電解消毒牛蕃茄切片 | C51: 329.97 | D51: =C51/$L$5 -> 0.071121122
A52: 9 | B52: 熟化帶皮黃肉地瓜滾刀7-13g | C52: 321.2 | D52: =C52/$L$5 -> 0.069230852
A53: 10 | B53: 電解消毒三色高麗菜絲 | C53: 320.66 | D53: =C53/$L$5 -> 0.069114462
A54: ※炊飯類不納入半成品廢棄計算
A56: ※淺黃色為工廠自填項目

Sheet 0813分析標準表 
A1: 新豐廠半成品管理分析
A2: 日期 | C2: 營業額 | D2: 報廢展開 | F2: 超用展開 | H2: 報廢展開 | J2: 超用展開 | L2: 報廢展開
A3: 45882 | C3: 5601894.3 | D3: 總報廢 | F3: 總超用 | H3: 報廢-前10名 | J3: 超用-前10名 | L3: 共用類-總報廢
D4: 金額 | E4: 占比(營業額) | F4: 金額 | G4: 占比(營業額) | H4: 金額 | I4: 占比(總報廢) | J4: 金額 | K4: 占比(總超用) | L4: 金額 | M4: 占比(總報廢)
A5: 年度KPI目標0.25% | D5: 13442.58 | E5: =D5/C3 -> 0.002399649 | F5: 48178.07 | G5: =F5/C3 -> 0.0086003176 | H5: =SUM(C12:C21) -> 5323.97 | I5: =H5/D5 -> 0.39605269 | J5: =SUM(C28:C37) -> 26653.8 | K5: =J5/F5 -> 0.55323511 | L5: 4897.14 | M5: =L5/D5 -> 0.3643006
A7: 報廢金額前十名半成品
A8: 明細展開 | D8: 生產資訊 | O8: 類別 | P8: 分析原因 (請填寫8大原因) | Q8: 其他原因說明 | R8: 備註-商品名稱
A9: 排序 | B9: 半成品 | D9: 生產端 | J9: 組合端
B10: 名稱 | C10: 報廢金額 排序 | D10: 產出量 | J10: 報廢 | L10: 超用
D11: 訂單需求 (kg) | E11: 實際產出 (kg) | F11: 補單 (kg) | G11: 單價 (元) | H11: 實際生產 (對比訂單需求) | I11: 差異 (元) | J11: kg | K11: 占比 | L11: kg | M11: 占比 | N11: 金額 (元)
A12: 1 | B12: 川燙醃嫩化淨零碳排牛肉片 | C12: 1286.37 | D12: 38.57 | E12: 39.14 | F12: 2.85 | G12: 814.16 | H12: =(E12+F12)/D12 -> 1.08867 | I12: 2784.43 | J12: 1.58 | K12: =J12/D12 -> 0.04096448 | L12: =((E12+F12)-D12)-J12 -> 1.84 | M12: =L12/D12 -> 0.047705471 | N12: =L12*G12 -> 1498.0544 | O12: 組合端 | P12: 抓樣不穩 | Q12: 組合補單退回 | R12: 二配港式香滑嫩蛋牛肉燴飯
A13: 2 | B13: 電解消毒切段美生菜2-3cm | C13: 1180.25 | D13: 354.2 | E13: 362.92 | F13: 22.9 | G13: 156.74 | H13: =(E13+F13)/D13 -> 1.0892716 | I13: 4956.12 | J13: 7.53 | K13: =J13/D13 -> 0.021259176 | L13: =((E13+F13)-D13)-J13 -> 24.09 | M13: =L13/D13 -> 0.068012422 | N13: =L13*G13 -> 3775.8666 | O13: 原物料 | P13: 原物料規格 | Q13: 原物料特性，梗葉比例重量差異大 | R13: 共用類
A14: 3 | B14: 蒸基礎風味雞肉絲 | C14: 656.26 | D14: 94.28 | E14: 96.1 | F14: 6 | G14: 410.16 | H14: =(E14+F14)/D14 -> 1.0829444 | I14: 3207.45 | J14: 1.6 | K14: =J14/D14 -> 0.016970725 | L14: =((E14+F14)-D14)-J14 -> 6.22 | M14: =L14/D14 -> 0.065973695 | N14: =L14*G14 -> 2551.1952 | O14: 組合端 | P14: 抓樣不穩 | Q14: 人員抓樣手感不穩 | R14: 共用類
A15: 4 | B15: 日式烤洋蔥絲(114年) | C15: 426.95 | D15: 98.14 | E15: 104.44 | F15: 0 | G15: 135.54 | H15: =(E15+F15)/D15 -> 1.064194 | I15: 853.9 | J15: 3.15 | K15: =J15/D15 -> 0.032097004 | L15: =((E15+F15)-D15)-J15 -> 3.15 | M15: =L15/D15 -> 0.032097004 | N15: =L15*G15 -> 426.951 | O15: 組合端 | P15: 抓樣不穩 | Q15: 人員抓樣手感不穩 | R15: 共用類
A16: 5 | B16: 電解消毒紫洋蔥(去皮)切絲 | C16: 396.13 | D16: 34.79 | E16: 42.59 | F16: 0 | G16: 113.18 | H16: =(E16+F16)/D16 -> 1.2242024 | I16: 882.8 | J16: 3.5 | K16: =J16/D16 -> 0.10060362 | L16: =((E16+F16)-D16)-J16 -> 4.3 | M16: =L16/D16 -> 0.12359874 | N16: =L16*G16 -> 486.674 | O16: 組合端 | P16: 抓樣不穩 | Q16: 人員抓樣手感不穩 | R16: 莎莎烤雞麵沙拉
A17: 6 | B17: 電解消毒雙色高麗菜絲(7:3) | C17: 336.02 | D17: 220.99 | E17: 207.19 | F17: 20.5 | G17: 99.12 | H17: =(E17+F17)/D17 -> 1.0303181 | I17: 664.1 | J17: 3.39 | K17: =J17/D17 -> 0.015340061 | L17: =((E17+F17)-D17)-J17 -> 3.31 | M17: =L17/D17 -> 0.014978053 | N17: =L17*G17 -> 328.0872 | O17: 組合端 | P17: 抓樣不穩 | Q17: 人員抓樣手感不穩 | R17: 共用類
A18: 7 | B18: 電解消毒混合蔥鹽蔬菜絲 | C18: 285.58 | D18: 48.36 | E18: 53.36 | F18: 0 | G18: 118.99 | H18: =(E18+F18)/D18 -> 1.1033912 | I18: 594.95 | J18: 2.4 | K18: =J18/D18 -> 0.049627792 | L18: =((E18+F18)-D18)-J18 -> 2.6 | M18: =L18/D18 -> 0.053763441 | N18: =L18*G18 -> 309.374 | O18: 組合端 | P18: 抓樣不穩 | Q18: 人員抓樣手感不穩 | R18: 蔥鹽雞肉麵沙拉(114年)
A19: 8 | B19: 煮咖哩紅蘿蔔丁(112年) | C19: 274.65 | D19: 56.27 | E19: 63.97 | F19: 0 | G19: 74.23 | H19: =(E19+F19)/D19 -> 1.1368402 | I19: 571.57 | J19: 3.7 | K19: =J19/D19 -> 0.065754398 | L19: =((E19+F19)-D19)-J19 -> 4 | M19: =L19/D19 -> 0.071085836 | N19: =L19*G19 -> 296.92 | O19: 原物料 | P19: 原物料規格 | Q19: 原物料製程未過篩，調理製程後較細碎 | R19: 二配金咖哩果香甘口咖哩飯
A20: 9 | B20: 蒸鼎泰豐香辣醬 | C20: 263.34 | D20: 22.53 | E20: 20.31 | F20: 2.75 | G20: 1012.86 | H20: =(E20+F20)/D20 -> 1.0235242 | I20: 536.82 | J20: 0.26 | K20: =J20/D20 -> 0.011540169 | L20: =((E20+F20)-D20)-J20 -> 0.27 | M20: =L20/D20 -> 0.011984021 | N20: =L20*G20 -> 273.4722 | O20: 組合端 | P20: 抓樣不穩 | Q20: 組合補單退回 | R20: 二配香辣醬蒜味香腸蛋炒飯
A21: 10 | B21: (V)川燙油菜2.5cm | C21: 218.42 | D21: 8.8 | E21: 11.39 | F21: 0 | G21: 169.32 | H21: =(E21+F21)/D21 -> 1.2943182 | I21: 438.54 | J21: 1.29 | K21: =J21/D21 -> 0.14659091 | L21: =((E21+F21)-D21)-J21 -> 1.3 | M21: =L21/D21 -> 0.14772727 | N21: =L21*G21 -> 220.116 | O21: 調理端 | P21: 其他原因 | Q21: 調理後持續出水導致殘水率高 | R21: 二配黑胡椒素豬若飯
A23: 超用金額前十名半成品
A24: 明細展開 | D24: 生產資訊 | O24: 類別 | P24: 分析原因 (請填寫8大原因) | Q24: 其他原因說明 | R24: 備註-商品名稱
A25: 排序 | B25: 半成品 | D25: 生產端 | J25: 組合端
B26: 名稱 | C26: 超用金額 排序 | D26: 產出量 | J26: 報廢 | M26: 超用
D27: 訂單需求 (kg) | E27: 實際產出 (kg) | F27: 補單 (kg) | G27: 單價 (元) | H27: 實際生產 (對比訂單需求) | I27: 差異 (元) | J27: kg | K27: 占比 | L27: 金額 (元) | M27: kg | N27: 占比
A28: 1 | B28: 鼎泰豐-煮麻婆豆腐(113年) | C28: 4043.17 | D28: 317.46 | E28: 349.2 | F28: 0 | G28: 133.88 | H28: =(E28+F28)/D28 -> 1.0999811 | I28: 4249.35 | J28: 1.54 | K28: =J28/D28 -> 0.0048510049 | L28: =J28*G28 -> 206.1752 | M28: =((E28+F28)-D28)-J28 -> 30.2 | N28: =M28/D28 -> 0.095130095 | O28: 組合室 | P28: 抓樣不穩 | Q28: 人員秤重檯面歸零動作需再確實 | R28: 二配川味麻婆燒豆腐燴飯
A29: 2 | B29: 電解消毒切段美生菜2-3cm | C29: 3775.87 | D29: 354.2 | E29: 362.92 | F29: 22.9 | G29: 156.74 | H29: =(E29+F29)/D29 -> 1.0892716 | I29: 4956.12 | J29: 7.53 | K29: =J29/D29 -> 0.021259176 | L29: =J29*G29 -> 1180.2522 | M29: =((E29+F29)-D29)-J29 -> 24.09 | N29: =M29/D29 -> 0.068012422 | O29: 組合室 | P29: 抓樣不穩 | Q29: 秤重物料，過多無法剝除 | R29: 共用類
A30: 3 | B30: 油亮後腿肉絲 | C30: 3293.83 | D30: 46.52 | E30: 50.94 | F30: 5.8 | G30: 342.75 | H30: =(E30+F30)/D30 -> 1.2196905 | I30: 3502.91 | J30: 0.61 | K30: =J30/D30 -> 0.01311264 | L30: =J30*G30 -> 209.0775 | M30: =((E30+F30)-D30)-J30 -> 9.61 | N30: =M30/D30 -> 0.20657782 | O30: 組合室 | P30: 抓樣不穩 | Q30: 秤重物料，過多無法剝除 | R30: 二配香拌海鮮醬肉絲蛋炒飯
A31: 4 | B31: 蒸基礎風味雞肉絲 | C31: 2551.19 | D31: 94.28 | E31: 96.1 | F31: 6 | G31: 410.16 | H31: =(E31+F31)/D31 -> 1.0829444 | I31: 3207.45 | J31: 1.6 | K31: =J31/D31 -> 0.016970725 | L31: =J31*G31 -> 656.256 | M31: =((E31+F31)-D31)-J31 -> 6.22 | N31: =M31/D31 -> 0.065973695 | O31: 組合室 | P31: 抓樣不穩 | Q31: 秤重物料，過多無法剝除 | R31: 共用類
A32: 5 | B32: 炙烤雞腿丁(113年) | C32: 2482.43 | D32: 71.92 | E32: 72.3 | F32: 7 | G32: 365.6 | H32: =(E32+F32)/D32 -> 1.102614 | I32: 2698.13 | J32: 0.59 | K32: =J32/D32 -> 0.0082035595 | L32: =J32*G32 -> 215.704 | M32: =((E32+F32)-D32)-J32 -> 6.79 | N32: =M32/D32 -> 0.094410456 | O32: 組合室 | P32: 抓樣不穩 | Q32: 秤重物料，過多無法剝除 | R32: 極上炙烤親子丼
A33: 6 | B33: 青檸沙拉醬(113.03) | C33: 2346.7 | D33: 138.91 | E33: 139.22 | F33: 19.8 | G33: 127.4 | H33: =(E33+F33)/D33 -> 1.14477 | I33: 2562.01 | J33: 1.69 | K33: =J33/D33 -> 0.012166151 | L33: =J33*G33 -> 215.306 | M33: =((E33+F33)-D33)-J33 -> 18.42 | N33: =M33/D33 -> 0.13260384 | O33: 組合室 | P33: 抓樣不穩 | Q33: 冰杓定量挖取(使用量上會較起伏)，持續上抽測確認人員使用準確度 | R33: 共用類
A34: 7 | B34: 電解消毒牛蕃茄切片 | C34: 2115.37 | D34: 33.99 | E34: 41.9 | F34: 0 | G34: 294.62 | H34: =(E34+F34)/D34 -> 1.2327155 | I34: 2330.44 | J34: 0.73 | K34: =J34/D34 -> 0.021476905 | L34: =J34*G34 -> 215.0726 | M34: =((E34+F34)-D34)-J34 -> 7.18 | N34: =M34/D34 -> 0.2112386 | O34: 原物料 | P34: 原物料規格 | Q34: 原物料特性，重量規格落差太大，導致超用提升 | R34: 共用類
A35: 8 | B35: 電解消毒切段廣東A | C35: 2057.69 | D35: 20.64 | E35: 23.85 | F35: 4.95 | G35: 278.82 | H35: =(E35+F35)/D35 -> 1.3953488 | I35: 2275.17 | J35: 0.78 | K35: =J35/D35 -> 0.037790698 | L35: =J35*G35 -> 217.4796 | M35: =((E35+F35)-D35)-J35 -> 7.38 | N35: =M35/D35 -> 0.35755814 | O35: 組合室 | P35: 抓樣不穩 | Q35: 原物料特性，梗葉比例重量差異，抓樣不穩 | R35: 共用類
A36: 9 | B36: 親子丼-滑蛋(114年) | C36: 2017.71 | D36: 480.4 | E36: 481.97 | F36: 26 | G36: 81 | H36: =(E36+F36)/D36 -> 1.0573897 | I36: 2233.17 | J36: 2.66 | K36: =J36/D36 -> 0.0055370525 | L36: =J36*G36 -> 215.46 | M36: =((E36+F36)-D36)-J36 -> 24.91 | N36: =M36/D36 -> 0.051852623 | O36: 組合室 | P36: 抓樣不穩 | Q36: 冰杓定量挖取(使用量上會較起伏)，持續上抽測確認人員使用準確度 | R36: 共用類
A37: 10 | B37: 炒肉鬆餡料(113.03) | C37: 1969.84 | D37: 53.29 | E37: 53.32 | F37: 9.45 | G37: 230.66 | H37: =(E37+F37)/D37 -> 1.1778945 | I37: 2186.66 | J37: 0.94 | K37: =J37/D37 -> 0.017639332 | L37: =J37*G37 -> 216.8204 | M37: =((E37+F37)-D37)-J37 -> 8.54 | N37: =M37/D37 -> 0.16025521 | O37: 組合室 | P37: 抓樣不穩 | Q37: 冰杓定量挖取(使用量上會較起伏)，持續上抽測確認人員使用準確度 | R37: 共用類
A39: 共用類報廢金額前十名半成品
A40: 明細展開
A41: 排序 | B41: 半成品
B42: 名稱 | C42: 報廢金額 排序 | D42: 共用類總金額 占比
A44: 1 | B44: 電解消毒切段美生菜2-3cm | C44: 1180.25 | D44: =C44/$L$5 -> 0.24100802
A45: 2 | B45: 蒸基礎風味雞肉絲 | C45: 656.26 | D45: =C45/$L$5 -> 0.13400883
A46: 3 | B46: 日式烤洋蔥絲(114年) | C46: 426.95 | D46: =C46/$L$5 -> 0.08718354
A47: 4 | B47: 電解消毒雙色高麗菜絲(7:3) | C47: 336.02 | D47: =C47/$L$5 -> 0.068615559
A48: 5 | B48: 電解消毒切段廣東A | C48: 217.48 | D48: =C48/$L$5 -> 0.044409594
A49: 6 | B49: 切新重煙燻火腿0.9mm | C49: 217.15 | D49: =C49/$L$5 -> 0.044342208
A50: 7 | B50: 青醬優格(113.06) | C50: 217.02 | D50: =C50/$L$5 -> 0.044315662
A51: 8 | B51: 炒肉鬆餡料(113.03) | C51: 216.82 | D51: =C51/$L$5 -> 0.044274822
A52: 9 | B52: 蒸紫米薏仁 | C52: 216.22 | D52: =C52/$L$5 -> 0.044152301
A53: 10 | B53: F-台式特級沙拉醬 | C53: 216.06 | D53: =C53/$L$5 -> 0.044119629
A54: ※炊飯類不納入半成品廢棄計算
A56: ※淺黃色為工廠自填項目

Sheet 0812分析標準表 
A1: 新豐廠半成品管理分析
A2: 日期 | C2: 營業額 | D2: 報廢展開 | F2: 超用展開 | H2: 報廢展開 | J2: 超用展開 | L2: 報廢展開
A3: 45881 | C3: 5571060 | D3: 總報廢 | F3: 總超用 | H3: 報廢-前10名 | J3: 超用-前10名 | L3: 共用類-總報廢
D4: 金額 | E4: 占比(營業額) | F4: 金額 | G4: 占比(營業額) | H4: 金額 | I4: 占比(總報廢) | J4: 金額 | K4: 占比(總超用) | L4: 金額 | M4: 占比(總報廢)
A5: 年度KPI目標0.25% | D5: 13534.12 | E5: =D5/C3 -> 0.0024293618 | F5: 47748.03 | G5: =F5/C3 -> 0.0085707263 | H5: =SUM(C12:C21) -> 6650.97 | I5: =H5/D5 -> 0.49142242 | J5: =SUM(C28:C37) -> 26859.18 | K5: =J5/F5 -> 0.56251912 | L5: 4519.45 | M5: =L5/D5 -> 0.3339301
A7: 報廢金額前十名半成品
A8: 明細展開 | D8: 生產資訊 | O8: 類別 | P8: 分析原因 (請填寫8大原因) | Q8: 其他原因說明 | R8: 備註-商品名稱
A9: 排序 | B9: 半成品 | D9: 生產端 | J9: 組合端
B10: 名稱 | C10: 報廢金額 排序 | D10: 產出量 | J10: 報廢 | L10: 超用
D11: 訂單需求 (kg) | E11: 實際產出 (kg) | F11: 補單 (kg) | G11: 單價 (元) | H11: 實際生產 (對比訂單需求) | I11: 差異 (元) | J11: kg | K11: 占比 | L11: kg | M11: 占比 | N11: 金額 (元)
A12: 1 | B12: 日式烤洋蔥絲(114年) | C12: 1112.78 | D12: 93.77 | E12: 112.21 | F12: 0 | G12: 135.54 | H12: =(E12+F12)/D12 -> 1.1966514 | I12: 2499.36 | J12: 8.21 | K12: =J12/D12 -> 0.087554655 | L12: =((E12+F12)-D12)-J12 -> 10.23 | M12: =L12/D12 -> 0.10909673 | N12: =L12*G12 -> 1386.5742 | O12: 組合端 | P12: 抓樣不穩 | Q12: 人員抓樣手感不穩 | R12: 共用類
A13: 2 | B13: 烤鹹蛋黃碎 | C13: 705.43 | D13: 10.19 | E13: 11.19 | F13: 0 | G13: 1567.63 | H13: =(E13+F13)/D13 -> 1.0981354 | I13: 1567.63 | J13: 0.45 | K13: =J13/D13 -> 0.044160942 | L13: =((E13+F13)-D13)-J13 -> 0.55 | M13: =L13/D13 -> 0.053974485 | N13: =L13*G13 -> 862.1965 | O13: 調理端 | P13: 展開量105% | Q13: 調理多產預留超用量 | R13: 二配美味蟹煲
A14: 3 | B14: 肯瓊醬(114.04) | C14: 653.18 | D14: 49.79 | E14: 58.75 | F14: 0 | G14: 148.45 | H14: =(E14+F14)/D14 -> 1.1799558 | I14: 1330.11 | J14: 4.4 | K14: =J14/D14 -> 0.088371159 | L14: =((E14+F14)-D14)-J14 -> 4.56 | M14: =L14/D14 -> 0.091584656 | N14: =L14*G14 -> 676.932 | O14: 調理端 | P14: 展開量105% | Q14: 調理多產預留超用量 | R14: 共用類
A15: 4 | B15: 電解消毒蔥花 | C15: 641.84 | D15: 26.45 | E15: 32.25 | F15: 0 | G15: 232.55 | H15: =(E15+F15)/D15 -> 1.2192817 | I15: 1348.79 | J15: 2.76 | K15: =J15/D15 -> 0.10434783 | L15: =((E15+F15)-D15)-J15 -> 3.04 | M15: =L15/D15 -> 0.11493384 | N15: =L15*G15 -> 706.952 | O15: 組合端 | P15: 抓樣不穩 | Q15: 人員抓樣手感不穩 | R15: 共用類
A16: 5 | B16: 炒辛口馬鈴薯丁(112年) | C16: 633.15 | D16: 57.96 | E16: 68.85 | F16: 0 | G16: 124.39 | H16: =(E16+F16)/D16 -> 1.1878882 | I16: 1354.61 | J16: 5.09 | K16: =J16/D16 -> 0.087819186 | L16: =((E16+F16)-D16)-J16 -> 5.8 | M16: =L16/D16 -> 0.10006901 | N16: =L16*G16 -> 721.462 | O16: 原物料 | P16: 原物料規格 | Q16: 原物料製程未過篩，調理製程後較細碎 | R16: 二配金咖哩濃厚辛辣咖哩飯
A17: 6 | B17: (V)紅燒燴汁(113年) | C17: 618.46 | D17: 158.65 | E17: 180.15 | F17: 0 | G17: 59.41 | H17: =(E17+F17)/D17 -> 1.1355184 | I17: 1277.32 | J17: 10.41 | K17: =J17/D17 -> 0.065616136 | L17: =((E17+F17)-D17)-J17 -> 11.09 | M17: =L17/D17 -> 0.069902301 | N17: =L17*G17 -> 658.8569 | O17: 調理端 | P17: 展開量105% | Q17: 調理多產預留超用量 | R17: 紅燒纖牛若風味燴飯
A18: 7 | B18: 炒辛口紅蘿蔔丁(112年) | C18: 594.66 | D18: 69.55 | E18: 83.45 | F18: 0 | G18: 90.1 | H18: =(E18+F18)/D18 -> 1.1998562 | I18: 1252.39 | J18: 6.6 | K18: =J18/D18 -> 0.094895758 | L18: =((E18+F18)-D18)-J18 -> 7.3 | M18: =L18/D18 -> 0.10496046 | N18: =L18*G18 -> 657.73 | O18: 原物料 | P18: 原物料規格 | Q18: 原物料製程未過篩，調理製程後較細碎 | R18: 二配金咖哩濃厚辛辣咖哩飯
A19: 8 | B19: 蒸海鮮醬(料) | C19: 592.51 | D19: 15.06 | E19: 16.76 | F19: 0 | G19: 846.44 | H19: =(E19+F19)/D19 -> 1.1128818 | I19: 1438.95 | J19: 0.7 | K19: =J19/D19 -> 0.046480744 | L19: =((E19+F19)-D19)-J19 -> 1 | M19: =L19/D19 -> 0.066401062 | N19: =L19*G19 -> 846.44 | O19: 調理端 | P19: 展開量105% | Q19: 調理多產預留超用量 | R19: 二配香拌海鮮醬肉絲蛋炒飯
A20: 9 | B20: 電解消毒混合蔥鹽蔬菜絲 | C20: 591.38 | D20: 43.88 | E20: 54.55 | F20: 0 | G20: 118.99 | H20: =(E20+F20)/D20 -> 1.2431632 | I20: 1269.62 | J20: 4.97 | K20: =J20/D20 -> 0.11326345 | L20: =((E20+F20)-D20)-J20 -> 5.7 | M20: =L20/D20 -> 0.12989973 | N20: =L20*G20 -> 678.243 | O20: 組合端 | P20: 抓樣不穩 | Q20: 人員抓樣手感不穩 | R20: 蔥鹽雞肉麵沙拉(114年)
A21: 10 | B21: 114年自製芋頭餡 | C21: 507.58 | D21: 192.16 | E21: 186.82 | F21: 12 | G21: 166.42 | H21: =(E21+F21)/D21 -> 1.0346586 | I21: 1108.36 | J21: 3.05 | K21: =J21/D21 -> 0.01587219 | L21: =((E21+F21)-D21)-J21 -> 3.61 | M21: =L21/D21 -> 0.018786428 | N21: =L21*G21 -> 600.7762 | O21: 組合端 | P21: 抓樣不穩 | Q21: 組合補單退回 | R21: 起司芋見肉鬆三明治
A23: 超用金額前十名半成品
A24: 明細展開 | D24: 生產資訊 | O24: 類別 | P24: 分析原因 (請填寫8大原因) | Q24: 其他原因說明 | R24: 備註-商品名稱
A25: 排序 | B25: 半成品 | D25: 生產端 | J25: 組合端
B26: 名稱 | C26: 超用金額 排序 | D26: 產出量 | J26: 報廢 | M26: 超用
D27: 訂單需求 (kg) | E27: 實際產出 (kg) | F27: 補單 (kg) | G27: 單價 (元) | H27: 實際生產 (對比訂單需求) | I27: 差異 (元) | J27: kg | K27: 占比 | L27: 金額 (元) | M27: kg | N27: 占比
A28: 1 | B28: 電解消毒切段美生菜2-3cm | C28: 5456.12 | D28: 338.48 | E28: 341.2 | F28: 32.88 | G28: 156.74 | H28: =(E28+F28)/D28 -> 1.1051761 | I28: 5579.94 | J28: 0.79 | K28: =J28/D28 -> 0.0023339636 | L28: =J28*G28 -> 123.8246 | M28: =((E28+F28)-D28)-J28 -> 34.81 | N28: =M28/D28 -> 0.10284212 | O28: 組合室 | P28: 抓樣不穩 | Q28: 秤重物料，過多無法剝除 | R28: 共用類
A29: 2 | B29: 雞蛋沙拉(A) | C29: 3770.3 | D29: 195.95 | E29: 217.2 | F29: 0 | G29: 185 | H29: =(E29+F29)/D29 -> 1.108446 | I29: 3931.25 | J29: 0.87 | K29: =J29/D29 -> 0.0044399081 | L29: =J29*G29 -> 160.95 | M29: =((E29+F29)-D29)-J29 -> 20.38 | N29: =M29/D29 -> 0.10400612 | O29: 組合室 | P29: 抓樣不穩 | Q29: 冰杓定量挖取(使用量上會較起伏)，持續上抽測確認人員使用準確度 | R29: 雞蛋沙拉三明治
A30: 3 | B30: 蒸鳳梨碎肉 | C30: 3615.71 | D30: 34.16 | E30: 37.58 | F30: 16 | G30: 194.08 | H30: =(E30+F30)/D30 -> 1.5685012 | I30: 3769.03 | J30: 0.79 | K30: =J30/D30 -> 0.023126464 | L30: =J30*G30 -> 153.3232 | M30: =((E30+F30)-D30)-J30 -> 18.63 | N30: =M30/D30 -> 0.54537471 | O30: 組合室 | P30: 抓樣不穩 | Q30: 人員抓樣，較大塊物料重量大於設定重(組裝兩個) | R30: 莎莎烤雞麵沙拉
A31: 4 | B31: 電解消毒三色高麗菜絲 | C31: 2760.99 | D31: 49.79 | E31: 50.4 | F31: 12 | G31: 235.78 | H31: =(E31+F31)/D31 -> 1.2532637 | I31: 2973.19 | J31: 0.9 | K31: =J31/D31 -> 0.018075919 | L31: =J31*G31 -> 212.202 | M31: =((E31+F31)-D31)-J31 -> 11.71 | N31: =M31/D31 -> 0.23518779 | O31: 組合室 | P31: 抓樣不穩 | Q31: 人員抓樣，絲狀較長抓樣重量差異 | R31: 共用類
A32: 5 | B32: 溏心洋芋沙拉(113.06) | C32: 2654.34 | D32: 318.7 | E32: 318.67 | F32: 25 | G32: 111.2 | H32: =(E32+F32)/D32 -> 1.0783495 | I32: 2776.66 | J32: 1.1 | K32: =J32/D32 -> 0.0034515218 | L32: =J32*G32 -> 122.32 | M32: =((E32+F32)-D32)-J32 -> 23.87 | N32: =M32/D32 -> 0.074898023 | O32: 組合室 | P32: 抓樣不穩 | Q32: 冰杓定量挖取(使用量上會較起伏)，持續上抽測確認人員使用準確度 | R32: 溏心蛋洋芋沙拉
A33: 6 | B33: 油亮後腿肉絲 | C33: 1912.55 | D33: 48.52 | E33: 54.9 | F33: 0 | G33: 342.75 | H33: =(E33+F33)/D33 -> 1.1314922 | I33: 2186.75 | J33: 0.8 | K33: =J33/D33 -> 0.016488046 | L33: =J33*G33 -> 274.2 | M33: =((E33+F33)-D33)-J33 -> 5.58 | N33: =M33/D33 -> 0.11500412 | O33: 組合室 | P33: 抓樣不穩 | Q33: 秤重物料，過多無法剝除 | R33: 二配香拌海鮮醬肉絲蛋炒飯
A34: 7 | B34: 瘋狂奶油起司(113.11) | C34: 1857.77 | D34: 29.04 | E34: 31.553 | F34: 7 | G34: 212.73 | H34: =(E34+F34)/D34 -> 1.3275826 | I34: 2023.7 | J34: 0.78 | K34: =J34/D34 -> 0.026859504 | L34: =J34*G34 -> 165.9294 | M34: =((E34+F34)-D34)-J34 -> 8.733 | N34: =M34/D34 -> 0.30072314 | O34: 組合室 | P34: 抓樣不穩 | Q34: 冰杓定量挖取(使用量上會較起伏)，持續上抽測確認人員使用準確度 | R34: 瘋狂起司三明治(113年)
A35: 8 | B35: 熟化帶皮黃肉地瓜滾刀7-13g | C35: 1838.1 | D35: 110.7 | E35: 112.21 | F35: 13.8 | G35: 110 | H35: =(E35+F35)/D35 -> 1.1383017 | I35: 1903 | J35: 0.89 | K35: =J35/D35 -> 0.0080397471 | L35: =J35*G35 -> 97.9 | M35: =((E35+F35)-D35)-J35 -> 14.42 | N35: =M35/D35 -> 0.13026197 | O35: 原物料 | P35: 原物料規格 | Q35: 原物料特性，重量規格落差太大，導致超用提升 | R35: 共用類
A36: 9 | B36: 電解消毒切段廣東A | C36: 1558.6 | D36: 20.21 | E36: 21.07 | F36: 5.58 | G36: 278.82 | H36: =(E36+F36)/D36 -> 1.3186541 | I36: 1795.6 | J36: 0.85 | K36: =J36/D36 -> 0.042058387 | L36: =J36*G36 -> 236.997 | M36: =((E36+F36)-D36)-J36 -> 5.59 | N36: =M36/D36 -> 0.27659574 | O36: 組合室 | P36: 抓樣不穩 | Q36: 原物料特性，梗葉比例重量差異，抓樣不穩 | R36: 共用類
A37: 10 | B37: 炒肉鬆餡料(113.03) | C37: 1434.7 | D37: 54.36 | E37: 54.97 | F37: 6.3 | G37: 230.66 | H37: =(E37+F37)/D37 -> 1.1271155 | I37: 1593.86 | J37: 0.69 | K37: =J37/D37 -> 0.012693157 | L37: =J37*G37 -> 159.1554 | M37: =((E37+F37)-D37)-J37 -> 6.22 | N37: =M37/D37 -> 0.11442237 | O37: 組合室 | P37: 抓樣不穩 | Q37: 冰杓定量挖取(使用量上會較起伏)，持續上抽測確認人員使用準確度 | R37: 共用類
A39: 共用類報廢金額前十名半成品
A40: 明細展開
A41: 排序 | B41: 半成品
B42: 名稱 | C42: 報廢金額 排序 | D42: 共用類總金額 占比
A44: 1 | B44: 日式烤洋蔥絲(114年) | C44: 1112.78 | D44: =C44/$L$5 -> 0.24622023
A45: 2 | B45: 肯瓊醬(114.04) | C45: 653.18 | D45: =C45/$L$5 -> 0.14452644
A46: 3 | B46: 電解消毒蔥花 | C46: 641.84 | D46: =C46/$L$5 -> 0.14201728
A47: 4 | B47: (V)電解消毒小黃瓜絲 | C47: 313.38 | D47: =C47/$L$5 -> 0.069340296
A48: 5 | B48: 電解消毒雙色高麗菜絲(7:3) | C48: 298.35 | D48: =C48/$L$5 -> 0.06601467
A49: 6 | B49: (V)電解消毒紫高麗菜絲 | C49: 238.64 | D49: =C49/$L$5 -> 0.052802885
A50: 7 | B50: 電解消毒切段廣東A | C50: 237 | D50: =C50/$L$5 -> 0.052440009
A51: 8 | B51: 電解消毒三色高麗菜絲 | C51: 212.2 | D51: =C51/$L$5 -> 0.046952616
A52: 9 | B52: 胡麻沙拉醬(114.07) | C52: 183.47 | D52: =C52/$L$5 -> 0.040595648
A53: 10 | B53: 炒肉鬆餡料(113.03) | C53: 159.16 | D53: =C53/$L$5 -> 0.035216675
A54: ※炊飯類不納入半成品廢棄計算
A56: ※淺黃色為工廠自填項目

Sheet 0811分析標準表 
A1: 新豐廠半成品管理分析
A2: 日期 | C2: 營業額 | D2: 報廢展開 | F2: 超用展開 | H2: 報廢展開 | J2: 超用展開 | L2: 報廢展開
A3: 45880 | C3: 5944516 | D3: 總報廢 | F3: 總超用 | H3: 報廢-前10名 | J3: 超用-前10名 | L3: 共用類-總報廢
D4: 金額 | E4: 占比(營業額) | F4: 金額 | G4: 占比(營業額) | H4: 金額 | I4: 占比(總報廢) | J4: 金額 | K4: 占比(總超用) | L4: 金額 | M4: 占比(總報廢)
A5: 年度KPI目標0.25% | D5: 14564.22 | E5: =D5/C3 -> 0.0024500262 | F5: 50823.56 | G5: =F5/C3 -> 0.0085496548 | H5: =SUM(C12:C21) -> 5918.32 | I5: =H5/D5 -> 0.40636024 | J5: =SUM(C28:C37) -> 32770.51 | K5: =J5/F5 -> 0.64478974 | L5: 5762.81 | M5: =L5/D5 -> 0.39568271
A7: 報廢金額前十名半成品
A8: 明細展開 | D8: 生產資訊 | O8: 類別 | P8: 分析原因 | Q8: 備註-商品名稱
A9: 排序 | B9: 半成品 | D9: 生產端 | J9: 組合端
B10: 名稱 | C10: 報廢金額 排序 | D10: 產出量 | J10: 報廢 | L10: 超用
D11: 訂單需求 (kg) | E11: 實際產出 (kg) | F11: 補單 (kg) | G11: 單價 (元) | H11: 實際生產 (對比訂單需求) | I11: 差異 (元) | J11: kg | K11: 占比 | L11: kg | M11: 占比 | N11: 金額 (元)
A12: 1 | B12: 蒸鼎泰豐香辣醬 | C12: 1012.86 | D12: 23.56 | E12: 21.09 | F12: 4.7 | G12: 1012.86 | H12: =(E12+F12)/D12 -> 1.094652 | I12: 2258.68 | J12: 1 | K12: =J12/D12 -> 0.042444822 | L12: =((E12+F12)-D12)-J12 -> 1.23 | M12: =L12/D12 -> 0.052207131 | N12: =L12*G12 -> 1245.8178 | O12: 調理端 | P12: 調理多產預留超用量 | Q12: 二配香辣醬蒜味香腸蛋炒飯
A13: 2 | B13: 電解消毒十字切美生菜 | C13: 941.95 | D13: 226.02 | E13: 211.77 | F13: 28.3 | G13: 156.73 | H13: =(E13+F13)/D13 -> 1.0621626 | I13: 2202.06 | J13: 6.01 | K13: =J13/D13 -> 0.026590567 | L13: =((E13+F13)-D13)-J13 -> 8.04 | M13: =L13/D13 -> 0.035572073 | N13: =L13*G13 -> 1260.1092 | O13: 原物料 | P13: 原物料特性，梗葉比例重量差異大 | Q13: 共用類
A14: 3 | B14: 電解消毒切段廣東A | C14: 842.04 | D14: 21.64 | E14: 23.83 | F14: 4.2 | G14: 278.82 | H14: =(E14+F14)/D14 -> 1.2952865 | I14: 1781.66 | J14: 3.02 | K14: =J14/D14 -> 0.13955638 | L14: =((E14+F14)-D14)-J14 -> 3.37 | M14: =L14/D14 -> 0.15573013 | N14: =L14*G14 -> 939.6234 | O14: 原物料 | P14: 原物料特性，梗葉比例重量差異大 | Q14: 共用類
A15: 4 | B15: 電解消毒雙色高麗菜絲(7:3) | C15: 549.12 | D15: 235.31 | E15: 246.34 | F15: 10.25 | G15: 99.12 | H15: =(E15+F15)/D15 -> 1.0904339 | I15: 2109.27 | J15: 5.54 | K15: =J15/D15 -> 0.023543411 | L15: =((E15+F15)-D15)-J15 -> 15.74 | M15: =L15/D15 -> 0.066890485 | N15: =L15*G15 -> 1560.1488 | O15: 組合端 | P15: 人員抓樣手感不穩 | Q15: 共用類
A16: 5 | B16: 煮咖哩紅蘿蔔丁(112年) | C16: 535.94 | D16: 53.75 | E16: 68.95 | F16: 0 | G16: 74.23 | H16: =(E16+F16)/D16 -> 1.2827907 | I16: 1128.3 | J16: 7.22 | K16: =J16/D16 -> 0.13432558 | L16: =((E16+F16)-D16)-J16 -> 7.98 | M16: =L16/D16 -> 0.14846512 | N16: =L16*G16 -> 592.3554 | O16: 原物料 | P16: 原物料製程未過篩，調理製程後較細碎 | Q16: 二配金咖哩果香甘口咖哩飯
A17: 6 | B17: 電解消毒混合蔥鹽蔬菜絲 | C17: 473.58 | D17: 49.32 | E17: 48.91 | F17: 8.54 | G17: 118.99 | H17: =(E17+F17)/D17 -> 1.1648418 | I17: 967.39 | J17: 3.98 | K17: =J17/D17 -> 0.080697486 | L17: =((E17+F17)-D17)-J17 -> 4.15 | M17: =L17/D17 -> 0.084144363 | N17: =L17*G17 -> 493.8085 | O17: 組合端 | P17: 人員抓樣手感不穩 | Q17: 蔥鹽雞肉麵沙拉(114年)
A18: 7 | B18: 調製地瓜泥 | C18: 463.77 | D18: 140.6 | E18: 147.31 | F18: 0 | G18: 138.44 | H18: =(E18+F18)/D18 -> 1.047724 | I18: 928.93 | J18: 3.35 | K18: =J18/D18 -> 0.023826458 | L18: =((E18+F18)-D18)-J18 -> 3.36 | M18: =L18/D18 -> 0.023897582 | N18: =L18*G18 -> 465.1584 | O18: 調理端 | P18: 調理多產預留超用量 | Q18: 共用類
A19: 8 | B19: 川燙切片青江菜(VN-151) | C19: 396.75 | D19: 20.96 | E19: 26.38 | F19: 0 | G19: 148.04 | H19: =(E19+F19)/D19 -> 1.2585878 | I19: 802.38 | J19: 2.68 | K19: =J19/D19 -> 0.1278626 | L19: =((E19+F19)-D19)-J19 -> 2.74 | M19: =L19/D19 -> 0.13072519 | N19: =L19*G19 -> 405.6296 | O19: 調理端 | P19: 調理後持續出水導致殘水率高 | Q19: 二配港式香滑嫩蛋牛肉燴飯
A20: 9 | B20: 炒辛口紅蘿蔔丁(112年) | C20: 358.6 | D20: 65.45 | E20: 73.43 | F20: 0 | G20: 90.1 | H20: =(E20+F20)/D20 -> 1.1219251 | I20: 719 | J20: 3.98 | K20: =J20/D20 -> 0.060809778 | L20: =((E20+F20)-D20)-J20 -> 4 | M20: =L20/D20 -> 0.061115355 | N20: =L20*G20 -> 360.4 | O20: 原物料 | P20: 原物料製程未過篩，調理製程後較細碎 | Q20: 二配金咖哩濃厚辛辣咖哩飯
A21: 10 | B21: (V)炒冬瓜 | C21: 343.71 | D21: 15.29 | E21: 19.85 | F21: 0 | G21: 160.61 | H21: =(E21+F21)/D21 -> 1.2982341 | I21: 732.38 | J21: 2.14 | K21: =J21/D21 -> 0.13996076 | L21: =((E21+F21)-D21)-J21 -> 2.42 | M21: =L21/D21 -> 0.15827338 | N21: =L21*G21 -> 388.6762 | O21: 原物料 | P21: 原物料特性，調理製程後較細碎 | Q21: 紅燒纖牛若風味燴飯
A23: 超用金額前十名半成品
A24: 明細展開 | D24: 生產資訊 | O24: 類別 | P24: 分析原因 | Q24: 備註-商品名稱
A25: 排序 | B25: 半成品 | D25: 生產端 | J25: 組合端
B26: 名稱 | C26: 超用金額 排序 | D26: 產出量 | J26: 報廢 | M26: 超用
D27: 訂單需求 (kg) | E27: 實際產出 (kg) | F27: 補單 (kg) | G27: 單價 (元) | H27: 實際生產 (對比訂單需求) | I27: 差異 (元) | J27: kg | K27: 占比 | L27: 金額 (元) | M27: kg | N27: 占比
A28: 1 | B28: 溏心洋芋沙拉(113.06) | C28: 4218.93 | D28: 338.4 | E28: 356.43 | F28: 23 | G28: 111.2 | H28: =(E28+F28)/D28 -> 1.121247 | I28: 4562.54 | J28: 3.09 | K28: =J28/D28 -> 0.0091312057 | L28: =J28*G28 -> 343.608 | M28: =((E28+F28)-D28)-J28 -> 37.94 | N28: =M28/D28 -> 0.11211584 | O28: 組合室 | P28: 冰杓定量挖取(使用量上會較起伏)，持續上抽測確認人員使用準確度 | Q28: 溏心蛋洋芋沙拉
A29: 2 | B29: 果香甘口咖哩腿丁 | C29: 4171.27 | D29: 92.57 | E29: 96.88 | F29: 9.3 | G29: 331.58 | H29: =(E29+F29)/D29 -> 1.1470239 | I29: 4512.8 | J29: 1.03 | K29: =J29/D29 -> 0.011126715 | L29: =J29*G29 -> 341.5274 | M29: =((E29+F29)-D29)-J29 -> 12.58 | N29: =M29/D29 -> 0.13589716 | O29: 組合室 | P29: 秤重物料，過多無法剝除 | Q29: 二配金咖哩果香甘口咖哩飯
A30: 3 | B30: 電解消毒三色高麗菜絲 | C30: 4069.56 | D30: 54.09 | E30: 60.8 | F30: 12 | G30: 235.78 | H30: =(E30+F30)/D30 -> 1.345905 | I30: 4411.44 | J30: 1.45 | K30: =J30/D30 -> 0.026807173 | L30: =J30*G30 -> 341.881 | M30: =((E30+F30)-D30)-J30 -> 17.26 | N30: =M30/D30 -> 0.3190978 | O30: 組合室 | P30: 人員抓樣，絲狀較長抓樣重量差異 | Q30: 共用類
A31: 4 | B31: 油亮蒜味香腸片 | C31: 3972.64 | D31: 79.25 | E31: 85.4 | F31: 7.4 | G31: 318.32 | H31: =(E31+F31)/D31 -> 1.1709779 | I31: 4313.24 | J31: 1.07 | K31: =J31/D31 -> 0.013501577 | L31: =J31*G31 -> 340.6024 | M31: =((E31+F31)-D31)-J31 -> 12.48 | N31: =M31/D31 -> 0.15747634 | O31: 組合室 | P31: 秤重物料，過多無法剝除 | Q31: 二配香辣醬蒜味香腸蛋炒飯
A32: 5 | B32: 青檸沙拉醬(113.03) | C32: 3348.07 | D32: 147.91 | E32: 158.18 | F32: 18.7 | G32: 127.4 | H32: =(E32+F32)/D32 -> 1.1958623 | I32: 3690.78 | J32: 2.69 | K32: =J32/D32 -> 0.018186735 | L32: =J32*G32 -> 342.706 | M32: =((E32+F32)-D32)-J32 -> 26.28 | N32: =M32/D32 -> 0.17767561 | O32: 組合室 | P32: 冰杓定量挖取(使用量上會較起伏)，持續上抽測確認人員使用準確度 | Q32: 共用類
A33: 6 | B33: 電解消毒牛蕃茄切片 | C33: 3329.21 | D33: 36.06 | E33: 48.52 | F33: 0 | G33: 294.62 | H33: =(E33+F33)/D33 -> 1.3455352 | I33: 3670.97 | J33: 1.16 | K33: =J33/D33 -> 0.032168608 | L33: =J33*G33 -> 341.7592 | M33: =((E33+F33)-D33)-J33 -> 11.3 | N33: =M33/D33 -> 0.31336661 | O33: 原物料 | P33: 原物料特性大小差異，加上產地情報導致用量上差異更大 | Q33: 共用類
A34: 7 | B34: 水果莎莎醬(114.06) | C34: 2861.5 | D34: 144.32 | E34: 152.76 | F34: 10.8 | G34: 166.56 | H34: =(E34+F34)/D34 -> 1.1333149 | I34: 3204.61 | J34: 2.06 | K34: =J34/D34 -> 0.014273836 | L34: =J34*G34 -> 343.1136 | M34: =((E34+F34)-D34)-J34 -> 17.18 | N34: =M34/D34 -> 0.11904102 | O34: 組合室 | P34: 冰杓定量挖取(使用量上會較起伏)，持續上抽測確認人員使用準確度 | Q34: 莎莎烤雞麵沙拉
A35: 8 | B35: 油亮後腿肉絲 | C35: 2776.28 | D35: 47.56 | E35: 53.76 | F35: 2.9 | G35: 342.75 | H35: =(E35+F35)/D35 -> 1.1913373 | I35: 3119.03 | J35: 1 | K35: =J35/D35 -> 0.021026072 | L35: =J35*G35 -> 342.75 | M35: =((E35+F35)-D35)-J35 -> 8.1 | N35: =M35/D35 -> 0.17031119 | O35: 組合室 | P35: 秤重物料，過多無法剝除 | Q35: 二配香拌海鮮醬肉絲蛋炒飯
A36: 9 | B36: 熟化帶皮黃肉地瓜滾刀7-13g | C36: 2462.9 | D36: 120.51 | E36: 132.52 | F36: 13.5 | G36: 110 | H36: =(E36+F36)/D36 -> 1.2116837 | I36: 2806.1 | J36: 3.12 | K36: =J36/D36 -> 0.025889968 | L36: =J36*G36 -> 343.2 | M36: =((E36+F36)-D36)-J36 -> 22.39 | N36: =M36/D36 -> 0.18579371 | O36: 原物料 | P36: 原物料特性大小差異，導致使用上重量差異 | Q36: 共用類
A37: 10 | B37: 電解消毒雙色高麗菜絲(7:3) | C37: 1560.15 | D37: 235.31 | E37: 246.34 | F37: 10.25 | G37: 99.12 | H37: =(E37+F37)/D37 -> 1.0904339 | I37: 2109.27 | J37: 5.54 | K37: =J37/D37 -> 0.023543411 | L37: =J37*G37 -> 549.1248 | M37: =((E37+F37)-D37)-J37 -> 15.74 | N37: =M37/D37 -> 0.066890485 | O37: 組合室 | P37: 人員抓樣，絲狀較長抓樣重量差異 | Q37: 共用類
A39: 共用類報廢金額前十名半成品
A40: 明細展開
A41: 排序 | B41: 半成品
B42: 名稱 | C42: 報廢金額 排序 | D42: 共用類總金額 占比
A44: 1 | B44: 電解消毒十字切美生菜 | C44: 941.95 | D44: =C44/$L$5 -> 0.16345325
A45: 2 | B45: 電解消毒切段廣東A | C45: 842.04 | D45: =C45/$L$5 -> 0.14611622
A46: 3 | B46: 電解消毒雙色高麗菜絲(7:3) | C46: 549.12 | D46: =C46/$L$5 -> 0.095286848
A47: 4 | B47: 調製地瓜泥 | C47: 463.77 | D47: =C47/$L$5 -> 0.080476365
A48: 5 | B48: 熟化帶皮黃肉地瓜滾刀7-13g | C48: 343.2 | D48: =C48/$L$5 -> 0.05955428
A49: 6 | B49: (V)電解消毒細切紅蘿蔔絲 | C49: 342.89 | D49: =C49/$L$5 -> 0.059500487
A50: 7 | B50: 青檸沙拉醬(113.03) | C50: 342.71 | D50: =C50/$L$5 -> 0.059469252
A51: 8 | B51: 電解消毒三色高麗菜絲 | C51: 341.88 | D51: =C51/$L$5 -> 0.059325225
A52: 9 | B52: 電解消毒美生菜(三明治用) | C52: 341.88 | D52: =C52/$L$5 -> 0.059325225
A53: 10 | B53: 電解消毒牛蕃茄切片 | C53: 341.76 | D53: =C53/$L$5 -> 0.059304402
A54: ※炊飯類不納入半成品廢棄計算
A56: ※淺黃色為工廠自填項目

Sheet 0810分析標準表 
A1: 新豐廠半成品管理分析
A2: 日期 | C2: 營業額 | D2: 報廢展開 | F2: 超用展開 | H2: 報廢展開 | J2: 超用展開 | L2: 報廢展開
A3: 45879 | C3: 6020434.1 | D3: 總報廢 | F3: 總超用 | H3: 報廢-前10名 | J3: 超用-前10名 | L3: 共用類-總報廢
D4: 金額 | E4: 占比(營業額) | F4: 金額 | G4: 占比(營業額) | H4: 金額 | I4: 占比(總報廢) | J4: 金額 | K4: 占比(總超用) | L4: 金額 | M4: 占比(總報廢)
A5: 年度KPI目標0.25% | D5: 14686.58 | E5: =D5/C3 -> 0.0024394553 | F5: 51535.8 | G5: =F5/C3 -> 0.0085601469 | H5: =SUM(C12:C21) -> 5452.34 | I5: =H5/D5 -> 0.3712464 | J5: =SUM(C28:C37) -> 30066.08 | K5: =J5/F5 -> 0.58340183 | L5: 6411.28 | M5: =L5/D5 -> 0.43654002
A7: 報廢金額前十名半成品
